row,title,participants,prosecution,sen_number,narrative
1,Use of Force,"ERO San Antonio, Karmes County Immigration Processing Center (KCIPC), ICE Health Service Corps (IHSC)","Undetermined, pending investigation",2024SIR0004128,"On January 2, 2024, ERO San Antonio reported the use of force on a Dominican national detainee, while housed at the KCIPC in Karnes City, Texas. On January 1, 2024, the detainee failed to comply with KCIPC staff orders in the dining facility. The detainee pulled out a comb that was modified as a weapon. KCIPC staff ordered the detainee to drop the comb, to which he refused. aati nt Brabbed the detaine's arms, guided him to the ground, gained compliance, and applied restraints KCIPC staff escorted the detainee to the medical unit for examination where he was cleared."
2,Use of Force,"ERO Houston, ICE Health Service Corps (IHSC), Montgomery Processing Center (MPC)","Undetermined, pending investigation",2024SIR0004222,"On January 4, 2024, ERO Houston reported the use of oleoresin capsicum (OC) on a Honduran national detainee while housed at the MPC in Conroe, Texas. On the same date, the detainee refused MPC staff orders and placed a washer in his mouth while in the Restricted Housing Unit. MPC staff deployed a one second burst of OC through the food tray slot located on the cell door to gain compliance. The detainee responded by swallowing the washer. MPC staff entered the cell and restrained the detainee. MPC staff escorted the detainee into another cell, provided him with a change of clothes, and instruction on how to decontaminate. IHSC evaluated the detainee and cleared him of any visible injuries. IHSC ordered the detainee to be transported to a local hospital in Conroe, Texas, for further assessment."
3,Use of Force,"ERO San Antonio, ICE Health Service Corps (IHSC), South Texas ICE Processing Center (STIPC)","Undetermined, pending investigation",2024SIR0004191,"On January 4, 2024, ERO San Antonio reported the use of force on an Ecuadorian national detainee, a Honduran national detainee and a Venezuelan national detainee while housed at the STIPC in Pearsall, Texas. On January 1, 2024, the Ecuadorian national detainee ensued a verbal altercation with the STIPC staff. During the altercation, STIPC staff responded with an immediate use of force, by take down, due to the detainee refusing to comply with verbal commands. During the use of force,  a Honduran national detainee and Ecuadorian national detainee attempted to interfere with the use of force, resulting in the deployment of chemical agents by STIPC staff to gain compliance. STIPC staff escorted the three detainees to the intake department for decontamination. HISC conducted medical examination of the detainees with no injuries reported."
4,Use of Force,"ERO Seattle, Northwest ICE Processing Center (NWPIC), ICE Health Service Corps (IHSC)","Undetermined, pending investigation",2024SIR0004224,"On January 4, 2024, ERO Seattle reported the immediate use of force on a Moldovan national detainee housed at the NWIPC in Tacoma, Washington. On January 3, 2024, the detainee physically resisted and NWIPC staff placed the detainee on the ground to gain control. NWIPC staff placed the detainee into the unit without further incident. THSC staff medically cleared the detainee. ERO leadership and The Joint Intake Center were notified."
5,Use of Force,"ERO Phoenix, ICE Health Service Corps (IHSC), Eloy Detention Center (EDC)","Undetermined, pending investigation",2024SIR0004281,"On January 6, 2024, ERO Phoenix reported the use of oleoresin capsicum (OC) spray on a Senegalese national detainee while housed at the EDC in Eloy, Arizona. On January 5, 2024, the detainee refused to comply with verbal commands by EDC contract staff to stop punching and kicking his cell door. The EDC staff deployed a short burst of OC spray into the detainee's cell to gain compliance. The detainee was extracted and escorted to the shower area for decontamination. THSC staff evaluated the detainee, reported no injuries, and released him to return to housing. The detainee was placed in administrative segregation pending a disciplinary hearing. ERO Leadership and the Joint Intake Center were notified."
6,Use of Force,"ERO Seattle, Northwest ICE Processing Center (NWPIC), ICE Health Service Corps (IHSC)","Undetermined, pending investigation",2024SIR000434,"On January 8, 2024, ERO Seattle reported the immediate use of force on a Micronesian national detainee housed at the NWIPC in Tacoma, Washington. On the same date, the detainee failed to comply with directives to submit to restraints. NWIPC contract officers took the detainee to the ground to gain control. IHSC staff confirmed that restraints were applied properly, and no further injuries were reported. ERO leadership and the Joint Intake Center were notified."
7,Use of Force,"ERO Miami, ICE Health Service Corps (IHSC), Krome Service Processing Center (KSPC)","Undetermined, pending investigation",2024SIR0004366,"On January 9, 2024, ERO Miami reported the use of oleoresin capsicum (OC) on a Haitian national detainee and a Mexican national detainee while housed at the KSPC in Miami, Florida. On January 8, 2024, one detainee physically attacked another detainee without provocation. KSPC staff attempted to gain control and secure the subject detainee, to no avail. KSPC staff deployed OC spray to gain control of the situation, but the subject continued physically resisting, resulting in KSPC staff redirecting the detainee to the ground where they were able to secure him in hand restraints Once restrained, all use of force ceased. KSPC staff took both detainees to decontamination and IHSC conducted 4 post use of force clearance. There were _ no injuries reported from the use of force. ERO Leadership was notified."
8,Use of Force,"ERO New Orleans, Jackson Parish Correctional Center (JPCC)","Undetermined, pending investigation",2024SIR0004392,"On January 9, 2024, ERO New Orleans reported the use of force and oleoresin capsicum (OC) spray on three Venezuelan national detainees while at the IPCC in Jonesboro, Louisiana. On the same date. one the detainees created a disturbance at the JPCC, and officers attempted to deescalate the situation by removing the detainee from his dorm. While officers attempted to move the detainee, two other detainees attempted to interfere. An ERO officer used an open palm to strike the detainee and push the detainee back. The detainee then struck an officer in the face with a closed fist. JPCC staff deployed two separate OC spray bursts to gain control of the situation. The detainees were decontaminated for exposure to OC spray. The detainees were escorted to the medical evaluation unit where one detainee complained of pain in his finger The officer who was struck in the face reported no major injuries as the result of the incident. ERO Leadership and the Joint Intake Center were notified."
9,Use of Force,"ERO San Antonio, South Texas ICE Processing Center (STIPC), ICE Health Service Corps (IHSC)","Undetermined, pending investigation",2024SIR0004444,"On January 10, 2024, ERO San Antonio reported the use of force on a Nicaraguan national detainee housed at STIPC in Pearsall, Texas. On the same date, the subject reportedly refused to comply with verbal commands while getting into a verbal _ altercation with another ICE detainee, STIPC staff responded with an immediate use of force, by takedown, and was able to gain compliance of the subject. IHSC conducted a medical examination of the detainee, and no injuries were sustained. A _ STIPC staff reported an injury to the right arm. The detainee was placed in segregated management unit."
10,Use of Force,"ERO Boston, Wyatt Detention Center (WDC)","Undetermined, pending investigation",2024SIR0004536,"On January 12, 2024, ERO Boston reported the use of force on a Haitian national detainee housed at the WDF in Central Falls, Rhode Island. On January 11, 2024, WDF staff attempted to give verbal commands to obtain compliance, which was unsuccessful. WDF staff took the detainee to the ground after the detainee became aggressive after being asked to return to receiving and discharge following suicide intentions. WDF staff placed the detainee into a wheelchair and escorted him to the Health Service Unit. The detainee continued to be disruptive and refused the WDF staff order to remain lying down. The detainee was place in medical for observation there were no injuries reported."
11,Use of Force,"ERO Harlingen, ERO Laredo, Rio Grande Processing Center (RGPC)","Undetermined, pending investigation",2024SIR0004569/ 2024SIR0004541,"On January 12, 2024, ERO Laredo reported the use of oleoresin capsicum (OC), on a Mexican national detainee housed at RGPC in Laredo, Texas. On January 11, 2024, the detainee became non-compliant, combative, and assaultive towards RGPC security and medical staff after refusing to comply with multiple orders. RGPC security staff used a three second burst of OC and the minimal amount of physical force necessary to gain control of the detainee. RGPC security staff escorted the detainee to the RGPC segregation housing unit to initiate OC decontamination procedures and for post use of force medical evaluations and clearance. The RGPC medical department evaluated the detainee. and no injuries were noted. On January 12, 2024, the detainee again became non-compliant, combative, and assaultive towards RGPC security and medical staff after refusing to comply with multiple orders. RGPC security staff used reasonable and necessary force to try and restrain the detainee, to no avail. The detainee threated bodily harm: at which time a burst of OC was utilized. The detainee then complied with RGPC security staff orders. RGPC security staff initiate OC decontamination procedures and post use of force medical evaluations and clearance. RGPC medical department evaluated the detainee to which no injuries were noted,"
12,Use of Force,"ERO Philadelphia, Moshannon Valley Processing Center (MVPC)","Undetermined, pending investigation",2024SIR0004582,"On January 12, 2024, ERO Philadelphia reported the use of force on a Guatemalan national detainee while housed at the MVPC in Philipsburg, Pennsylvania. On same day, the subject was in the dining hall when approached by MVPC staff for not being within the guidelines of the proper dress code. MVPC staff directed the detainee to return to his dormitory, he resisted, ae et tne round, and secured with handcuffs to gain compliance. MVPC staff brought the detainee te his fret ead escorted him from the dining hall. MVPC medical staff conducted a medical assessment of the detainee, and no injuries were noted. ERO leadership and the Joint Intake Center were notified."
13,Use of Force,"ERO Atlanta, Stewart Detention Center (SDC)","Undetermined, pending investigation",2024SIR0004607,"On January 13, 2024, ERO Atlanta reported the use of oleoresin capsicum (OC) on a Honduran national detainee while housed at the SDC in Lumpkin, Georgia. On January 12, 2024, SDC medical staff placed an order to move the detainee to a padded cell after he was observed hitting his head against the cell wall. The detainee was instructed to turn around and submit to hand restraints. The detainee refused to obey all directives. An SDC staff supervisor administered one, two second burst of OC spray into the detainee's cell. SDC staff was able to restrain the detainee and he was escorted to the shower for decontamination. The detainee was escorted to the padded cell, medically evaluated, and medically cleared. ERO leadership was notified."
14,Use of Force,"ERO Harlingen, Rio Grande Processing Center (RGPC)","Undetermined, pending investigation",2024SIR0004621,"On January 14, 2024, ERO Harlingen reported the use of force on a Mexican national detainee while housed at the RGPC in Laredo, Texas. On January 13, 2024, the detainee became non-compliant towards RGPC security staff, after he refused to comply with multiple orders and covered the shower door with his suicide gown. RGPC staff deployed a five-man team to enter the cell and used reasonable force to restrain the detainee. The detainee complied with RGPC staff orders, and he was escorted outside the cell. RGPC medical staff were on-site and evaluated the detainee and no injuries were reported."
15,Use of Force,"ERO Harlingen, ERO Laredo, Rio Grande Processing Center (RGPC)","Undetermined, pending investigation",2024SIR0004630,"On January 15, 2024, ERO Harlingen reported the use of oleoresin capsicum (OC) spray on a Mexican national detainee housed at the RGPC in Laredo, Texas. On the same date, the detainee became non-compliant and combative towards medical and RGPC staff after refusing to comply with multiple orders. RGPC staff deployed a three second burst of OC spray and gained control of the detainee. The detainee was removed for decontamination and examined by RGPC medical staff. No injuries to detainee or RGPC staff were reported."
16,Use of Force,"ERO San Diego, Otay Mesa Detention Center (OMDC)","Undetermined, pending investigation",2024SIR0004679,"On January 16, 2024, ERO San Diego reported the use of oleoresin capsicum (OC) spray on a Spanish national detainee while housed at the OMDC in San Diego, California, On January 15, 2024, an unidentified detainee informed OMDC staff of a detainee standing on the top tier in his housing unit attempting to jump. OMDC staff responded and gave the detainee verbal commands to get down. Another unidentified detainee grabbed the detainee by the waist and walked him into a dorm room. Once inside, OMDC staff gave the detainee comunands for him to get down on the ground. OMDC staff deployed a | two second burst of OC spray to gain compliance. OMDC staff gained compliance and placed the detainee in hand restraints. OMDC staff escorted the detainee to the medical for decontamination. OMDC medical staff determined that this incident was not a suicide attempt, however, OMDC placed the detainee under one-on-one observation as a precaution, OMDC staff placed the detainee under a suicide watch without further incident. ERO leadership and the Joint Intake Center were notified."
17,Use of Force,"ERO San Antonio, ICE Health Service Corps (IHSC), South Texas ICE Processing Center (STIPC)","Undetermined, pending investigation",2024SIR0004706,"On January 17, 2024, ERO San Antonio reported the use of oleoresin capsicum (OC) spray on a South African national detainee while housed at the STIPC in Pearsall, Texas. On January 16, 2024, the detainee was found in a cell with a razor blade and threatening self-harm, refused to submit to hand restraints to be relocated and assessed by medical staff. STIPC staff deployed OC spray into the detainee's cell, the detainee relinquished the razor blade and STIPC staff subdued the detainee with hand and leg restraints. STIPC staff escorted the detainee on a gurney to the medical isolation unit for decontamination, where the detainee refused an initial medical staff assessment. IHSC medical staff evaluated the detainee, conducted a use of force exam and noted minor injuries. STIPC staff relocated the detainee to a cell, removed all restraints and placed the detainee in suicide observation. ERO Leadership was notified."
18,Use of Force,"ERO San Antonio, ICE Health Service Corps (IHSC), T. Don Hutto Detention Center (TDHDC)","Undetermined, pending investigation",2024SIR0004687,"On January 17, 2024, ERO San Antonio reported the use of Oleoresin Capsicum (OC) spray on two Salvadoran national detainees while housed at the TDHDC in Taylor, Texas. On January 16, 2024, the detainees ignored TDHDC staffs orders to move away from a door, used vulgar language and made verbal threats toward TDHDC staff. TDHDC staff attempted to close the door, however a detainee blocked it with his foot, while the other detainee yelled to the other detainees to help block the door and force it to remain open. TDHDC statf deployed OC spray to gain compliance. The detainees complied and all use of force ceased. IHSC medical staff assessed the detainees for injuries and reported no injuries. ERO leadership was notified."
19,Use of Force,"ERO San Antonio, ICE Health Service Corps (IHSC), South Texas ICE Processing Center (STIPC)","Undetermined, pending investigation",2024SIR0004703,"On January 17, 2024, ERO San Antonio reported the use of oleoresin capsicum (OC) spray on a South African national detainee while housed at the STIPC in Pearsall, Texas. On January 16, 2024, the detainee refused to submit to hand restraints to be relocated for threatening staff. The detainee had a pen in his possession and threatened to use is as a weapon towards staff members. STIPC staff deployed OC spray into the detainee's cell, followed by a five-man team entering the cell and placing the detainee on the ground, and secured the detainee with hand and leg restraints. STIPC staff escorted the detainee in a wheelchair to the shower area for decontamination. IHSC medical staff evaluated the detainee, conducted a use of force exam and noted no injuries. STIPC staff relocated the detainee to a cell and removed all restraints. ERO Leadership was notified."
20,Use of Force,"ERO San Diego, Otay Mesa Detention Center (OMDC)","Undetermined, pending investigation",2024SIR0004695,"ON January 17, 2024, ERO San Diego reported the use of oleoresin capsicum (OC) spray on a Yemeni national detainee while housed at the OMDC in San Diego, California. On January 16, 2024, the detainee, while standing on the top tier in his housing unit, was attempting to secure torn clothing around his neck and the railing. OMDC staff responded and gave the detainee verbal commands step away from the railing and disengage his attempt. The detainee continued to secure the clothing to the railing and OMDC staff deployed a two second burst of OC Spray to gain compliance. OMDC staff gained compliance and placed the detainee in hand restraints. OMDC staff escorted the detainee to the medical for decontamination. OMDC medical staff determined that this incident was hot a suicide attempt at this time but self-harm behavior. The detainee claimed he ingested 10 bars of soap prior to the incident. OMDC staff had the detainee transported to Paradise Valley Hospital in National City, California for evaluation. ERO leadership and the Joint Intake Center were notified."
21,Use of Force,"ERO Houston, Montgomery Processing Center (MPC), ICE Health Service Corps (IHSC)","Undetermined, pending investigation",2024SIR0004747,"On January 18, 2024, ERO Houston reported the use of oleoresin capsicum (OC) on a Mexican national detainee housed at MPC in Conroe, Texas. On January 17, 2024. the subject blocked the windows from his cell and refused to comply with instructions to remove the obstruction. The MPC extraction team responded and entered the cell. restrained the subject, and removed the obstruction. When the MPC team removed the restraints, the subject refused to follow commands and remove his arm from the tray slot. MCP team then deployed OC to gain compliance from the detainee. MPC staff escorted the detainee _ to medical for decontamination, and the medical staff determined he did not sustain any injuries."
22,Use of Force,"ERO San Antonio, ICE Health Service Corps (IHSC), South Texas ICE Processing Center (STIPC)","Undetermined, pending investigation",2024SIR0004772,"On January 18, 2024, ERO San Antonio reported the use of force, oleoresin capsicum (OC) spray, on an Ecuadorian national detainee housed at the STIPC in Pearsall, Texas. On January 17, 2024, the detainee refused to comply with verbal commands for STIPC staff to apply hand restraints. STIPC staff deployed OC spray to gain compliance. The detainee was removed from the room, placed in hand restraints, and escorted to intake area showers for decontamination, The detainee was examined by THSC staff and noted no injuries. No injuries were reported by STIPC staff"
23,Use of Force,"ERO Dallas, Dallas Emergency Medical Services (EMS)","Undetermined, pending investigation",2024SIR0004830,"On January 20, 2024, ERO Dallas reported the use of force on a Mexican national after he resisted his arrest. On January 19, 2024, ERO Deportation Officers (DO) identified themselves to the subject upon approach. The subject verbally confirmed his identity. ERO DOs ordered him out of his vehicle and placed him under arrest. The subject refused to obey commands and actively and verbally resisted as ERO officers tried to place him in restraints. DOs physically removed the subject from the vehicle when the subject struck one of the DOs in the chest. Two ERO DOs and the subject went to the ground while attempting to gain control of the subject. ERO DOs gained control and secured the subject with wrist restraints. The subject complained of a sore knee. ERO DOs notified Dallas Emergency Medical Services (EMS). EMS responded to Dallas Field Office for medical evaluation of the subject, Dallas EMS reported no serious injuries or concerns and provided the subject an ice pack. The subject refused additional medical services and declined transportation to the hospital for further review."
24,Use of Force,"ERO Harlingen, ERO Laredo, Rio Grande Processing Center (RGPC)","Undetermined, pending investigation",2024SIR0004882,"On January 20, 2024, ERO Harlingen reported the use of oleoresin capsicum (OC) spray on a Mexican national detainee housed at the RGPC in Laredo, Texas. On the same date, the detainee became non-compliant and combative towards medical and RGPC staff after refusing to comply with multiple orders and attempted to self-harm. RGPC staff deployed a three second burst of OC spray and gained control of the detainee. The detainee was escorted to the medical unit for decontamination and examined by RGPC medical staff. No injuries to detainee or RGPC staff were reported."
25,Use of Force,"ERO Harlingen, Rio Grande Processing Center (RGPC)","Undetermined, pending investigation",2024SIR0004890,"On January 20, 2024, ERO Harlingen reported the use oleoresin capsicum (OC) spray on a Mexican national detainee housed at the RGPC in Laredo, Texas. On January 19, 2024, the detainee threatened to harm himself and become combative towards RGPC staff. RGPC staff deployed OC spray to gain compliance. The detainee was decontaminated and escorted to the medical unit. The detainee was examined by RGPC medical staff and noted no injuries. No injuries were reported by RGPC staff"
26,Use of Force,"ERO Philadelphia, Moshannon Valley Processing Center (MVPC)","Undetermined, pending investigation",2024SIR0004911,"On January 21, 2024, ERO Philadelphia reported the use of force on an Indian national detainee while housed at MVPC in Philipsburg, Pennsylvania. On January 20, 2024, the detainee, while housed in the segregated management unit, obstructed the view into the room and refused to respond to MVPC staff's verbal commands to move. MVPC staff entered the room and the detainee had become verbally abusive and combative. MVPC staff placed the detainee on the ground and applied hand and leg restraints. MVPC medical staff assessed the detainee for injuries. Three MVPC staff members sustained bite injuries from the detainee. ERO leadership was notified."
27,Use of Force,"ERO Houston, ICE Health Service Corps (IHSC), Montgomery Processing Center (MPC)","Undetermined, pending investigation",2024SIR0004963,"On January 22, 2024, ERO Houston reported the use of oleoresin capsicum (OC) Spray, on a Mexican national detainee housed at the MPC in Conroe, Texas. On the same date, the detainee smeared fecal matter over the window of his cell door and placed toilet paper over the window to obstruct the view into his cell MPC staff gave the detainee multiple commands to remove the obstruction from the window and to submit to hand restraints, which the detainee refused to comply. The MPC staff sprayed OC spray into the detainee's cell to gain compliance. After the exposure to OC, the detainee continued to refuse the MPC staff commands. The MPC staff entered the cell, placed the detainee in hand restraints, and removed him from his cell, MPC staffinitiated decontamination protocols by utilizing a shower and fresh air. IHSC evaluated the detainee and medically cleared him. ERO leadership was notified."
28,Use of Force,"ERO San Antonio, ICE Health Service Corps (IHSC), South Texas ICE Processing Center (STIPC)","Undetermined, pending investigation",2024SIR0004924,"On January 22, 2024, ERO San Antonio reported the use of force on an Ecuadorian national detainee while housed at the STIPC in Pearsall, Texas. On January 21, 2024, STIPC staff observed the detainee acting noncompliant and attempting to exit a Medical Housing Unit cell. STIPC staff placed the detainee against the wall, but he remained noncompliant to staff verbal commands. STIPC staff then used immediate use of force, by take down, and placed the detainee on the ground and applied hand and leg restraints. er gonducted a medical examination, and STIPC staff removed the restraints, terminating the use of force. The detainee and STIPC staff did not sustain any injuries, and THSC has placed the detainee on suicide watch observation."
29,Use of Force,"ERO Salt Lake, Nye County Detention Center (NCDC), Nye County Sheriff's Department (NCSD)","Undetermined, pending investigation",2024SIR0009241,"On April 12, 2024, ERO Salt Lake reported the use of oleoresin capsicum (OC) on a Mexican national detainee housed at the NCDC in Pahrump, Nevada. On the same date, the detainee approached a NSDC staff member at the podium to grab a game console disk then asked the NSDC staff member for the pod keys so he could leave. The officer issued commands to the detainee to step back, and the detainee responded by grabbing the NSDC staff member's belt. Subsequently, the Critical Incident Response Team responded to the pod and started giving verbal commands to the detainee. The detainee became aggressive and began clenching his fists and lunged towards an NSDC staff member. The NSDC staff member deployed OC spray to the head and upper torso of the detainee, gained control, and placed him in restraints. The detainee continued his aggressive behavior and was subsequently placed in a restraint chair and taken to the medical unit. The detainee was decontaminated and evaluated by medical staff with no injuries noted. The detainee was cleared for housing in the restrictive housing unit. ERO leadership, NCSO, and Joint Intake Center were notified."
30,Use of Force,"ERO Phoenix, ICE Health Service Corps (IHSC), Eloy Detention Center (EDC)","Undetermined, pending investigation",2024SIR0009292,"On April 13, 2024, ERO Phoenix reported the use of oleoresin capsicum (OC) spray on a Mexican national detainee while housed at the EDC in Eloy, Arizona. On April 12, 2024, the detainee refused EDC staff orders to exit his cell and began hitting his head on the wall with moderate force in an attempt to self-harm. The detainee refused to relinquish a Talton tablet to EDC staff which caused significant damage to the device. EDC staff deployed OC spray to gain the compliance. The detainee refused to be decontamination and a medical evaluation by IHSC medical staff. IHSC medical staff did not observe _ any visible injuries to the detainee and there were no injuries reported by EDC staff. The detainee was placed on suicide precautions. ERO Leadership and the Joint Intake Center were notified."
31,Use of Force,"ERO Miami, Krome Service Processing Center (KSPC), ICE Health Service Corps (IHSC)","Undetermined, pending investigation",2024SIR0009381,"On April 15, 2024, ERO Miami reported the use of oleoresin capsicum (OC) spray on a Haitian national detainee while housed at the KSPC in Miami, Florida. On the same date, KSPC staff responded to the detainee's disruptive behavior when he threw a cup with an unknown liquid out of the tray door of his cell, at a KSPC staff member. KSPC staff ordered the detainee to halt his aggressive behavior which the detainee refused to do. KSPC staff deployed a single burst of OC spray to the detainee's facial area to stop him from blocking the tray opening of his cell door. Additional KSPC staff responded and was able enter the cell and apply hand restraints. Once restraint, all use of force ceased and KSPC staff escorted the detainee to the KSPC processing shower area for decontamination. KSPC staff escorted the detainee to the medical unit for a medical evaluation and was cleared. KSPC staff reported no injuries."
32,Use of Force,"ERO Miami, ICE Health Service Corps (IHSC), Krome Service Processing Center (KSPC)","Undetermined, pending investigation",2024SIR0009397,"On April 16, 2024, ERO Miami reported the use of force on a Guatemalan national detainee while housed at the KSPC in Miami, Florida. On April 15, 2024, the detainee was behaving and speaking in an aggressive manner towards KSPC staff in the medical housing unit. The detainee failed to comply with verbal commands by KSPC staff to cease his disruptive behavior, and when the detainee failed to comply to return to his cell, KSPC staff applied a custodial hold on the detainee to gain compliance. The detainee continued to resist the application of hand restraints, causing KSPC staff to take the detainee to the floor to apply restraints. IHSC medically clear and there were no injuries to KSPC staff."
33,Use of Force,"ERO San Francisco, ERO Bakersfield, ICE Health Service Corps (IHSC), Golden State Annex (GSA)","Undetermined, pending investigation",2024SIR0009404,"On April 16, 2024, ERO San Francisco reported the use oleoresin capsicum (OC) on a Honduran national detainee while housed at GSA in McFarland, California. On April 15, 2024, the detainee threw lockers and other debris in the dormitory. GSA staff deployed a burst of OC to prevent injuries to the detainee and GSA staff. GSA escorted the detainee to the medical for a medical evaluation and decontamination. GSA staff did not report any significant injuries. ERO Leadership and IHSC were notified."
34,Use of Force,"ERO Washington, ICE Health Service Corps (IHSC), Caroline Detention Facility (CDF)","Undetermined, pending investigation",2024SIR0009366,"On April 16, 2024, ERO Washington reported the use of force on a Honduran national detainee while housed at the CDF in Bowling Green, Virginia. On April 1S, 2024, CDF staff witnessed the detainee being verbally abusive to other CDF staff while standing on bis wheelchair. CDF staff attempted to place the detainee in his wheelchair when be headbutted and spit on one of the CDF staff CDF staff took the detainee to the ground, placed him in haudcuffs, and escorted him to segregated housing IHSC medical staff evaluated the detainee and cleared him of injuries. There were no injures by CDF staff during this incident. ERO Leadership and the Joint Intake Center were notified"
35,Use of Force,"ERO Washington, Caroline Detention Facility (CDF)","Undetermined, pending investigation",2024SIR0009386,"On April 16, 2024, ERO Washington reported the use of force on a Salvadoran national detainee while housed in Bowling Green, Virginia. On April 15, 2024, the detainee refused to follow CDF staff directions while in the dining hall. The detainee stated that he would fight anyone, while taking a fighting stance. CDF staff took the detainee to the ground, applied handcuffs, and escorted him to administrative segregation. Once the detainee was placed in administrative segregation, CDF staff removed the restraints without further incident. There were no injuries reported to the detainee or CDF staff during this incident. ERO Leadership and the Joint Intake Center were notified."
36,Use of Force,"ERO Philadelphia, Moshannon Valley Processing Center (MVPC)","Undetermined, pending investigation",2024SIR0009501,"On April 18, 2024, ERO Philadelphia reported the use of force on a Salvadoran national detainee while housed in MVPC in Philipsburg, Pennsylvania. On April 17, 2024, the detainee became aggressive during a protective custody evaluation and ran into a conference room and attempted to close the door. A MVPC staff member gave the detainee a direct order to open the * door and submit to restraints. The MVPC staff member initiated a three second burst of OC spray to coerce compliance. The detainee stepped away from the door then pulled a piece of metal from his pants and threatened MVPC staff with it. The MVPC staff member discharged a second burst of OC spray and directed the detainee to drop the weapon and submit to hand restraints, which the detainee complied. The detainee was placed in hand restraints and transported to medical for decontamination and a medical assessment. No injuries were reported. ERO leadership and the Joint Intake Center were notified."
37,Use of Force,"ERO El Paso, El Paso Processing Center (EPC), ICE Health Service Corps (IHSC)","Undetermined, pending investigation",2024SIR0009659,"On April 20, 2024, ERO El Paso reported the use of force on a Honduran national detainee while housed in the EPC in El Paso, Texas. On April 19, 2024, the EPC staff gave the detainee verbal commands to stop being combative. The detainee refused and EPC staff placed the detainee on the ground using the minimum amount of force necessary to gain compliance. EPC staff successfully placed the detainee in restraints. IHSC medical staff evaluated the detainee and noted no injuries were sustained during the use of force. ERO leadership was notified."
38,Use of Force,"ERO San Antonio, South Texas ICE Processing Center (STIPC), ICE Health Service Corps (IHSC)","Undetermined, pending investigation",2024SIR0009668,"On April 20, 2024, ERO San Antonio reported the use of oleoresin capsicum (OC) spray on a Venezuelan national detainee housed in the STIPC in Pearsall, Texas. On the same date, the detainee began harming himself by striking himself with a closed fist to his face and began hitting his head against a wall while inside his cell. STIPC staff gave verbal commands for the detainee to stop the self-harm, but the detainee did not comply. STIPC staff deployed a burst of OC spray to gain compliance and prevent further self-harm. STIPC staff applied hand and leg restraints, placed the detainee in a wheelchair and escorted the detainee intake for decontamination. IHSC staff evaluated the detainee and reported no injuries from the use of force. The detainee was transported to University Hospital in San Antonio, Texas for further evaluation. ERO leadership was notified."
39,Use of Force,"ERO Seattle, Northwest ICE Processing Center (NWPIC)","Undetermined, pending investigation",2024SIR0009643,"On April 20, 2024, ERO Seattle reported the use of force on a Ukrainian national detainee housed at the NWIPC in Tacoma, Washington. On April 19, 2024, the detainee became disruptive, began to throw chairs, and started to destroy a unit cell. NWIPC staff directed the detainee to submit to restraints and the detainee failed to comply. NWIPC staff assisted the detainee to the ground and applied the restraints to gain compliance. NWIPC staff reported a small laceration to the detainee's finger from his attempt to break a window, NWIPC staff did not report any injuries. ERO Leadership was notified."
40,Use of Force,"ERO Houston, ICE Health Service Corps (IHSC), IAH Secure Adult Detention Center (IAH)","Undetermined, pending investigation",2024SIR0009820,"On April 24, 2024, ERO Houston reported the use of oleoresin capsicum (OC) on a Nicaraguan national detainee while housed at the LAH in Livingston, Texas. On April 23, 2024, LAH staff encountered the detainee after he destroyed a wall mounted phone located in his holding cell and observed him place broken pieces of the phone in his mouth and ingest them. LAH staff gave the detainee multiple commands to stop swallowing the broken phone pieces, but the detainee refused to comply with LAH staff commands. LAH staff deployed OC spray into the detainees holding cell. After the exposure to OC, the detainee continued to refuse LAH staff commands. LAH staff entered the holding cell, placed the detainee in hand restraints, and removed him from the cell. LAH staff escorted the detainee to the medical department for decontamination protocols and medical assessment. IHSC ordered the detainee to be transported to a local hospital for further assessment."
41,Use of Force,"ERO Houston, ICE Health Service Corps (IHSC), Montgomery Processing Center (MPC)","Undetermined, pending investigation",2024SIR0009824,"On April 24, 2024, ERO Houston reported the use of oleoresin capsicum (OC) spray, on multiple detainees housed at the MPC in Conroe, Texas. On April 23, 2024, multiple detainees were engaged in a fight during afternoon meal service. MPC staff gave the detainees multiple commands to stop but they refused. MPC staff deployed OC spray after multiple attempts to gain compliance were unsuccessful. Of the detainees engaged in the fight, two received direct exposure to OC and required assistance to initiate decontamination protocols by utilizing the shower and fresh air. A third detainee, who attempted to stop the fight, experienced a mild exposure to OC. The detainee decontaminated on his own after receiving a change of clothing and instructions on how to decontaminate from MPC staff. All detainees involved in the fighting stopped and submitted to hand restraints after the exposure of OC. IHSC evaluated the detainees exposed to the OC and medically cleared them. MPC staff placed the detainees involved in the fighting in the MPC Restricted Housing Unit pending disciplinary hearings. ERO leadership was notified."
42,Use of Force,"ERO Atlanta, Stewart Detention Center (SDC)","Undetermined, pending investigation",2024SIR0009892,"On April 25, 2024, ERO Atlanta reported the use of oleoresin capsicum (OC) spray on a Venezuelan national detainee while housed in SDC in Lumpkin, Georgia. On April 24, 2024, the detainee refused to comply with SDC staff verbal commands, and in an aggressive manner, asserted his unwillingness when he told to remove a blanket that he was using to restrict the view into his housing unit. SDC staff administered one burst of OC spray, then administered another, followed by verbal com- mands to remove the blanket. SDC staff positioned the detainee on the ground and applied hand restraints. SDC staff escorted the detainee for decontamination and evaluation by medical staff. Detainee refused to enter decontamination shower. The medical unit did a visual assessment of the detainee as he was being uncooperative. Detainee was given verbal directions to decontaminate once placed in cell."
43,Use of Force,"ERO Chicago, Dodge County Detention Facility (DCDF)","Undetermined, pending investigation",2024SIR0010028,"On April 27, 2024, ERO Chicago reported the use of oleoresin capsicum (OC) spray on a Syrian national detainee while housed at the DCDF in Juneau, Wisconsin. On April 26, 2024, the detainee refused orders to lock into his cell after taking a shower. DCDF reported that several DCDF staff attempted confrontational avoidance with the detainee, but the detainee would not comply with the orders. DCDF officers assembled a cell entry team for a calculated use of force. DCDF staff g utilized a pepper ball launcher one time into the day room but were unsuccessful in gaining compliance. The cell entry team entered the housing section and gained control of the detainee. The detainee received some minor scrapes on his arms and hip area. DCDF medical staff evaluated the detainee and placed him on  5-minute observation for his exposure to the OC. DCDF staff reported no injuries. ERO leadership and the Joint Intake Center were notified."
44,Use of Force,"ERO Miami, Baker County Detention Center (BCDC)","Undetermined, pending investigation",2024SIR0010026,"On April 27, 2024, ERO Miami reported the use of oleoresin capsicum (OC) on a Belizean national detainee housed at the BCDC in MacClenny, Florida. On April 26, 2024, BCDC staff advised the detainee that he would be receiving a disciplinary report for attempting to incite a disturbance. The detainee became upset and started denying attempts to incite a disturbance while agitated. BCDC staff attempted to de-escalate the situation, but the detainee remained agitated and refused verbal commands to submit to hand restraints. The detainee attempted to walk away, then reached over to the dorm door and snatched the privacy screen, while yelling and waving his hands trying to get the attention of the detainees inside the dorm. BCDC staff continued verbal commands and tried placing restraints on the detainee, he resisted by swinging his body to avoid getting hand cuffed and tried kicking his leg backwards at deputies. BCDC staff eventually placed restraints on the detainee and escorted | him to the BCDC Confinement Unit. Once in confinement, the detainee continued to resist BCDC staff when they tried to remove the hand restraints. BCDC staff gave the detainee several verbal commands which he refused. BCDC staff utilized a one second burst of OC spray to the detainee's facial area, and he immediately stopped resisting. BCDC staff escorted the detainee to the BCDC Medical Unit for decontamination and medical evaluation. No injuries were reported. ERO leadership was notified."
45,Use of Force,"ERO Miami, Krome Service Processing Center (KSPC), ICE Health","Undetermined, pending investigation",2024SIR0010037,"On April 27, 2024, ERO Miami reported the use of oleoresin capsicum (OC) spray on a Jamaican national detainee while housed at the KSPC in Miami, Florida. On April 26, 2024, the detainee approached KSPC staff to make a complaint about another staff member. While providing the complaint, the detainee threatened the KSPC staff member in question, after which the supervisor notified the detainee that be would be taken to processing for threatening a KSPC staff member. The detainee would not comply with the KSPC staff member's verbal commands to cease his aggressive behavior. After several verbal commands, the detainee sat down and stated that he would not comply until he spoke to a higher-ranking supervisor or ERO Miami. A KSPC staff member then attempted custodial touch to stand up the detainee in order to submit to hand restraints, but the detainee became combative and while struggling, the detainee grabbed a KSPC staff member's hand restraint. KSPC staff deployed a single burst of OC spray to gain compliance and were able to apply hand restraints. KSPC staff members escorted the detainee to the shower area to decontaminate using copious amounts of water THSC medical staff assessed the detainee for post-use of force and was medically cleared. KSPC staff reported no injuries,"
46,Use of Force,"ERO New Orleans, River Correctional Center (RCC)","Undetermined, pending investigation",2024SIR0010065,"On April 29, 2024, ERO New Orleans reported the use of oleoresin capsicum (OC) spray on a Tajikistani national detainee housed at the RCC in Ferriday, Louisiana. On April 28, 2024, RCC staff gave numerous commands to a group of detainees to return to their bunks and informed the detainees that chemical agents would be deployed if they did not comply. The subject refused to comply and RCC staff deployed one burst of OC spray to the ground near the subject, to gain compliance and end any possible threat of violence. RCC medical staff decontaminated and completed medical assessments on the subject and reported no injuries to the subject or staff. ERO leadership was notified."
47,Use of Force,"ERO Atlanta, ICE Health Service Corps (IHSC), Stewart Detention Center (SDC)","Undetermined, pending investigation",2024SIR0010235,"On May 1, 2024, ERO Atlanta reported the use of oleoresin capsicum (OC) spray on a Cuban national detainee while housed at the SDC in Lumpkin, Georgia. On April 30, 2024, the detainee failed to comply with SDC staff orders to remove blankets that were blocking the window of the detaincee's cell in restrictive housing. SDC staff assembled a five-man extraction team and administered a one second burst of OC spray into the cell's air conditioning vent, with further instructions to the detainee to remove the blanket, which the detainee complied with. The detainee was placed in handcuffs and removed from the cell for decontamination but refused SDC staff orders to enter the shower area and refused to permit a medical evaluation or treatment by THSC staff. The detainee became combative and refused to comply with SDC staff orders to return to his cell, causing SDC staff to place the detainee in leg restraints for escort to his cell. The leg restraints and handcuffs were removed after the detainee was placed on his bed. No injuries were reported to the detainee or SDC staff, ERO Leadership was notified."
48,Use of Force,"ERO Miami, Baker County Detention Center (BCDC)","Undetermined, pending investigation",2024SIR0010176,"On May 1, 2024, ERO Miami reported the use of force on a Nicaraguan national detainee housed at the BCDC in MacClenny, Florida. On April 30, 2024, the detainee created the immediate use of force incident when, in an agitated state, advised BCDC staff that he intended to commit self-harm as well as hurt others. BCDC staff gave the detainee verbal commands to cease his erratic behavior and the detainee failed to comply and actively resisted BCDC staffs' attempts to de-escalate the situa- tion. BCDC staff placed the detainee in a restraint chair the detainee became compliant with BCDC staffs commands. BCDC medical staff evaluated the detainee and medically cleared him. ERO leadership was notified. |"
49,Use of Force,"ERO San Francisco, South Texas ICE Processing Center (STIPC)","Undetermined, pending investigation",2024SIR0010361,"On May 3, 2024, ERO San Francisco reported the use of force on a Chinese national detainee while housed at the STIPC in Pearsall, Texas. On the same date, the detainee became upset and attempted to physically assault STIPC staff. STIPC staff took the detainee to the ground to gain compliance and apply leg restraints. STIPC staff escorted the detainee to medical for evaluation. STIPC medical staff evaluated the detainee and reported no injuries. STIPC mental health staff placed the detainee on suicide watch. STIPC staff assisted in placing the detainee in a suicide gown and rehousing to the medical unit. ERO leadership was notified."
50,Use of Force,"ERO Atlanta, ICE Health Service Corps (IHSC), Stewart Detention Center (SDC), Piedmont Columbus Regional Hospital (PCRH), Stewart County Sheriff's Office (SCSO)","Undetermined, pending investigation",2024SIR0010382,"On May 5, 2024, ERO Atlanta reported the use of force on a Moroccan national detainee while housed at the SDC in Lumpkin, Georgia. On May 4, 2024, the detainee was exiting the dining hall with food, and failed to comply with multiple SDC staff orders to return the food to the dining area. SDC staff continued to give verbal orders to the detainee to return the food. The detainee threw a piece of bread that struck a SDC staff member in the face, and the SDC staff member struck the detainee in the face with a closed fist. The SDC staff member was removed from the area. IHSC medical staff evaluated the detainee for complaints of pain to the back of his head and lower back, and dried blood on the detainee's nose and lips. The detainee was transported to PCRH in Columbus, Georgia for evaluation and treatment. ERO leadership and SCSO were notified."
51,Use of Force,"ERO Buffalo, Buffalo Federal Detention Facility (BFDF), ICE Health Service Corps (IHSC)","Undetermined, pending investigation",2024SIR0010367,"On May 5, 2024, ERO Buffalo reported use of oleoresin capsicum (OC) spray on a Venezuelan national detainee while housed in BFDF in Batavia, New York. On May 3, 2024, the detainee was placed on suicide watch due to multiple threats of self- harm. The detainee refused several orders by BFDF staff to be placed in a suicide gown. BFDF staff then deployed OC spray to gain compliance and mitigate any possible injury to the detainee or staff. The detainee was placed into hand restraints and escorted to the shower for decontamination and IHSC medical staff evaluated the detainee. ERO leadership was notified."
52,Use of Force,"ERO Houston, ICE Health Service Corps (IHSC), IAH Secure Adult Detention Center (IAH)","Undetermined, pending investigation",2024SIR0010381,"On May 5, 2024, ERO Houston reported the use of force on a Guatemalan national detainee while housed at the IAH-SADF in Livingston, Texas. On the same date, the detainee refused to turn over his rosary beads and boxer shorts to IAH-SADF staff during a clearance check for medical suicide watch. A five-man team responded to the detainee's medical observation room and took the detainee to the floor and place him in band and leg restraints, IHSC medical staff examined and cleared the detainee of injunes. The detainee was returned to the medical observation unit on suicide watch. ERO leadership was notified."
53,Use of Force,"ERO Philadelphia, Moshannon Valley Processing Center (MVPC)","Undetermined, pending investigation",2024SIR0010373,"On May 5, 2024, ERO Philadelphia reported use of oleoresin capsicum (OC) spray on a Salvadoran national detainee while housed in MVPC in Philipsburg, Pennsylvania. On May 4, 2024, the detainee covered his cell window and threatening to harm himself. MVPC Housing Unit Supervisor (HUS) gave multiple commands to remove the coverings from the window. MVPC staffed entered the cell where the detainee threw a mattress at the team. MVPC HUS initiated two three-second burst of OC spray to gain compliance. The detainee complied and submitted to hand restraints. MVPC staff escorted the detainee to the medical unit, decontaminated him, and conducted a medical assessment. The detainee was found to have a small laceration on his knuckle with no other injuries. MVPC staff placed him on constant observation due to threats of self-harm. ERO leadership and the Joint Intake Center were notified."
54,Use of Force,"ERO Boston, Strafford County Department of Corrections (SCDOC)","Undetermined, pending investigation",2024SIR0010432,"On May 6, 2024, ERO Boston reported the use of oleoresin capsicum (OC) spray on a Jamaican national detainee while housed at the SCDOC in Dover, New Hampshire. On the same date, the detainee flooded his cell in the booking department and became non-compliant. SCDOC staff used OC spray to gain compliance. SCDOC medical staff evaluated, decontaminated, and ¬¨√ü medically cleared the detainee with no injuries sustained. The detainee will remain housed in the SCDOC booking department on a mental health observation until he complies with intake processing."
55,Use of Force,"ERO Miami, Krome Service Processing Center (KSPC), ICE Health Service Corps (IHSC)","Undetermined, pending investigation",2024SIR0010403,"On May 6, 2024, ERO Miami reported the use of oleoresin capsicum (OC) spray on a Cuban national detainee and a Haitian national detainee while housed at the KSPC in Miami, Florida. On May 5, 2024, the detainees began fighting in a housing unit, causing KSPC staff to use OC spray to separate the detainees and end the altercation. The Cuban national detainee submitted to the application of hand restraints, but the Haitian national detainee failed to comply with verbal orders by KSPC staff to submit to hand restraints and physically resisted, causing KSPC staff to utilize escort holds to physically remove the detainee from the area and take the detainee to the floor to apply hand restraints. Both detainees were escorted to the shower area for decontamination, to the medical unit for evaluation, where IHSC staff medically cleared both detainees. No injuries were reported to KSPC staff. KSPC staff will initiate disciplinary procedures against both detainees."
56,Use of Force,"ERO San Antonio, South Texas ICE Processing Center (STIPC)","Undetermined, pending investigation",2024SIR0010454,"On May 7, 2024, ERO San Antonio reported the use of force on a Nicaraguan national detainee while housed at the STIPC in Pearsall, Texas. On May 6, 2024, the detainee physically assaulted STIPC staff after failing to comply with multiple verbal commands. STIPC staff took the detainee to the ground to gain compliance and apply hand and leg restraints. STIPC staff escorted the detainee to medical for evaluation. STIPC medical staff evaluated the detainee and reported no injuries. STIPC staff assisted in rehousing the detainee to the medical unit. ERO leadership was notified."
57,Use of Force,"ERO Miami, Krome Service Processing Center (KSPC), ICE Health Service Corps (IHSC)","Undetermined, pending investigation",2024SIR0006425,"On February 18, 2024, ERO Miami reported the use of force on a Honduran national detainee, while housed at the KSPC in Miami, Florida. On the same date, KSPC staff noticed that the detainee had an incorrect uniform on while in the cafetenia. KSPC staff informed the detainee that they would escort him to the laundry room for a change of clothes. The detainee became physically aggressive by resisting and striking the KSPC staff's lower leg with a closed fist. KSPC staff redirected the detainee to a facility wall to gain compliance, the detainee was placed in hand restraints and escorted to IHSC medical staff for an assessment. The detainee was examined by IHSC staff and medically cleared. No injuries were reported to KSPC staff. ERO Leadership was notified."
58,Use of Force,"ERO Philadelphia, ICE Health Service Corps (IHSC), Moshannon Valley Processing Center (MVPC), Pennsylvania State Police (PSP)","Undetermined, pending investigation",2024SIR0006413,"On February 18, 2024, ERO Philadelphia reported multiple detainees engaged in a fight with each other while in their assigned housing area at the MVPC in Philipsburg Pennsylvania. The detainees were observed shoving and striking each other, throwing plastic chairs and property bins, causing MVPC contract staff to use oleoresin capsicum (OC) spray to break up the disturbance and establish control. No detainees were sprayed directly but several had indirect contact, and detainees affected by the deployment of OC spray were decontaminated and cleared by MVPC medical staff. A Mexican national detainee, Ecuadorian national detainee, and a Guatemalan national detainee were transported to local hospitals for injuries sustained in the incident, and retumed to MVPC, and IHSC was notified of their return. PSP was notified of the incident, and an investigation is ongoing. ERO leadership and the Joint Intake Center were notified."
59,Use of Force,"ERO Philadelphia, Moshannon Valley Processing Center (MVPC)","Undetermined, pending investigation",2024SIR0006487,"On February 20, 2024, ERO Philadelphia reported the use of oleoresin capsicum (OC) spray on a Guatemalan national detainee while housed at MVPC in Philipsburg, Pennsylvania. On the same date, the detainee began throwing an unknown liquid on the MVPC staff from the food slot on the cell door. The detainee refused all orders and refused to allow MVPC staff to close the food slot on the door. MVPC staff deployed a short burst of OC spray to gain compliance, then entered the cell and secured the detainee. MVPC medical staff decontaminated the detainee and provided a medical evaluation. There were no injuries to the MVPC staff. ERO leadership and the Joint Intake Center were notified."
60,Use of Force,"ERO Philadelphia, Moshannon Valley Processing Center (MVPC)","Undetermined, pending investigation",2024SIR0006450,"On February 20, 2024, ERO Philadelphia reported the use of force on a Panamanian national detainee while housed at MVPC in Philipsburg, Pennsylvania. On February 19, 2024, the detainee failed to comply with MVPC contract staff orders to remove a covering from his segregation management unit cell door window. The detainee grabbed an MVPC supervisor when the supervisor entered the cell, which resulted in a use of force incident. The MVPC supervisor used OC spray on the detainee to gain compliance, and staff placed the detainee in restraints. MVPC staff decontaminated the detainee and conducted a medical assessment. No significant injuries to either the detainee or MVPC staff were reported. ERO leadership and the Joint Intake Center were notified. ;"
61,Use of Force,"ERO El Paso, ICE Health Service Corps (IHSC), El Paso Processing Center (EPC)","Undetermined, pending investigation",2024SIR0006508,"On February 20, 2024, ERO El Paso reported the use of force on a Venezuelan national detainee while housed at the EPPC in E! Paso, Texas. On February 18, 2024, the detainee refused EPPC staff verbal commands to return to his bunk and became combative, striking the EPPC staff member in his upper back. EPPC staff successfully placed the detainee on the floor, applied restraints and escorted him to processing. IHSC medical staff assessed the detainee for injuries and determined that he did not sustain any injuries. ERO El Paso and IHSC staff will continue to monitor the situation and provide updates, as necessary."
62,Use of Force,"ERO El Paso, El Paso Processing Center (EPC), ICE Health Service Corps (IHSC)","Undetermined, pending investigation",2024SIR0006526,"On February 21, 2024, ERO El Paso reported the use of force on a Venezuelan national detainee while housed at the EPPC in El Paso, Texas, On February 18, 2024, the detainee refused EPPC staff verbal commands to return to his bed and actively resisted EPPC contract staff, causing staff to take the detainee to the floor and apply restraints. IIHSC medical staff assessed the detainee and found no injuries. No injuries were reported to EPPC staff. ERO leadership and the Joint Intake Center were notified."
63,Use of Force,"ERO El Paso, ICE Health Service Corps (IHSC), El Paso Processing Center (EPC)","Undetermined, pending investigation",2024SIR0006563,"On February 21, 2024, ERO El Paso reported the use of force on a Venezuelan national detainee while housed at the EPPC in El Paso, Texas. On February 20, 2024, the detainee attempted to enter a restricted door and an EPPC staff member stopped the detainee and asked him for his identification. The detainee refused and started to argue with the EPPC staff member The detainee became aggressive and pushed the EPPC staff member which resulted in a use of force to place the detainee on the ground, apply restraints, and escorted him to processing. IHSC medical staff assessed the detainee for injuries and determined that he did not sustain any injuries. EPPC notified ERO El Paso of the event."
64,Use of Force,"ERO San Antonio, South Texas ICE Processing Center (STIPC), ICE Health Service Corps (IHSC), Frio Regional Hospital (FRH)","Undetermined, pending investigation",2024SIR0006543 / 2024SIR0006549,"On February 21, 2024, ERO San Antonio reported the use of force and oleoresin capsicum (OC) spray on an Ecuadorian national detainee while housed at the STIPC in Pearsall, Texas. On the same date, the detainee placed a screw from the electrical outlet in his mouth and swallowed it. IHSC conducted a medical examination and ordered the detainee be transported to the FRH in Pearsall, Texas, for further medical examination. The detainee became aggressive and noncompliant upon arrival at the FRH. The detainee removed the hand restraint from his left hand, STIPC staff attempted to place the hand restraint back on and the detainee became more aggressive. STIPC staff took the detainee down and restrained the detainee due to continued refusal to comply with verbal commands. STIPC staff transported the detainee back to the STIPC and placed him in the Medical Housing Unit. At approximately 10:00 p.m. CST, the detainee broke the electrical outlet off the wall and tried to chew the electrical wires. STIPC staff moved the detainee to an isolation cell for suicide watch and STIPC staff ordered the detainee to place his hands through the tray door to remove the hands restraints. The detainee refused multiple commands to comply, STIPC staff deployed OC spray to gain compliance and a five-member officer team entered isolation and placed the detainee on the ground and in Jeg restraints. STIPC staff began the decontamination process and removed the leg and hand restraints from the detainee. THSC conducted a medical examination and reported the detainee did not sustain any injuries. STIPC staff did not sustain any injuries. The detainee remains on suicide watch. ERO leadership and the Joint Intake Center were notified."
65,Use of Force,"ERO Houston, Joe Corley Processing Center (JCPC)","Undetermined, pending investigation",2024SIR0006605,"On February 22, 2024, ERO Houston reported the use of force on a Venezuelan national detainee while housed at the JCPC in Conroe, Texas. On the same date, the detainee grabbed onto a JCPC staff member to prevent them from escorting another detainee out of the dorm area. JCPC staff attempted to restrain the detainee and took him to the ground to apply hand restraints. The detainee complied once hand restraints were applied and was escorted to medical for evaluation. JCPC medical staff assessed the detainee for injuries and determined that he did not sustain any injuries."
66,Use of Force,"ERO New Orleans, Jackson Parish Correctional Center (JPCC)",N/A,2024SIR0006741,"On February 24, 2024, ERO New Orleans reported the use of force on two Venezuelan national detainees while housed at the JPCC in Jonesboro, Louisiana. On the same date, JPCC staff responded to a dormitory that detainees had blocked the entrance with mattresses and would not allow the JPCC staff enter for count. JPCC staff entered the dormitory, when the two detainees advanced towards the staff in an aggressive manner. JPCC staff deployed two bursts of OC spray and secured the two detainees. JPCC staff decontaminated the detainees and medical staff evaluated and completed their medical assessments, JPCC reported no injuries, and the two detainees were the only persons directly exposed to the OC spray. ICE Public Affairs officer were notified."
67,Use of Force,"ERO New Orleans, Jackson Parish Correctional Center (JPCC)","Undetermined, pending investigation",2024SIR0006757,"On February 25, 2024, ERO New Orleans reported the use of force on a Venezuelan national detainee while housed at the JPCC in Jonesboro, Louisiana. On the February 24, 2024, the detainee was placed on suicide watch and JPCC staff instructed the detainee to remove all clothing and put on the required smock wom by detainees under suicide watch. The detainee refused to fully disrobe and surrender a necklace and became aggressive and non-compliant with JPCC staff. JPCC staff initiated a use of force to fully disrobe the detainee and retrieve the necklace. Upon conclusion of the use of force, the detainee complained of pain in the right shoulder. JPCC medical staff assessed the detainee's complaints and referred treatment to the Jackson Parish Hospital in Jonesboro, Louisiana for evaluation. Jackson Parish Hospital referred the detainee to Ochsner LSU Health Monroe Medica! Center in Monroe, Louisiana for further evaluation and treatment. On February 25, 2024, the detainee was discharged from the hospital and returned to JPCC custody. ERO leadership was notified. :"
68,Use of Force,"ERO Miami, Baker County Sheriff's Office (BCSO), Baker County Detention Center (BCDC)","Undetermined, pending investigation",2024SIR0006837,"On February 27, 2024, ERO Miami reported the use of force on a Jamaican national detainee housed at the BCDC in Mac- Clenny, Florida. On February 26, 2024, the detainee refused to allow BCDC staff to verify if given medication had been taken orally. The detainee refused to open his mouth. BCDC staff then escorted the detainee to the hallway and instructed him to turn around so hand restrains could be applied. Additional BCDC staff responded and utilized the required use of force to gain compliance and applied hand restraints to avert further altercation. BCDC medical staff attempted to assess the detainee for any injuries, but the detainee declined medical attention. No injuries were reported from the staff. ERO leadership and the Joint Intake Center were notified."
69,Use of Force,"ERO Philadelphia, Moshannon Valley Processing Center (MVPC)","Undetermined, pending investigation",2024SIR0006827,"On February 27, 2024, ERO Philadelphia reported the use of oleoresin capsicum (OC) spray on a Honduran national detainee while housed at MVPC in Philipsburg, Pennsylvania. On February 26, 2024, the detainee covered the window of his cell in the Special Management Unit (SMU) and was non-responsive to MVPC staff, who requested a supervisor. MVPC staff opened the food slot to contact the detainee and to verify his safety. The detainee then became agitated, failed to comply with direct orders, and began to throw water and food at MVPC staff. MVPC staff deployed short bursts of OC spray to gain compliance, then entered the cell and secured the detainee. MVPC medical staff decontaminated the detainee and a provided medical evaluation. The detainee was cleared with a minor injury and there were no injuries to the MVPC staff. MVPC staff placed the detainee in a clean cell in the SMU. ERO leadership and the Joint Intake Center were notified."
70,Use of Force,"ERO York, ERO Philadelphia, Moshannon Valley Processing Center (MVPC)","Undetermined, pending investigation",2024SIR0006852,"On February 27, 2024, ERO York reported the use of force on a Honduran national detainee while housed at the MVPC in Philipsburg, Pennsylvania. On February 26, 2024, the detainee by placing his hands through an opening in the food slot, would not allow MVPC staff to secure it. MVPC staff gave the detainee several orders to allow the food slot to be secured but refused. MVPC staff contacted a supervisor and when the supervisor arrived, the order to open the cell door was given. When the door opened, the detainee became combative and had to be assisted to the ground by MVPC staff. MVPC staff placed restraints and escorted the detainee for medical for assessment. There were no significant injuries during this incident. ERO leadership and the Joint Intake Center were notified."
71,Use of Force,"ERO El Paso, Otero County Processing Center (OCPC)","Undetermined, pending investigation",2024SIR0006918,"On February 28, 2024, ERO El Paso reported the use of force on a Venezuelan national detainee while housed at the OCPC in Chaparral, New Mexico. On February 26, 2024, the detainee refused OCPC staff orders to step out of a dorm after attempting to assault another detainee. OCPC staff attempted to restrain the detainee when he became aggressive and combative, which resulted in the immediate use of force to control the situation. OCPC staff assisted the detainee to the floor to gain control OCPC medical staff assessed the detainee for post use of force injuries and reported no injuries. ERO El Paso and OCPC staff will continue to monitor the situation and provide updates, as necessary."
72,Use of Force,"ERO El Paso, Otero County Processing Center (OCPC)","Undetermined, pending investigation",2024SIR0006920,"On February 28, 2024, ERO El Paso reported the use of force on a Venezuelan national detainee while housed at the OCPC in Chaparral, New Mexico. On February 27, 2024, the detainee refused multiple OCPC contract staff orders to change into a suit due to being placed on constant watch as instructed by OCPC medical personnel. OCPC staff attempted to assist the detainee when he became combative. OCPC staff were able to de-escalate and gain control of the situation. OCPC medical staff assessed the detainee for post use of force injuries and reported no injuries. ERO El Paso and OCPC staff will continue to monitor the situation and provide updates, as necessary."
73,Use of Force,"ERO San Antonio, South Texas ICE Processing Center (STIPC), ICE Health Service Corps (IHSC)","Undetermined, pending investigation",2024SIR0006883,"On February 28, 2024, ERO San Antonio reported the use of force on a Kazakhstan national detainee while housed at the STIPC in Pearsall, Texas. On February 26, 2024, STIPC contract staff observed the detainee in a medical housing unit cell with a razor blade, threatening self-harm. The detainee refused to comply with staff orders to drop the razor blade, causing staff to deploy chemical spray to gain compliance. The detainee began cutting his cheeks and arms, causing staff to deploy a second burst of chemical spray. When the detainee continued to fail to comply, a five member STIPC staff team entered the cell, guided the detainee to the floor, removed the razor blade, applied hand restraints, and escorted the detainee to another cell for decontamination. IHSC treated the detainee for superficial cuts to wrist, forearm, and face, and the detainee was placed on suicide watch. No injuries were reported to STIPC staff. ERO leadership and the Joint Intake Center were notified."
74,Use of Force,"ERO Atlanta, Stewart Detention Center (SDC)","Undetermined, pending investigation",2024SIR0006958,"On February 29, 2024, ERO Atlanta reported the use of oleoresin capsicum (OC) spray on a Salvadoran national detainee housed at the SDC in Lumpkin, Georgia. On February 28, 2024, the detainee refused to comply with SDC staff verbal com- mands. SDC staff deployed two bursts of OC to gain compliance. SDC staff placed the detainee in restraints and escorted him to segregation for decontamination. SDC medical staff evaluated the detainee and determined he sustained no injuries during the incident. ERO Leadership was notified."
75,Use of Force,"ERO Miami, Krome Service Processing Center (KSPC), ICE Health Service Corps (IHSC)","Undetermined, pending investigation",2024SIR0007031,"On February 29, 2024, ERO Miami reported the use of force on a Dominican national detainee housed at the KSPC in Miami, Florida. On February 28, 2024, the detainee became agitated and attempted to incite a mass disturbance with other detainees in the yard area. KSPC staff then gave verbal commands to the detainee to stop the aggression. KSPC staff then attempted to escort the detainee to the processing area to imitiate disciplinary proceedings. The detainee forcefully pulled away from the escorting staff and uttered verbal insults while actively resisting officers attempts to escort. Additional KSPC staff responded and utilized the required use of force to gain compliance. KSPC medical staff assessed the detainee and determined minor injuries were sustained. No injuries were reported from the staff. ERO leadership and the Joint Intake Center were notified"
76,Use of Force,"ERO San Diego, Imperial Regional Detention (ICSO)","Undetermined, pending investigation",2024SIR0006996,"On February 29, 2024, ERO San Diego reported the use of force on a Canadian national housed in IRDF in Calexico, California. On February 28, 2024, the detainee was found scaling a perimeter fence to escape. ERO San Diego and IRDF staff gave the detainee verbal commands to get down onto the ground. The detainee failed to comply with verbal commands and turned to run. ERO San Diego and IRDF staff took the detainee down to the ground to apply hand and leg restraints. ERO San Diego applied the hand and leg restraints and transported the detainee back into the facility. IRDF staff escorted the detainee to medical for evaluation. No injuries were reported. The detainee will remain in the Medial Observation Housing Unit. ERO leadership and Joint Intake Center were notified."
77,Use of Force,"ERO Miami, Krome Service Processing Center (KSPC), ICE Health Service Corps (IHSC)","Undetermined, pending investigation",2024SIR0007062,"On March 1, 2024, ERO Miami reported the use of force on five detainees respectively from Dominica, Dominican Republic, Jamaica, and Nicaragua, during a brawl, while housed at the KSPC in Miami, Florida. On February 29, 2024, congregated in the rear area of their assigned housing unit at KSPC and abruptly began striking each other with closed fists. A KSPC contract detention officer gave verbal commands to halt their combative behavior and attempted to physically separate the detainees, to no avail. The detainees created the 1-UOF when they remained noncompliant and continued their aggression. KSPC officers deployed their OC spray to neutralize the situation and gain compliance. Thereafter, KSPC officers were able to secure the detainees in hand restraints. Once restrained, all use of force ceased. KSPC detention officers then escorted the detainees to the KSPC processing shower area to effect decontamination utilizing copious amounts of water. IHSC medical staff assessed the detainees for post use of force clearance and medically cleared all detainees. KSPC officers reported secondary exposure _ to OC spray but no injuries. ERO leadership and the Joint Intake Center were notified."
78,Use of Force,"ERO Dallas, Prairieland Detention Center (PDC)","Undetermined, pending investigation",2024SIR0007137,"On March 2, 2024, ERO Dallas reported the use of force on a Nicaraguan national detainee while housed at the PDC in Alvarado, Texas. The detainee became physically aggressive during an escort to the medical unit for evaluation. PDC staff took the detainee to the ground to gain compliance. PDC staff referred the detainee for a mental health evaluation due to statements made during the incident. The detainee is pending medical evaluation. ERO leadership was notified."
79,Use of Force,"ERO San Diego, Otay Mesa Detention Center (OMDC)","Undetermined, pending investigation",2024SIR0007147,"On Marcy 3, 2024, ERO San Diego reported the use of oleoresin capsicum (OC) spray on a Panamanian national detainee while housed at the OMDC in San Diego, California. On March 1, 2024, the detainee was involved in a fight with a Haitian national detainee. OMDC staff deployed a short burst of OC spray to the Panamanian national detainee to stop the altercation from continuing and separated both detainees. The other detainee was not exposed to OC. OMDC staff escorted the detainee to medical for evaluation and was cleared from the OC exposure, The detainee refused decontamination from OC and was given instructions on self-decontamination. ERO leadership was notified."
80,Use of Force,"ERO Miami, Krome Service Processing Center (KSPC), ICE Health Service Corps (IHSC)","Undetermined, pending investigation",2024SIR0007207,"On March 4, 2024, ERO Boston reported the use of oleoresin capsicum (OC) spray on a Dominican national detainee while housed at the KSPC in Miami, Florida. On the same date, KSPC staff instructed the detainee to fix his uniform and comply with the detainee handbook regulations. KSPC staff gave additional verbal commands to the detainee to no avail. The detainee became physically aggressive towards KSPC staff and then KSPC staff deployed a burst of OC spray in order to gain compliance from the detainee. The detainee then lunged at the KSPC staff member with closed fists. A second burst of OC spray was deployed in order to gain control of the detainee. KSPC staff took the detainee to the ground, placed him in restraints, and gained compliance. KSPC staff escorted the detainee to the processing shower for decontamination. IHSC medical staff evaluated the detainee, noting no injuries. The KSPC staff member sustained no injuries. ERO leadership was notified."
81,Use of Force,"ERO Dallas, Prairieland Detention Center (PDC)",N/A,2024SIR0007252,"On March 5, 2024, ERO Dallas reported the use of force on a Georgian national detainee housed at the PDC in Alvarado, Texas. On March 4, 2024, the detainee, currently on suicide watch, cut himself on his upper left forearm with a piece of glass. PDC staff gave multiple verbal warnings and attempted to secure the glass from the detainee. The detainee became non- compliant, leading to the initiation of use of force protocols. PDC staff entered the detainee's cell to remove the piece of glass and took him to the ground. PDC staff successfully gained control and secured the detainee and placed him in restraints. PDC staff transferred the detainee to the Texas Health Huguley Hospital in Burleson, Texas, for a medical evaluation."
82,Use of Force,"ERO Dallas, Prairieland Detention Center (PDC)",N/A,2024SIR0007314,"On March 6, 2024, ERO Dallas reported the use of force on a Honduran national detainee housed at the PDC in Alvarado, Texas. On March 5, 2024, PDC staff gave multiple verbal warnings to the detainee after he attempted to interfere with PDC staff while they were dealing with another ICE detainee. PDC staff attempted to secure the detainee and he became non- compliant, leading to the initiation of use of force protocols. The detainee threw himself to the ground while being escorted to the segregation unit. PDC staff successfully gained control and secured the detainee with wrist restraints. PDC medical staff conducted an examination of the detainee and determined he did not sustain any injuries during the incident."
83,Use of Force,"ERO Denver, Denver Contract Detention Facility (DCDF), Aurora Police Department (APD), Lakewood Police Department (LPD)",Executive Office for Immigration Review,,"On March 7, 2024, ERO Denver reported a use of force on a Mexican national detainee while house at DCDF in Aurora,Colorado. On March 6, 2024, the detainee refused to obey DCDF staff after he repeatedly banged on his door cell with hismattress and displayed aggressive behavior in his medical cell and covered the windows and camera of the cell. DCDF staffresponded and placed the detainee in a four-point restraint chair for his safety due to his verbal threats to hurt himself andothers. Once restrained, the detainee continued to be aggressive. DCDF staff verbally de-escalated the situation and releasedthe detainee from the restraint chair for transport to University of Colorado Hospital for further mental health treatment. EROLeadership, APD, LPD and the Joint Intake Center were notified."
84,Use of Force,"ERO El Paso, Otero County Processing Center (OCPC)","Undetermined, pending investigation",2024SIR0007518,"On March 10, 2024, ERO El Paso reported the use of force on a Venezuelan national detainee while housed at the OCPC in Chaparral, New Mexico. On March 7, 2024, the detainee refused multiple OCPC staff orders to submit to hand restraints after becoming aggressive and combative. OCPC staff were able to deescalate and gain control of the situation. OCPC medical staff examined the detainee and reported no injuries. ERO El Paso and OCPC will continue to monitor the situation and provide updates, as necessary."
85,Use of Force,"ERO San Antonio, South Texas ICE Processing Center (STIPC), ICE Health Service Corps (IHSC)","Undetermined, pending investigation",2024SIR0007537,"On March 10, 2024, ERO San Antonio reported the use of force on a Kazakhstani national detainee while housed at STIPC in Pearsall, Texas. On March 9, 2024, the detainee was placed on suicide watch after threatening self-harm. STIPC staff ordered the detainee to change into a suicide gown and submit to hand restrains several times, but the detainee refused to comply with verbal commands. Five STIPC staff members entered the cell, placed the detainee on the ground, and applied hand restraints. STIPC staff escorted the detainee to the Special Management Unit and IHSC conducted a medical examination. No injuries to the detainee or STIPC staff members were reported. ERO leadership was notified."
86,Use of Force,"ERO Miami, Krome Service Processing Center (KSPC), ICE Health Service Corps (IHSC)","Undetermined, pending investigation",2024SIR0007550,"On March 11, 2024, ERO Miami reported the use of force on a Salvadoran national detainee while housed at the KSPC in Miami, Florida. On March 10, 2024, the detainee refused to follow multiple verbal commands given by IHSC medical staff to demonstrate the ingestion of daily medications, along with additional verbal commands to open his mouth to inspect. The detainee refused all attempts made by IHSC medical staff to comply. KSPC staff intervened to remove the detainee from the nursing station. The detainee physically resisted by kicking and shoving, with continued verbal threats. KSPC staff redirected the detainee onto the wall for hand restraint application, which he continued to resist. KSPC staff then redirected the detainee to the floor, applied restraints, and gained compliance. IHSC medical staff evaluated the detainee, noting no injuries. No injuries were reported to KSPC staff. KSPC staff will initiate disciplinary procedures."
87,Use of Force,"ERO New Orleans, Central Louisiana ICE Correctional Center (CLIPC)","Undetermined, pending investigation",2024SIR0007648,"On March 13, 2024, ERO New Orleans reported the use of Oleoresin Capsicum (OC) on a Colombian national detainee while housed at CLIPC in Jena, Louisiana. On March 12, 2024, the detainee refused to remove paper coverings from his cell window and submit to restraints. CLIPC staff gave the detainee several verbal commands to remove to the coverings, but he refused to comply. CLIPC staff coordinated a calculated use of force, which consisted of deploying one two-second burst of OC spray into the detainee's cell though the cell door security hatch. CLIPC staff removed the detainee from his cell, initiated decontamination procedures, and referred him to medical staff for evaluation. The detainee refused medical assessment and CLIPC staff returned him to his cell after being decontaminated."
88,Use of Force,"ERO Miami, ICE Health Service Corps (IHSC), Krome Service Processing Center (KSPC)","Undetermined, pending investigation",2024SIR0007788,"On March 14, 2024, ERO Miami reported the use of force on a Dominican national detainee housed at the KSPC in Miami, Florida. On the same date, KSPC staff responded to a physical altercation between the Dominican national detainee and another detainee. KSPC staff issued verbal commands to halt their combative behavior and attempted to physically separate the detainees, which was ignored. KSPC staff separated the detainees, with the Dominican national detainee remaining noncompliant, resulting in KSPC staff placing the detainee on the ground and applying hand restraints. THSC assessed the detainee and recommended they be transported to a hospital due to possible head trauma from the incident. No injuries were reported from staff. ,"
89,Use of Force,"ERO Atlanta, Cobb County Adult Detention Center (CCADC), Stewart Detention Center (SDC)","Undetermined, pending investigation",2024SIR0007857,"On March 15, 2024, ERO Atlanta reported the use of force on a Mexican national detainee currently housed in SDC in Lumpkin, Geogia. On the same date, during transport of the detainee from the CCADC in Marietta, Geogia to the SDC; the detainee escaped from the transport vehicle. ERO Atlanta officers quickly apprehended the detainee. The detainee began to resist and was taken to the ground by ERO officers. The detainee reported he injured his knee after leaping from the moving vehicle. SDC medical staff evaluated the detainee who suffered abrasion injuries to his nght, upper arm. ERO Atlanta and Joint Intake Center were notified."
90,Use of Force,"ERO Dallas, Eden Detention Center (EDC)","Undetermined, pending investigation",2024SIR0007796,"On March 15, 2024, ERO Dallas reported the use of force on a Russian national detainee while housed at the EDC in Eden, Texas. On March 13, 2024, EDC staff observed the detainee engaging in self-harm while housed in restrictive housing EDC staff observed the detainee rapidly scraping the pointed end of a spork across his left forearm approximately midway up the inside of this forearm. The detainee failed to comply with multiple directives from security officers to cease engaging in self- harm. EDC Staff deployed inflammatory agents and the detainee ceased engaging in self-harm and became compliant. EDC staff removed the detainee from the cell and started the decontamination process. Medical staff evaluated the detainee and noted no injuries. Medical Staff placed the detainee on constant watch for suicide risk and self-harm ideation pending further investigation. ERO leadership was notified."
91,Use of Force,"ERO Harlingen, Webb County Detention (WCDC)","Undetermined, pending investigation",2024SIR0007861,"On March 15, 2024, ERO Harlingen reported the use of force, oleoresin capsicum (OC) spray, on five ICE detainees, one Ghatemala national, two Salvadoran nationals , one Mexico national, and one Venezuelan national, detainee housed at the WCDC in Laredo, Texas. On March 14, 2024, the detainees refused to return inside WCDC at the conclusion of recreation time, WCDC staff spoke with the detainees' multiple times over several hours, addressing their concerns while instructing them to return to their dormitory; however, the detainees refused to comply, WCDC deployed their Special Operations Response Team (SORT) to assist in returning the detainees back to their dormitory. As the SORT approached the detainees, they began to lock their arms together and shout. The SORT deployed OC spray on all five detainees and physically restrained them. WCDC escorted all detainees to the medical unit for decontamination and medical evaluation. WCDC medical personnel evaluated the five detainees and determined that they did not sustain any injuries. No injuries were reported by RGPC staff."
92,Use of Force,"ERO Miami, Krome Service Processing Center (KSPC), ICE Health Service Corps (IHSC)","Undetermined, pending investigation",2024SIR0007831,"On March 15, 2024, ERO Miami reported the use of force and deployment of Oleoresin Capsicum (OC) on a Cuban national detainee housed in KSPC in Miami, Florida. On March 14, 2024, the detainee became irate during medical examination for a special management unit. KSPC staff gave verbal commands for the detainee to comply to placement in hand restraints. The detainee actively resisted and became physically combative. KSPC staff took the detainee to the ground and deployed OC spray to gain compliance and stop the detainee from self-harm. KSPC staff placed the detainee against the wall to apply hand and leg restraints. Once restraints were placed, all use of force ceased. KSPC staff escorted the detainee to the processing shower for decontamination. TIHSC evaluated the detainee for injuries and recommended transportation to the hospital for a possible shoulder injury. KSPC staff were treated for secondary OC spray exposure, and one reported an elbow injury. ERO leadership was notified."
93,Use of Force,"ERO Miami, ICE Health Service Corps (IHSC), Krome Service Processing Center (KSPC)","Undetermined, pending investigation",2024SIR0005027,"On January 23, 2024, ERO Miami reported the use of force on a Gambian national detainee while housed at the KSPC in Miami, Florida. On the same date, the detainee requested to file a complaint and ran outside of his dormitory. The detainee failed to follow multiple verbal commands and became physically combative toward KSPC officers. KSPC attempted to place the detainee in hand restraints, at which point, he became physically combative by kicking and pulling away. Additional KSPC staff responded and utilized the required use of force to gain compliance and applied hand restraints to avert further altercation. THSC medical staff assessed the detainee for injuries and was medically cleared. ERO leadership and the Joint Intake Center were notified."
94,Use of Force,"ERO Washington, Immigration Centers of America (ICA)","Undetermined, pending investigation",2024SIR0005068,"On January 24, 2024, ERO Washington D.C. reported the use of oleoresin capsicum (OC) spray on a Liberian national detainee and a Sierra Leonean national detainee housed at the ICA in Farmville, Virginia. On January 23, 2024, ICA staff observed the detainees engaging in a physical altercation. ICA staff ordered the detainees to stop fighting and to separate, which the detainees refused. ICA staff deployed a one-second burst of OC spray to both detainees to gain compliance, ICA staff applied restraints to the detainees and escorted them to the medical unit for decontamination and medical evaluation. The detainees  were cleared with no injuries reported, ERO Leadership and the Joint Intake Center were notified."
95,Use of Force,"ERO Philadelphia, Moshannon Valley Processing Center (MVPC)","Undetermined, pending investigation",2024SIR0005111,"On January 25, 2024, ERO Philadelphia reported the use of force on a Mexican national detainee housed at the MVPC in Philipsburg, Pennsylvania. On January 24, 2024, MVPC staff gave verbal commands for the detainee to leave his cell and the detainee refused. MVPC staff then entered the cell, guided the detainee to the floor, and placed him in restraints. MVPC staff then escorted the detainee to a medical exam room, where he was evaluated before being escorted to intake for transport. Neither the detainee nor staff were injured during the incident."
96,Use of Force,"ERO Harlingen, Rio Grande Processing Center (RGPC)","Undetermined, pending investigation",2024SIR0005208,"On January 26, 2024, ERO Harlingen reported the use of force, oleoresin capsicum (OC) spray, on a Mexican national detainee housed at the RGPC in Laredo, Texas. On January 26, 2024, the detainee threatened to harm himself and became combative towards RGPC staff. RGPC staff deployed OC spray and used the minimum amount of necessary force to gain compliance. The detainee was decontaminated and escorted to the medical unit. The detainee was examined by RGPC medical staff and noted no injuries. No injuries were reported by RGPC staff."
97,Use of Force,"ERO Miami, ICE Health Service Corps (IHSC), Krome Service Processing Center (KSPC)","Undetermined, pending investigation",2024SIR0005196,"On January 26, 2024, ERO Miami reported the use of force on a Cuban national detainee while housed at the KSPC in Miami, Florida. On January 25, 2024, the detainee failed to follow multiple verbal commands and became physically combative toward KSPC officers. KSPC attempted to place the detainee in hand restraints, at which point, be became combative. Additional KSPC staff responded and utilized the required use of force to gain compliance and applied hand restraints to avert further altercation. IHSC medical staff assessed the detainee for injuries, and he was medically cleared. ERO leadership and the Joint Intake Center were notified."
98,Use of Force,"ERO Miami, ICE Health Service Corps (IHSC), Krome Service Processing Center (KSPC)","Undetermined, pending investigation",2024SIR0005229,"On January 26, 2024, ERO Miami reported the use of force on a Cuban national detainee housed at the KSPC in Miami, Florida. On January 25, 2024, KSPC staff were escorting the detainee to his housing unit when the detainee attempted to walk outside the designated escort path KSPC staff instructed the detainee numerous times to return to the designated escorting area, to which the detainee responded with profanity and racial slurs. The detainee returned to the escort area and KSPC staff applied hand restraints and escorted the detainee to processing for disciplinary proceedings. KSPC staff placed the detainee in a cell, and when one of the hand restraints were removed the detaince lunged as if to attempt to strike the KSPC staff. KSPC staff immediately applied the necessary force to redirect the detainee to the cell wall and reapplied the hand restraints while the . detainee continued to resist and attempt to kick the KSPC staff. The detainee ceased all aggression, and the restraints were removed. IHSC assessed the detainee and cleared him No injuries were reported from the staff. ."
99,Use of Force,"ERO New Orleans, ICE Health Service Corps (IHSC), Winn Correctional Center (WCC)","Undetermined, pending investigation",2024SIR0005266,"On January 27, 2024, ERO New Orleans reported the use of force and deployment of Oleoresin Capsicum (OC) spray on 126 detainees housed at the WCC in Winnfield, Louisiana. On January 26, 2024, WCC staff deployed OC spray in the entrance doorway of three housing units to regain control of 126 non-compliant detainees. After the situation had been resolved WCC medical staff evaluated and completed medical assessments on all the detainees involved in this incident. WCC reported no * detainees were directly exposed to the OC spray. No medical treatment was provided, and all subjects were cleared of any issues. WCC staff notified ERO New Orleans of the use of force."
100,Use of Force,"ERO Miami, ICE Health Service Corps (IHSC), Krome Service Processing Center (KSPC)","Undetermined, pending investigation",2024SIR0005278,"On January 28, 2024, ERO Miami reported the use of force on a Mexican national detainee while housed at the KSPC in Miami, Florida, On January 27, 2024, KSPC staff observed the detainee at the KSPC cafeteria take an unauthorized amount of juice cartons. KSPC staff instructed the detainee to return the items. The detainee became verbally aggressive toward the KSPC staff. KSPC staff escort the detainee to the KSPC processing area to initiate disciplinary proceedings, while being escorted the detainee became angry and began to swing his arms and pull away. KSPC staff responded and utilized the required use of force to gain compliance and applied hand restraints. THSC assessed the detainee and medically cleared him. No injuries to KSPC staff were reported. ERO Leadership was notified."
101,Use of Force,"ERO San Antonio, ICE Health Service Corps (IHSC), South Texas ICE Processing Center (STIPC)","Undetermined, pending investigation",2024SIR0005277,"On January 28, 2024, ERO San Antonio reported the use of force on a Honduran national detainee while housed at the STIPC in Pearsall, Texas. On January 27, 2024, the detainee was being evaluated by IHSC medical staff for thoughts of self-harm when he became physically aggressive and struck a STIPC staff member in the chest. STIPC staff took the detainee to the ground and applied hand and leg restraints to gain compliance. STIPC staff escorted the detainee to the medical unit for a medical evaluation and IHSC medical staff noted the detainee did not have any visual injuries, but will be places on suicide watch, due to threats of self-harm. STIPC staff did not sustain any injuries. ERO Leadership was notified."
102,Use of Force,"ERO Atlanta, Stewart Detention Center (SDC)","Undetermined, pending investigation",2024SIR0005311,"On January 29, 2024, ERO Atlanta reported the use of oleoresin capsicum (OC) spray on a Honduran national detainee housed at the SDC in Lumpkin, Georgia. On January 28, 2024, the subject began hitting his head against the cell wall and SDC medical staff placed an order to move the detainee to a padded cell due to self-harm behavior. SDC staff instructed the detainee to tum around and submit to hand restraints which he refused to comply. SDC staff supervisor administered one, two second burst of OC spray into the detainee's cell. The detainee submitted to hand restraints and was escorted to the shower for decontamina- tion. SDC medical staff evaluated the detainee and determined he sustained no injuries during the incident. ERO Leadership was notified."
103,Use of Force,"ERO New Orleans, River Correctional Center (RCC)","Undetermined, pending investigation",2024SIR0005300,"On January 29, 2024, ERO New Orleans reported the use of force and deployment of Oleoresin Capsicum (OC) spray on a Venezuelan national detainee housed at the RCC in Ferriday, Louisiana. On January 28, 2024, RCC deployed OC pepper balls in a housing unit towards the dormitory's cell to regain control of the non-compliant detainee. After the situation had been resolved, RCC medical staff evaluated and completed medical assessments on all the detainees housed in the housing unit. RCC reported no detainees or staff were directly exposed to the OC deployment. No medical treatment was provided, and all detainees were cleared of any issues. Dorm security cameras recorded this spontaneous use of force, and the incident is currently under institutional review."
104,Use of Force,"ERO San Diego, Imperial Regional Detention (ICSO)","Undetermined, pending investigation",2024SIR0005332,"On January 29, 2024, ERO San Diego reported the use of force on an Iraqi national detainee while housed at the IRDF in Calexico, California. On January 28, 2024, the IRDF officer posted in the segregated medical observation, activated a body alarm when the officer noticed the detainee had removed his clothing and was lying on the floor of the cell, unresponsive. When initial responders arrived, the cell door was opened to assess the detainee. The detainee quickly moved his nght hand and wrist between the cell door and door jamb preventing the cell door from being secured. IRDF officers obtained a plastic shield and utilized it to push the detainee back into the cell and placed him in restraints. IRDF medical staff conducted a brief assessment of the detainee and notated there were no signs of injury. IRDF responding officers reported no injuries. ERO leadership and the Joint Intake Center were notified."
105,Use of Force,"ERO El Paso, ICE Health Service Corps (IHSC), El Paso Processing Center (EPC)","Undetermined, pending investigation",2024SIR0005345,"On January 30, 2024, ERO El Paso reported the use of force on a Venezuelan national detainee while housed at the EPPC in El Paso, Texas. On January 26, 2024, the detainee became combative toward a EPPC staff member when given verbal commands to keep moving as he walked to the mess hall. When EPPC staff asked the detainee for his identification, he stated that he did not have it in his possession, continued to argue with officers, and refused to proceed to the processing area to get a new identification card. An EPPC staff member proceeded to do a come along hold on the detainee and he became belligerent, pushed the EPPC staff member, and began to threaten him with bodily harm. EPPC staff successfully restrained the detainee, placed him in restraints and escorted him to processing. IHSC medical staff assessed the detainee for injuries and determined that he did not sustain any injuries. ERO El Paso and IHSC staff will continue to monitor the situation and provide updates, as necessary."
106,Use of Force,"ERO El Paso, Cibola County Correctional Center (CCCC)","Undetermined, pending investigation",2024SIR0005537,"On February 1, 2024, ERO El Paso reported the use of force on three Venezuelan national detainees and one Colombian national detainee while housed at the CCCC in Milan, New Mexico. On January 31, 2024, 35 detainees refused to return to their housing unit at the conclusion of their recreation period on the recreation yard. The detainees stated they were dissatisfied with a national news report concerning immigration policy. ERO El Paso met with the group and convinced five detainees to return to their housing unit. CCCC staff executed an approved tactical operation and using minimum force to gain compliance of 26 detainees, CCCC Staff executed calculated use of force on the four remaining detainees, securing them in restraints, and escorting them to restrictive housing. CCCC medical staff evaluated and cleared the detainees."
107,Use of Force,"ERO San Antonio, South Texas ICE Processing Center (STIPC), ICE Health Service Corps (IHSC)","Undetermined, pending investigation",2024SIR0005542,"On February 2, 2024, ERO San Antonio reported the use of force on an Ecuadoran national detainee housed at the STIPC in Pearsall, Texas. On February 1, 2024, the detainee attempted to hit STIPC staff while being escorted through the hallway. STIPC staff immediately took the detainee down to the floor to apply leg restraints. STIPC staff placed the detainee on a gurney to escort to medical for evaluation. THSC medical staff evaluated the detainee and determined he sustained no injuries during the incident. The detainee will remain in medical isolation for observation. ERO Leadership was notified."
108,Use of Force,"ERO Dallas, Bluebonnet Detention Center (BBDC), Jones County Sheriff's Department (JCSD)","Undetermined, pending investigation",2024SIR0005631,"On February 3, 2024, ERO Dallas reported a use of force on a Colombian national detainee while housed at the BBDC in Anson, Texas, On February 2, 2024, BBDC staff referred the detainee to the medical department for a mental health evaluation. While in the mental health office, the detainee made threats to harm someone if he was not removed from the facility, BBDC security staff made verbal warnings to the detainee and attempted to place him in restraints when the detainee became physically aggressive. During the struggle, the detainee grabbed an electronic signature pen, stabbed a BBDC staff member under the chin and stabbed a second staff member near the cye, then attempting to bite them as well. BBDC staff successfully gained control of the detainee and placed him in restraints. Medical staff determined the detainee did not sustain any injuries. A police report was filed with the JCSO and ERO Leadership, and the Joint Intake Center were notified."
109,Use of Force,"ERO Miami, ICE Health Service Corps (IHSC), Krome Service Processing Center (KSPC)","Undetermined, pending investigation",2024SIR0005637,"On February 3, 2024, ERO Miami reported the use of force on a Haitian national detainee housed at the KSPC in Miami, Flor- ida. On February 2, 2024, the detainee approached and threatened to punch a KSPC staff member The KSPC staff attempted to question the detainee as to his erratic behavior, the detainee aggressively lunged at the KSPC staff member. To create distance, the KSPC staff member pushed him away, while a second KSPC staff member physically secured detainee and carried him outside the housing unit away from other detainees. The detainee continued uttering threats of inflicting bodily harm and remained noncompliant ignoring KSPC staff member's verbal commands to stop resisting and cease his aggressive behavior. Once outside the housing unit, additional KSPC staff arrived and assisted in redirecting the detainee to the wall and then ground to apply hand restraints and gain compliance. Once restrained, all use of force ceased. HSC medical staff assessed the detainee for post use of force clearance and recommended the detainee be transported to a local hospital in South Miami, Miami, FL, for further evaluation of elbow pain. KSPC staff involved in the use of force did not report any injuries. AGS management will initiate disciplinary procedures against the detainee. KSPC staff notified ERO Miami of the use of force. _"
110,Use of Force,"ERO Miami, ICE Health Service Corps (IHSC), Krome Service Processing Center (KSPC)","Undetermined, pending investigation",2024SIR0005693,"On February 5, 2024, ERO Miami reported the use of force on a Haitian national detainee housed at the KSPC in Miami, Florida. On the same date, a KSPC staff instructed the detainee to turn off the room light so that other detainees may sleep. The detainee became irate and yelled profanities at the KSPC staff and then escalated the situation by aggressively lunging towards the KSPC staffs face with a closed fist. KSPC staff avoided the strike and redirected the detainee to the wall, causing him to then fall on the floor. Once on the floor, a second KSPC staff member applied hand and leg restraints to gain compliance. THSC assessed the detainee and cleared him. No injuries were reported from the staff. ERO leadership and the Joint Intake Center were notified."
111,Use of Force,"ERO New Orleans, Central Louisiana ICE Correctional Center (CLIPC)","Undetermined, pending investigation",2024SIR0005731,"On February 6, 2024, ERO New Orleans reported the use of oleoresin capsicum (OC) spray on two Venezuelan national detainees housed in CLIPC Jena, Louisiana. On the same date, as CLIPC staff attempted to remove one of the detainees from the recreation yard, the detainee became non-compliant and proceeded to kick the yard fence and spat on CLIPC staff. The second detainee joined in kicking the fence and CLIPC staff deployed a single burst of oleoresin capsicum (OC) spray on the two detainees to regain compliance. CLIPC staff secured all detainees in hand restraints and escorted them to medical for decontamination and assessment after the exposure. ERO leadership and the Joint Intake Center have been notified."
112,Use of Force,"ERO Phoenix, Central Arizona Florence Correctional Complex (CAFCC)","Undetermined, pending investigation",2024SIR0005713,"On February 6, 2024, ERO Pheonix reported the use of oleoresin capsicum (OC) spray on a Cuban national detainee housed in CAFCC in Florence, Arizona. On the same date, the detainee spat water onto a CAFCC staff member. The CAFCC staff deployed a two-second burst of OC spray to gain compliance from the detainee. The detainee complied and was placed into bdnd restraints. CAFCC staff escorted the detainee to the medical unit for evaluation. The detainee refused to decontaminate. CAFCC medical staff evaluated the detainee and reported no injuries. ERO leadership and the Joint Intake Center were notified."
113,Use of Force,"ERO San Antonio, South Texas ICE Processing Center (STIPC), ICE Health Service Corps (IHSC)","Undetermined, pending investigation",2024STR0005725,"On February 6, 2024, ERO San Antonio reported the use of force on a Venezuelan national detainee while housed in the STIPC in Pearsall, Texas. On February 5, 2024, the detainee was displaying aggressive behavior and approached STIPC staff in an aggressive manner. STIPC staff gave the detaince several orders to submit to restraints, but the detainee refused to comply with the commands. STIPC staff took the detainee to the floor and applied hand and leg restraints. STIPC staff transported the detainee to the medical unit for a medical clearance by IHSC and the detainee continued his aggressive behavior and being disruptive. STIPC staff removed leg and hand restraints after the detainee appeared calm and cooperated with verbal , comunands. THSC medically evaluated and cleared the detainee. ERO leadership was notified."
114,Use of Force,"ERO Atlanta, Stewart Detention Center (SDC)","Undetermined, pending investigation",2024SIR0005779,"On February 7, 2024, ERO Atlanta reported the use of oleoresin capsicum (OC) spray on a Honduran national detainee housed at the SDC in Lumpkin, Georgia. On February 6, 2024, the detainee refused all verbal commands to dress in the suicide smock. In response, SDC staff assembled a five-man cell extraction team to physically remove the detainee's clothing for placing in the suicide smock. SDC removed the clothing and leg restraints and exited the cell. However, repeated attempts at getting the detainee to back up to the door for removal of hand restraints were unsuccessful, with the detainee resisting. The extraction team was assembled, and staff administered a single spray of OC into the detainee's cell, which resulted in initial compliance with staff orders. Due to additional non-compliance issues, SDC staff conducted continuous monitoring checks until compliance was again met and the restraints were successfully removed. No injuries were reported. ERO Leadership was notified."
115,Use of Force,"ERO Miami, Krome Service Processing Center (KSPC), ICE Health Service Corps (IHSC)","Undetermined, pending investigation",2024SIR0005802,"On February 7, 2024, ERO Miami reported the use of force on a Jamaican national detainee housed at the KSPC in Miami, Flonda. On February 6, 2024, the detainee covered the cell surveillance camera with wet paper, removed his clothing, stuffed it in the toilet and began to flood the cell. The detainee refused to comply with KSPC staffs verbal commands to stop his behavior and to submit to hand restraints. KSPC staff members entered the room, placed the detainee on the ground, and applied hand restraints. Once restrained, all use of force ceased. KSPC staff escorted the detainee to IHSC for medical examination. THSC did not report any injuries incurred from the use of force but did determine that the detainee required to be transported a local hospital in Miami, Florida due to acute psychosis No injuries to the KSPC staff members were reported. ERO leadership was notified. :"
116,Use of Force,"ERO San Antonio, South Texas ICE Processing Center (STIPC), ICE Health Service Corps (IHSC)","Undetermined, pending investigation",2024SIR0005798,"On February 7, 2024, ERO San Antonio reported the use of force on a Venezuelan national detainee while housed at STIPC in Pearsall, Texas. On February 6, 2024, the detainee became aggressive and noncompliant towards STIPC staff in the dormi- tory. The detainee refused to comply with verbal commands. Five STIPC staff members entered the room, placed the detainee on the ground, and applied flex cuff hand restraints. STIPC staff escorted the detainee to the Special Management Unit and THSC conducted a medical examination. No injuries to the detainee or STIPC staff members reported. ERO leadership was"
117,Use of Force,"ERO Philadelphia, Moshannon Valley Processing Center (MVPC)","Undetermined, pending investigation",2024SIR0005855,"On February 8, 2024, ERO Philadelphia reported the use of force on a Liberian national detainee while housed at MVPC in Philipsburg, Pennsylvania. On February 7, 2024, the detainee failed to comply with MVPC staff orders to return to his dormitory after leaving the recreation area. The detainee resisted efforts by MVPC staff to escort him to the dormitory, causing MVPC staff to take the detainee to the ground and secure him in restraints. The detainee was taken to medical for examination of a complaint of a sore wrist, then placed in disciplinary segregation. No injuries were reported o MVPC staff. ERO leadership and the Joint Intake Center were notified."
118,Use of Force,"ERO Phoenix, ICE Health Service Corps (IHSC), Eloy Detention Center (EDC)","Undetermined, pending investigation",2024SIR0005872,"On February 8, 2024, ERO Phoenix reported the use of oleoresin capsicum (OC) spray on a Jamaican national detainee while housed at the EDC in Eloy, Arizona. On February 7, 2024, EDC contract staff observed the detainee attempting to commit suicide. An emergency response was initiated by EDC. The detainee failed to comply with EDC contract staff orders to remove the sheet from around her neck, causing EDC contract to use OC spray to gain compliance. EDC contract staff decontaminated the detainee in the shower, before escorting them to medical for further decontamination and a medical and mental health examination by IHSC medical staff. ERO leadership and the Joint Intake Center were notified. ("
119,Use of Force,"ERO Atlanta, Stewart Detention Center (SDC)","Undetermined, pending investigation",2024SIR0005973,"On February 9, 2024, ERO Atlanta reported the use of force and deployment of oleoresin capsicum (OC) spray on a Venezuelan national detainee currently housed in SDC in Lumpkin, Geogia. On the same date, the detainee refused to comply with SDC staff's verbal commands, and a burst of OC was deployed to the detainee while housed in the Restricted Housing Unit. SDC staff escorted the detainee for decontamination and evaluation by medical staff. SDC medical staff evaluated the detainee. ERO Atlanta and Joint Intake Center were notified."
120,Use of Force,"ERO Buffalo, Buffalo Federal Detention Facility (BFDF), ICE Health Service Corps (IHSC)","Undetermined, pending investigation",2024SIR0005949,"On February 9, 2024, ERO reported the use of force and deployment of oleoresin capsicum (OC) spray on an Albanian national detainee while housed in BFDF in Batavia, New York. On February 8, 2024, the detainee was upset over his attorney not answering the phone during his allotted time to use the phone. The detainee continued to get increasingly upset and refused several orders by BFDF staff to turn around to be placed into hand restraints. BFDF staff attempted to get the detainee to' comply with verbal commands and avoided several advances from the detainee. The detainee attempted to throw a computer at the BFDF staff. BFDF staff then deployed OC spray to gain compliance and mitigate any possible injury to the detainee or staff. The detainee was placed into hand restraints and escorted to the shower for decontamination and medical for evaluation. THSC medical staff evaluated the detainee. ERO leadership and Joint Intake Center were notified. 4"
121,Use of Force,"ERO Los Angeles, Desert View Facility (DVF)",N/A,2024SIR0005927,"On February 9, 2024, ERO Los Angeles reported the use of oleoresin capsicum (OC) spray on two Salvadoran nationals and one Honduran national involved in a physical altercation while housed at the DVF in Adelanto, California. On February 8, 2024, the detainees who were involved in a physical altercation failed to comply with GEO officers commands to ceased fighang. GEO officers then deployed a one second burst of OC spray in the direction of the detainees, gained compliance, and placed them in restraints. GEO officers escorted the detainees to Intake and Medical for decontamination and medical evaluation. GEO reported that two of the detainees sustained injuries to the head, outer aspects of the eyes, a swollen right knee, red marks the forehead and scratches on their left and right hands. Responding GEO personnel reported no injuries to themselves."
122,Use of Force,"ERO Buffalo, Buffalo Federal Detention Facility (BFDF), ICE Health Service Corps (IHSC)","Undetermined, pending investigation",2024SIR0006091,"On February 12, 2024, ERO Buffalo reported the use of force and deployment of oleoresin capsicum (OC) spray on a Trin- idadian national detainee while housed in BFDF in Batavia, New York. On February 11, 2024, BFDF staff responded to multiple detainees who were refusing to lock in for a tier change, this detainee became verbally combative while advancing towards BFDF staff. The detainee struck the detention officer in the face with a closed fist. BFDF staff placed the detainee on the ground. The detainee continued to actively resist and not comply with orders. BFDF staff deployed OC spray to gain compliance and mitigate any possible injury to the detainee or staff. The detainee was placed into hand restraints and escorted to the shower for decontamination and medical for evaluation. IHSC medical staff evaluated the detainee. ERO leadership and Joint Intake Center were notified."
123,Use of Force,"ERO Miami, Krome Service Processing Center (KSPC), ICE Health Service Corps (IHSC)","Undetermined, pending investigation",2024SIR0006108,"On February 12, 2024, ERO Miami reported the use of force, oleoresin capsicum (OC) spray, on a Nicaraguan national detainee, while housed at the KSPC in Miami, Florida. On the same date, the detainee threatens, harass, and struck another detainee with a closed fist. KSPC staff immediately intervened to separate both detainees. The detainee became aggressive and actively resistant towards KSPC staff by flailing his arms and pulling away. KSPC staff redirected the detainee to the ground to gain compliance, but he physically resisted and began to forcefully bang his bead on the floor. KSPC staff deployed OC spray to stop the detainee from harming himself. The detainee was placed in hand restraints and escorted to showers for decontamination. The detainee was examined by IHSC staff and noted no injuries No KSPC staff reported any injuries."
124,Use of Force,"ERO Salt Lake, Nye County Detention Center (NCDC), Nye County Sheriff's Department (NCSD)","Undetermined, pending investigation",2024SIR0006107,"On February 12, 2024, ERO Salt Lake reported the use of force on a Mexican national detainee housed at the NCDC in Pahrump, Nevada. On the same date, NCDC staff were preparing detainees for scheduled immigration court, when the detainee was asked to step to the front of the facility, but refused, resisted, and failed to comply. The detainee then initiated a closed fist strike to the NCDC staff member, who utilized a counter strike to gain compliance. NCDC staff then escorted the detainee for medical examination by NCDC medical staff. NCDC reported minor injuries to the NCDC staff members bead, sustained during the altercation. NCDC medical staff rendered care and assessed that the detainee was cleared and sustained no injuries. ERO leadership, NCSO, and Joint Intake Center were notified. :"
125,Use of Force,"ERO Seattle, ICE Health Service Corps (IHSC), Northwest ICE Processing Center (NWPIC)","Undetermined, pending investigation",2024SIR0006208,"On February 14, 2024, ERO Seattle reported the use of force on a Nigerian national detainee housed at the NWIPC in Tacoma, Washington. On February 13, 2024, NWIPC staff directed the detainee to submit to restraints and the detainee refused and failed to comply. NWIPC staff assisted the detainee to the ground and appropriately applied restraints to gain compliance. NWIPC reported no injuries to the detainee. One NWIPC staff member sustained impact injury to their right elbow during the takedown and no medical attention was requested. ERO Leadership was notified."
126,Use of Force,"ERO Miami, Broward Transitional Center (BTC)","Undetermined, pending investigation",2024SIR0011909,"On June 5, 2024, ERO Miami reported the use of force on a Venezuelan national detainee while housed at the BTC in Pompano Beach, Florida. On June 4, 2024, the detainee hit the dining hall window with a closed fist when informed by BTC staff that communication time had concluded. BTC staff gave multiple verbally orders to cease the disruptive behavior and to submit to hand restraints. The detainee ignored BTC staff's orders and physically resisted BTC staffs attempt to apply hand restraints. BTC staff redirected the detainee to the ground, placed the detainee in hand restrains and all use of force ceased. No injuries were report to the detainee who was medically cleared, and no injuries were reported by BTC staff members. The detainee was approved to be moved to KSPC, due to continuations disruptive behavior. ERO leadership was notified."
127,Use of Force,"ERO Philadelphia, Moshannon Valley Processing Center (MVPC)","Undetermined, pending investigation",2024SIR0011880,"On June 5, 2024, 2024, ERO Philadelphia reported the use of force on a Colombian national detainee while housed in MVPC in Philipsburg, Pennsylvania. On June 4, 2024, while the detainee was being escorted by MVPC staff back to the cell, the detainee became combative, attempted to headbutt and trip MVPC staff. MVPC staff to take the detainee to the floor and apply restraints. The detainee was medically cleared with no reported injuries. No injuries to MVPC staff were reported. ERO leadership and Joint Intake Center were notified."
128,Use of Force,"ERO San Antonio, South Texas ICE Processing Center (STIPC)","Undetermined, pending investigation",2024SIR0011980,"On June 6, 2024, ERO San Antonio reported the use of oleoresin capsicum (OC) spray on a South African national detainee while housed at the STIPC in Pearsall, Texas. On the same date, the detainee refused to comply with verbal commands to submit to placement in hand restraints for a cell search. STIPC staff deployed OC spray to gain compliance and place the detainee into hand restraints. STIPC staff placed the detainee in hand restraints and relocated the detainee to another cell for the cell search. While removing the hand restraints for decontamination, the detainee pushed an STIPC staff members face into the cell door, causing an injury. STIPC staff instructed the detainee to decontaminate with soap and water provided inside the cell. The detainee initially refused medical evaluation. After the use of force was completed, STIPC medical staff evaluated the detainee and reported no injuries. ERO leadership was notified."
129,Use of Force,"ERO Atlanta, Stewart Detention Center (SDC)","Undetermined, pending investigation",2024SIR0012025,"On June 7, 2024, ERO Atlanta reported the use of oleoresin capsicum (OC) spray on a Nicaraguan national detainee while housed at the SDC in Lumpkin, Georgia. On June 6, 2024, the detainee refused to comply with verbal commands to untie a phone cord from the toilet and cell door. SDC staff then deployed four bursts of OC spray into the cell, which resulted in com- pliance and the detainee being placed in restraints. SDC staff escorted the detainee to restricted housing for decontamination and medical evaluation. No injuries were reported to either the detainee or SDC staff."
130,Use of Force,"ERO Miami, ICE Health Service Corps (IHSC), Krome Service Processing Center (KSPC)","Undetermined, pending investigation",2024SIR0012009,"On June 7, 2024, ERO Miami reported the use of oleoresin capsicum (OC) on a Cuban national detainee while housed at the KSPC im Miami, Florida. On June 6, 2024, while in a single cell of the KSPC visitation area, the detainee began verbally threating KSPC staff while kicking and banging his cell door. KSPC staff issued several clear and direct commands cease his unruly behavior and comply. The detainee refused compliance and demanded to speak to a higher authority in KSPC. An ERO Miami Supervisory Detention and Deportation Officer attempted to diffuse the situation without success. The detainee continued forcefully kicking the cell door creating a loud disturbance, impeding normal operations in the KSPC visitation area. KSPC staff deployed a direct burst of OC spray to the detainee's facial area, the detainee ceased resisting and submitted to the placement of hand restraints. Once restrained, all use of force ceased. KSPC DOs escorted the detainee to the KSPC processing shower area for decontamination. IHSC medical staff then assessed the detainee post use of force and medically cleared him. KSPC staff did not report any injuries. KSPC staff will initiate disciplinary procedures against the detainee in relation to this incident."
131,Use of Force,"ERO Philadelphia, Moshannon Valley Processing Center (MVPC)","Undetermined, pending investigation",2024SIR0012001,"On June 7, 2024, ERO Philadelphia reported the deployment of oleoresin capsicum (OC) spray on a Dominican national detainee and a Saint Lucian national detainee while housed in MVPC in Philipsburg, Pennsylvania. On June 6, 2024, MVPC responded to a housing unit due to report of a physical altercation between the detainees. Upon arrival in the housing unit, MVPC staff attempted to separate the detainees. The detainees refused to comply with instruction and MVPC staff used a controlled burst of oleoresin capsicum (OC) spray to gain compliance. The detainees complied with the order and allowed the restraints to be applied without further issue. MVPC staff took the detainee for decontamination, and to the medical room to be assessed. After the medical assessment was finished MVPC staff placed the detainee into a new housing unit. ERO Leadership was notified."
132,Use of Force,"ERO Philadelphia, Moshannon Valley Processing Center (MVPC)","Undetermined, pending investigation",2024SIR0012064,"On June 9, 2024, ERO Philadelphia reported the use of oleoresin capsicum (OC) spray on two Ecuadorian national detainees, one Haitian detainee, and one Guatemalan national detainee while housed in MVPC in Philipsburg, Pennsylvania. On June 7, 2024, MVPC staff responded to a housing unit where four detainees were obstructing the doors and refused to comply with a security count and verbal instruction. MVPC staff deployed a three-second burst of OC spray to gain compliance. The detainees complied with the MVPC staff's order and allowed the restraints to be applied without further incident. MVYPC staff took the detainee for decontamination and to the medical room to be assessed. The detainees were assigned to a new housing unit. ERO leadership and Joint Intake Center were notified. :"
133,Use of Force,"ERO Phoenix, ICE Health Service Corps (IHSC), Eloy Detention Center (EDC)","Undetermined, pending investigation",2024SIR0012127,"On June 10, 2024, ERO Phoenix reported the use oleoresin capsicum (OC) spray on a Mexican national detainee while housed at the EDC in Eloy, Arizona. On June 9, 2024, the detainee refused to comply with several EDC staff's commands to remove a blanket that covered the cell window. EDC staff sprayed a burst of OC spray and entered the cell and placed hand and leg restraints on the subject. EDC staff escorted the subject to the showers for decontamination. The detainee was examined by _ THSC and medically cleared. No injuries to the detainee or EDC staff were reported. The detainee was returned to his cell without further incident. ERO leadership and the Joint Intake Center were notified."
134,Use of Force,"ERO Harlingen, El Valle Detention Facility (EVDF)","Undetermined, pending investigation",2024SIR0012176,"On June 11, 2024, ERO Harlingen reported the use of force on a Nicaraguan national detainee housed at the EVDF in Ray- mondville, Texas. On June 10, 2024, the detainee became noncompliant and aggressive towards another detainee during an altercation. EVDF staff used necessary force to control the detainee and placed hands on his upper body to gain compliance and escorted the detainee for post use-of-force medical evaluation. The detainee suffered no injuries. ERO leadership was notified."
135,Use of Force,"ERO San Antonio, Karmes County Immigration Processing Center (KCIPC)","Undetermined, pending investigation",2024SIR0012177,"On June 11, 2024, ERO San Antonio reported the use of force on a Honduran national detainee while housed at the KCIPC in Karnes City, Texas. On June 10, 2024, the detainee refused to comply with verbal commands by KCIPC staff to go into the medical hallway. KCIPC staff called for additional staff to assist. The detainee physically and verbally resisted KCIPC staff during the application of hand restraints, by placing his feet on the door frame, caused the KCIPC staff to fall forward with the detainee through the doorway. KCIPC staff applied hand restraints and continued to escort the detainee to medical for examination without further incident. The detainee was examined by KCIPC medical staff and cleared with no injunes. One KCIPC staff member received treatment for a wound received during the fall. ERO leadership was notified."
136,Use of Force,"ERO San Diego, Imperial Regional Detention (ICSO)","Undetermined, pending investigation",2024SIR0012254,"On June 12, 2024, ERO San Diego reported the use of force on Panamanian national detainee while housed at the IRDF in Calexico, California. On June 11, 2024, the detainee failed to comply with IRDF staff instructions to stop throwing papers at a mail clerk, resulting in IRDF staff to apply four-point restraints to the detainee, secure the detainee to a gurney, and transport them to medical for evaluation, where the detainee was medically cleared and then transferred to the restrictive housing unit. No injuries to the detainee or IRDC staff were reported. ERO leadership and the Joint Intake Center were notified."
137,Use of Force,"ERO San Diego, Imperial Regional Detention (ICSO), ICE Health Service Corps (IHSC), Paradise Valley Hospital (PVH)","Undetermined, pending investigation",2024SIR0012255,"On June 12, 2024, ERO San Diego reported the use of force on a Mexican national detainee housed at IRDF in Calexico, California. On June 11, 2024, the subject was seen inside his cell holding an electrical cord and refused to comply with IRDF staff commands. IRDF staff used reasonable and necessary force to place the detainee in handcuffs and leg restraints. IRDF staff escorted the detainee to medical where he refused medical treatment and was transported to PVH in National City, Cali- fornia. No injuries were reported. ERO leadership and Joint Intake Center were notified."
138,Use of Force,"ERO San Diego, Imperial Regional Detention (ICSO), ICE Health Service Corps (IHSC)",N/A,2024SIR0012284,"On June 13, 2024, ERO San Diego reported the use of force on a Kyrgyzstani national detainee while housed at the IRDF in Calexico, California, On June 12, 2024, the detainee declined to follow orders to dress in his civilian clothing for receiving and discharge (R&D) and refused to submit to hand restraints. IRDF staff members used reasonable and necessary use of force to restrain the detainee. RDF medical staff cleared the detainee of any injuries. ERO leadership and the Joint Intake Center were notified."
139,Use of Force,"ERO Atlanta, Stewart Detention Center (SDC)","Undetermined, pending investigation",2024SIR0012367,"On June 14, 2024, ERO Atlanta reported the use of oleoresin capsicum (OC) spray on a Nicaraguan national detainee while housed at the SDC in Lumpkin, Georgia. On June 12, 2024, SDC staff gave multiple verbal commands to the detainee to submit to hand restraints for transfer from medical to segregation. SDC staff supervisors deployed OC spray. The detainee continued to refuse all verbal orders. SDC staff deployed another burst of OC spray and assembled the cell extraction team. The detainee became physically combative once the cell extraction team entered the cell. Another burst of OC spray was deployed. The detainee actively resisted as hand restraints and leg restraints were applied. The detainee was placed in a wheelchair for escort to the segregation unit for decontamination. SDC medical staff evaluated the detainee and reported no injuries."
140,Use of Force,"ERO Dallas, Prairieland Detention Center (PDC)","Undetermined, pending investigation",2024SIR0012406,"On June 14, 2024, ERO Dallas reported the use of oleoresin capsicum (OC) spray on a Salvadoran national detainee and a Honduran national detainee while housed at the PDC in Alvarado, Texas. On June 13, 2024, PDC staff responded to an altercation and deployed OC spray to gain compliance and to prevent serious injuries to both detainees. PDC staff removed both detainees to the medical unit by applying restraints and physically transferring both detainees without further incident. PDC medical staff cleared both detainees. There were no charges filed. ERO leadership was notified."
141,Use of Force,"ERO San Antonio, South Texas ICE Processing Center (STIPC), ICE Health Service Corps (IHSC)","Undetermined, pending investigation",2024SIR0012378/2024SIR0012377,"On June 14, 2024, ERO San Antonio reported two use of force incidents and the use of oleoresin capsicum (OC) spray on a South African national detainee while housed at the STIPC in Pearsall, Texas. On June 13, 2024, the detainee refused to comply with STIPC contract staff verbal commands to submit to placement in hand restraints. STIPC staff deployed OC spray to gain compliance and place the detainee into hand and leg restraints. STIPC staff placed him on a medical gumey and escorted him to medical evaluation without incident. IHSC completed a cell site assessment reporting no injuries to the detainee. On the same date, the detainee refused to comply with verbal commands by STIPC staff to surrender the piece of chipped concrete. The detainee attempted to commit self-harm by using the piece to cut his left arm. STIPC staff deployed OC spray to gain compliance and placed the detainee into band restraints. STIPC staff escorted the detainee out of the cell, onto IHSC medical gumey, and back to the cell. IHSC medically accessed the detainee, who reported dizziness, and he was taken to the hospital to rule out head trauma. ERO Leadership has been notified."
142,Use of Force,"ERO Washington, ICE Health Service Corps (IHSC), Caroline Detention Facility (CDF)","Undetermined, pending investigation",2024SIR0012410,"On June 14, 2024, ERO Washington reported the use of oleoresin capsicum (OC) spray on a Haitian national detainee while housed at the CDF in Bowling Green, Virginia. On June 13, 2024, the detainee refused to comply with CDF staff verbal commands while being escorted for a medical evaluation. While in medical, the detainee became verbally and physically aggressive towards IHSC medical staff and CDF staff, refusing to comply. CDF staff deployed a single burst of OC spray and used the least amount of force necessary to gain control to apply hand restraints and gain compliance. The detainee was examined by IHSC and medically cleared. One injury was found where detainee had a raised bump on his forehead with no other medical concerns. No CDF staff members were injured during the incident. ERO leadership and the Joint Intake Center were notified. ,"
143,Use of Force,"ERO Washington, Immigration Centers of America (ICA)","Undetermined, pending investigation",2024SIR0012416,"On June 14, 2024, ERO Washington reported the use of force on a Nicaraguan national detainee while housed at the JCA in Farmville, Virginia. On the same date, the detainee refused to comply with verbal commands by ICA staff members to come to the cell door to be put into restraints. The detainee refused to comply with ICA staff orders and used the mattress in the cell to attempt to block the cell door and cover the cell camera. ICA officers deployed a single burst of oleoresin capsicum spray through the tray slot in the cell door. The detainee surrendered his hands to the stray alot and complied with staff orders to submit to hand restraints. ICA staff escorted detainee out of the cell and placed him in the restraint chair for decontamination and medical evaluation. The detainee sustained # minor injury to his right middie finger during the incident. One ICA staff member also received a small abrasion to his right forearm. ERO leadership was notified."
144,Use of Force,"ERO Miami, ICE Health Service Corps (IHSC), Krome Service Processing Center (KSPC)","Undetermined, pending investigation",2024SIR0012509,"On June 17, 2024, ERO Miami reported the use of force on a Jamaican national detainee while housed at the KSPC in Miami, Florida. On the same date, the detainee refused to comply with a routine pat down search by a KSPC staff and attempted to walk away. KSPC staff gave the detainee multiple verbal commands to submit to a pat down search and attempted to physically stop the detainee. The detainee became aggressive by slapping a KSPC staff's hand away and verbally threaten him. Upon arrival of additional KSPC staff, the detainee refused to comply with staff orders to submit to hand restraints. The detainee physically and verbally resisted KSPC staff during the application of hand restraints, causing staff to put the detainee on the floor to apply hand restraints and gain compliance. The detainee was examined by IHSC and medically cleared. No injuries were reported to KSPC staff. The detainee was relocated to another cell pending a disciplinary investigation. ERO leadership : was notified."
145,Use of Force,"ERO San Antonio, ICE Health Service Corps (IHSC), T. Don Hutto Detention Center (TDHDC)","Undetermined, pending investigation",2024SIR0012478,"On June 17, 2024, ERO San Antonio reported the use of force on a Venezuelan national detainee housed in the TDHDC in Taylor, Texas. On June 15, 2024, the detainee refused to comply with TDHDC staff's commands to return to his housing unit after finishing dinner. The detainee resisted TDHDC staff attempt to place the detainee in hand restraints and attempted to escape, Additional TDHDC staff arrived and utilized a take-down method to restrain the detainee. One TDHDC staff was bitten by the detainee and sent to urgent care for treatment to his left hand. IHSC staff evaluated the detainee and reported no injuries from the use of force. ERO leadership was notified."
146,Use of Force,"ERO Philadelphia, Moshannon Valley Processing Center (MVPC)","Undetermined, pending investigation",2024SIR0012572,"On June 18, 2024, ERO Philadelphia reported the use of oleoresin capsicum (OC) spray on an Uzbekistani national detainee while housed at the MVPC in Philipsburg, Pennsylvania. On the same date, MVPC staff instructed the detainee to remove toilet paper from his cell window, the detainee refused. MVPC staff entered the cell, and the detainee approached the staff member yelling. MVPC staff ordered the detainee to stop approaching. The detainee did not comply. MVPC staff deployed OC spray to gain compliance and place the detainee in hand restraints. MVPC staff escorted the detainee to decontamination and evaluation by MVPC medical staff. MVPC medical staff reported no injuries to the detainee. ERO leadership and the Joint Intake Center were notified."
147,Use of Force,"ERO St Paul, ICE Health Service Corps (IHSC), Kandiyohi County Jail (KCJ)","Undetermined, pending investigation",2024SIR0012590,"On June 19, 2024, ERO St. Paul reported the use of electro muscular disruption device (EMDD) on a Brazilian national detainee while housed at the KCJ in Willmar, Minnesota. On June 18, 2024, the detainee broke a sprinkler head, flooded his cell, and refused KCJ staff commands, causing KCI staff to order the detainee to assume a cuffing position for relocation to another cell. The detainee resisted KCJ staff while being handcuffed, causing KC) staff to place the detainee on the floor and hold him with a shield. The detainee continued to resist and kick KCJ staff, causing a KCJ staff member to use the drive stun mode of the EMDD on the detainee's right buttock to gain compliance. KCJ staff examined the detainee and did not see any visible injuries. THSC was advised of the incident. ERO leadership was notified. :"
148,Use of Force,"ERO Miami, ICE Health Service Corps (IHSC), Krome Service Processing Center (KSPC)","Undetermined, pending investigation",2024SIR0012651,"On June 20, 2024, ERO Miami reported the use of force on a Haitian national detainee while housed at the KSPC in Miami, Florida. On the same date, the detainee refused to comply with a KSPC staff orders to exit the medical housing unit holding area and return to his assigned cell in the special housing unit, after claiming that he had ingested batteries and had stomach pain. While being transported in a wheelchair, the detainee resisted KSPC staff, refused IHSC instructions, became aggressive, and attempted to eject himself from the wheelchair, prompting them to use a calculated use of force to put him in a four-point restraint chair and spit mask. Once fully restrained, the detainee stopped resisting and all use of force ceased. The detainee was examined by IHSC and medically cleared. No injuries were reported to KSPC staff. KSPC management will initiate disciplinary procedures against the detainee in relation to this incident. ERO leadership was notified."
149,Use of Force,"ERO San Antonio, ICE Health Service Corps (IHSC), T. Don Hutto Detention Center (TDHDC)","Undetermined, pending investigation",2024SIR0012586,"On June 20, 2024, ERO San Antonio reported the use of force on a Honduran national detainee housed in the TDHDC in Taylor, Texas. On June 18, 2024, the detainee refused to comply with TDHDC staff commands while being escorted from the showers to a segregation cell. The detainee refused to enter his cell and sat on the floor. The detainee then escaped his hand restraints and grabbed a TDHDC staff member. TDHDC staff used the necessary force to take the detainee to the ground where hand and leg restraints were applied. One TDHDC staff was bitten by the detainee while placing the detainee in restraints. TDHDC staff escorted the detainee to his cell and leg restraints were removed. The detainee refused to allow hand restraints to be removed. TDHDC staff entered the cell to remove the hand restraints and the detainee used a sharp object to lacerate the arms of two officers during the removal of the restraints. Four TDHDC staff members were sent to the emergency room for a bite wound, thumb injury and lacerations. IHSC staff evaluated the detainee and reported no injuries from the use of force. ERO leadership was notified."
150,Use of Force,"ERO Miami, ICE Health Service Corps (IHSC), Krome Service Processing Center (KSPC)","Undetermined, pending investigation",2024SIR0012752,"On June 22, 2024, ERO Miami reported the use of force on a Jamaican national detainee while housed at the KSPC in Miami, Florida. On June 21, 2024, KSPC staff physically prevented the detainee from swallowing a battery after repeatedly expressing a desire to cause self-harm. The detainee became noncompliant and actively refused to follow multiple verbal commands to be escorted to the KSPC medical housing unit for medica! observation. The detainee physically resisted when KSPC staff attempted to restrain him. KSPC staff utilized the minimal amount of force necessary to place the detainee into a four-point restraint chair and a spit mask. Once fully restrained, the detainee stopped resisting and all use of force ceased. No injuries to the detainee or KSPC staff were reported. ERO leadership was notified."
151,Use of Force,"ERO Miami, ICE Health Service Corps (IHSC), Krome Service Processing Center (KSPC)","Undetermined, pending investigation",2024SIR0012780,"On June 23, 2024, ERO Miami reported the use of force on a Mexican national detainee while housed at the KSPC in Miami, Florida. On the same date, the detainee engaged in a physical altercation with an unknown nationality detainee. KSPC staff gave multiple verbal commands to both detainees to cease fighting. The Mexican national detainee refused to comply and physically resisted by pushing, shoving, and pulling away from KSPC staff. KSPC conducted a controlled take-down and restrained the detainee. IHSC medical staff assessed and cleared the detainee. No injuries to the KSPC staff members or the detainee were reported. ERO leadership was notified."
152,Use of Force,"ERO Philadelphia, Moshannon Valley Processing Center (MVPC)","Undetermined, pending investigation",2024SIR0012765,"On June 23, 2024, ERO Philadelphia reported the use of oleoresin capsicum (OC) spray on an Ivoirian national detainee while housed at MVPC in Philipsburg, Pennsylvania. On June 22, 2024, the detainee was involved in a physical confrontation with a Honduran national detainee. MVPC staff separated the detainees, and the Ivoirian national detainee became combative and struck a MVPC staff member in the chest. MVPC staff escorted the detainee to the ground to gain control. The detainee continued to be combative and struck a MVPC staff member in the face. MVPC staff deployed OC and the detainee was successfully secured in restraints. MVPC medical staff assessed the detainee and report no injuries to the detainee or MVPC staff. ERO leadership and the Joint Intake Center were notified"
153,Use of Force,"ERO Phoenix, ICE Health Service Corps (IHSC), Eloy Detention Center (EDC)","Undetermined, pending investigation",2024SIR0012801,"On June 24, 2024, ERO Phoenix reported the use of oleoresin capsicum (OC) spray, on a Mexican national detainee while housed at the EDC in Eloy, Arizona. On June 23, 2024, the detainee threatened to swallow a metal screw and placed it in his mouth and refused to comply with EDC staff orders to give the screw to EDC staff. EDC staff deployed a three second burst of OC spray, entered the detainee's cell and applied hand and leg restraints. EDC staff decontaminated the detainee and IHSC conducted a medical evaluation of the detainee and determined the detainee suffered no injuries. The detainee was escorted back to his cell without further incident. No injuries were reported to EDC staff. ERO leadership and the Joint Intake Center were notified."
154,Use of Force,"ERO San Antonio, South Texas ICE Processing Center (STIPC)","Undetermined, pending investigation",2024SIR0012796,"On June 24, 2024, ERO San Antonio reported the use of oleoresin capsicum (OC) spray on a Colombian national detainee while housed at the STIPC in Pearsall, Texas. On June 23, 2024, the detainee refused to comply with STIPC orders to remove fecal matter and paper from the cell window, STIPC staff deployed three bursts of OC spray into the cell, entered and conducted a takedown to secure the detainee in hand and leg restraints. The detainee refused decontamination and STIPC staff relocated the detainee to a clean cell, STIPC staff instructed the detainee to decontaminate with soap and water provided inside the cell. STIPC medical staff evaluated the detainee and reported no injuries. ERO leadership was notified."
155,Use of Force,"ERO San Antonio, ICE Health Service Corps (IHSC), South Texas ICE Processing Center (STIPC), Frio Regional Hospital (FRH)","Undetermined, pending investigation",2024SIR0012792,"On June 24, 2024, ERO San Antonio reported the use of oleoresin capsicum (OC) spray on a Honduran national detainee while housed at the STIPC in Pearsall, Texas. On June 23, 2024, the detainee was attempting self-harm by cutting himself in the neck area with a metal screw. The detainee refused to comply with STIPC staff orders to stop his actions. STIPC staff administered a one second burst of OC spray toward the detainee to gain compliance. The detainee refused STIPC staff commands to submit to hand restraints and swallowed the metal screw. STIPC staff took the detainee to the ground and applied hand restraints. The detainee was assigned to s medical isolation room after refusing decontamination. STIPC staff advised the detainee to decontaminate with soap and water provided inside the medical isolation room. IHSC medical staff reported that the detainee or STIPC staff did not sustain any injuries. STIPC staff transported the detainee to FRH in Pearsall, Texas, and was diagnosed with psychoactive substances abuse. ERO leadership was notified."
156,Use of Force,"ERO Phoenix, Eloy Detention Center (EDC)","Undetermined, pending investigation",2024SIR0012879,"On June 25, 2024, ERO Phoenix reported the use of oleoresin capsicum (OC) spray on a Venezuelan national detainee housed at the EDC in Eloy, Anzona. On June 24, 2024, the detainee refused orders to stop kicking his cell door and window while also attempting self-harm by banging his head on the door. EDC staff deployed OC spray and used force to apply hand and leg restraints. EDC staff escorted the detainee to the medical unit for decontamination and medical evaluation. EDC medical staff evaluated and reported no injures to the detainee or to EDC staff members. ERO leadership and the Joint Intake Center were notified."
157,Use of Force,"ERO Phoenix, ICE Health Service Corps (IHSC), Eloy Detention Center (EDC)","Undetermined, pending investigation",2024SIR0012849,"On June 25, 2024, ERO Phoenix reported the use of oleoresin capsicum (OC) spray on a Venezuelan national detainee while housed at the EDC in Eloy, Arizona. On June 24, 2024, the detainee refused to comply with verbal commands by EDC staff to remove the blanket covering his window and door. EDC staff used a three second burst of OC spray, entered the cell, placed hand and leg restraints on the detainee, and escorted him to the showers for decontamination. IHSC medical staff examined the detainee, and no injuries were noted, The detainee was relocated back to his cell without further incident. ERO leadership and the Joint Intake Center were notified."
158,Use of Force,"ERO San Antonio, ICE Health Service Corps (IHSC), South Texas ICE Processing Center (STIPC)","Undetermined, pending investigation",2024SIR0012902,"On June 26, 2024, ERO San Antonio reported the use of oleoresin capsicum (OC) spray on a Kazakhstani national detainee while housed at the STIPC in Pearsall, Texas. On the same date, the detainee attempted self-harm by attempting to jump off their bed headfirst onto the floor. The detainee refused to comply with STIPC staff orders to stop his actions. STIPC staff administered four one second bursts of OC spray toward the detainee to gain compliance. The detainee continued to refuse to comply with STIPC staff's verbal commands to submit to hand restraints. STIPC staff entered the room, conducted a takedown and applied hand and leg restraints on the detainee. The detainee was escorted to the showers to be decontaminated. IHSC medical staff evaluated the detainee and reported no injuries. There were no injuries reported by STIPC staff, ERO leadership was notified. ,"
159,Use of Force,"ERO Harlingen, El Valle Detention Facility (EVDF)","Undetermined, pending investigation",2024SIR0012977,"On June 27, 2024, ERO Harlingen reported the use of force on a Nicaraguan national detainee housed at the EVDF in Raymond- ville, Texas. On June 26, 2024, the detainee became noncompliant and aggressive while attempting to prevent a staff member from opening a gate. EVDF staff used reasonable and necessary force to control the detainee and place hand restraints to gain compliance and escorted the detainee for post use-of-force medical evaluation and clearance. No injunes were reported. ERO leadership was notified."
160,Use of Force,"ERO Miami, ICE Health Service Corps (IHSC), Krome Service Processing Center (KSPC)","Undetermined, pending investigation",2024SIR0012949,"On June 27, 2024, ERO Miami reported the use of force on a Colombian national detainee while housed at the KSPC in Miami, Florida. On June 26, 2024, while in the KSPC Medical Housing Unit the detainee became irate and began yelling profanity while also violently banging his head against a concrete wall. KSPC staff immediately ordered the detainee to cease his actions, the detainee did not comply. KPSC staff then attempted to physically restrain the detainee but were unsuccessful. Based on these aggressive actions, a KSPC staff member redirected the detainee to the ground for placement of hand restraints to gain compliance. Once restrained, all use of force ceased. IHSC medical staff evaluated the detainee post use of force, reporting no injuries. ERO leadership was notified."
161,Use of Force,"ERO El Paso, Torrance County Detention Facility (TCDF)","Undetermined, pending investigation",2024SIR0013083,"On June 29, 2024, ERO El Paso reported the use of force on a Colombian national detainee while housed at the TCDF in Estancia, New Mexico. On June 28, 2024, the detainee refused to comply with TCDF staff's verbal commands while they were escorting the detainee to the shower to change clothes. The detainee spit on the detention officer, causing TCDF staff to use necessary force to gain compliance and to relocate the detainee in the Restrictive Housing Unit with no further incident. TCDF staff escorted the subject for post use-of-force medical evaluation and clearance. TCDF medical staff assessed the detainee and noted no injuries. ERO leadership was notified."
162,Use of Force,"ERO New Orleans, Alexandria Staging Facility (ASF)","Undetermined, pending investigation",2024SIR0013082,"On June 29, 2024, ERO New Orleans reported the use of oleoresin capsicum (OC) spray on 36 non-compliant detainees of unkriown nationalities while housed at the ASF in Alexandria, Louisiana; On June 28, 2024, the detainees began fighting and refused to comply with orders by ASF staff to disperse, causing ASF to deploy a cloud burst of OC spray to gain com pliance. ASF medical staff evaluated and completed medical assessments on all the detainees involved in the incident, and determined none of the detainees were directly exposed to the OC spray. ERO leadership was notified."
163,Use of Force,"ERO Philadelphia, Moshannon Valley Processing Center (MVPC)","Undetermined, pending investigation",2024SIR0013090,"On June 29, 2024, 2024, ERO Philadelphia reported the use of force on a Salvadoran national detainee while housed at the MVPC in Philipsburg, Pennsylvania. On the same date, the detaince failed to comply with MVPC staff orders while being escorted from the recreational area to his housing unit. The detainee became argumentative and physically combative and bit a MVPC staff member, causing MVPC staff to take the detainee to the ground and apply restraints. The detainee became combative again and began kicking and attempting to bite MVPC staff, when they were attempting to bring them off the ground, causing MVPC staff to deploy a burst of oleoresin capsicum spray to gain compliance. The detainee was escorted to medical for decontamination and an examination, and subsequently returned to his housing unit. No injuries to either the detainee or MVPC staff were reported. ERO leadership and the Joint Intake Center were notified."
164,Use of Force,"ERO San Antonio, South Texas ICE Processing Center (STIPC), ICE Health Service Corps (IHSC)","Undetermined, pending investigation",2024SIR0007952,"On March 18, 2024, ERO San Antonio reported the use of force on a Nicaraguan national detainee while housed at STIPC in Pearsall, Texas. On March 17, 2024, the detainee failed to comply with staff orders to submit to restraints. A STIPC Sergeant conducted a take down and the detainee was secured by three additional STIPC staff members to gain compliance due to his aggressive behavior. IHSC conducted a visual assessment of the detainee and reported no visual injuries. The detainee was rehoused to the Special Management Unit pending disciplinary action. One STIPC Sergeant received a minor injury to his right foot during the altercation. ERO leadership and the Joint Intake Center were notified. ."
165,Use of Force,"ERO Phoenix, ICE Health Service Corps (IHSC), Eloy Detention Center (EDC)","Undetermined, pending investigation",2024SIR0007978,"On March 19, 2024, ERO Phoenix reported the use of oleoresin capsicum (OC) spray on three Venezuelan national detainees and a mexican national detainee housed at the EDC in Eloy, Arizona. On March 18, 2024, a Venezuelan national detainee and a Mexican national detainee got into a physical altercation and failed to comply with EDC staff's numerous verbal commands to cease fighting and submit to restraints. An EDC staff member deployed a one to two second burst of OC spray to gain compliance. Both detainees continued to be combative, and an additional one to two second burst of OC was deployed, contacting both detainees faces and upper torso areas. While attempting to place the Venezuclan national detainee in hand restraints, two Venezuelan national detainees entered the unit and became physically assaultive towards EDC staff, attempting to kick and strike the EDC staff members with closed fists. An EDC staff member deployed a one to two second burst of OC spray, contacting the two Venezuelan national detainees faces and upper torso areas. The three Venezuelan national detainees were placed in hand restraints and escorted out of the housing unit. EDC staff gave verbal directives to the Mexican national detainee to exit the cell and submit to hand restraints, to which be complied. All four detainees were decontaminated the : three Venezuelan national detainees were secured inside of separate cells in a segregated housing unit. EDC staff escorted the Mexican national detainee to medical for possible injuries. IHSC medical staff screened the three Venezuelan national detainees and noted no known or visible injuries. All subjects will remain in segregated housing pending the outcome of 4 disciplinary review."
166,Use of Force,"ERO Harlingen, El Valle Detention Facility (EVDF)","Undetermined, pending investigation",2024SIR0008021,"On March 20, 2024, ERO Harlingen reported the use of force on a Salvadorian national detainee housed at the EVDF in Raymondville, Texas. On March 18, 2024, the became noncompliant, combative, and physically aggressive towards EVDF security staff. EVDF security staff used reasonable force to gain compliance. The detainee was escorted to the medical unit where she was examined by EVDF medical staff and treated for a minor scratch on her wrist. ERO Leadership was notified."
167,Use of Force,"ERO Philadelphia, ERO Miami, Krome Service Processing Center (KSPC), ICE Health Service Corps (IHSC)","Undetermined, pending investigation",2024SIR0008048,"On March 20, 2024, ERO Philadelphia reported the use of force on a Pakistani national detainee housed at the KSPC in Miami, Florida, On the same date, the detainee refused to get out of bed in the medical housing unit at the KSPC and refused to submit to restraints to be transferred to another ICE facility via the ICE Air Operation transfer charter. KSPC staff gave the detainee several verbal commands to comply and submit to restraints to no avail. KSPC staff approached the detainee as he laid in bed being non-compliant, applied a custodial touch and turned the detainee on his side to apply hand restraints. The detainee actively resisted and began to kick at the KSPC staff. KSPC staff held the detainee's legs and arms to gain control and to prevent staff injury as they applied the restraints, Once restrained, KSPC staff placed the detainee on his wheelchair. The detainee stood up from his wheelchair and continued to resist. KSPC staff placed the detainee back on his wheelchair and escorted him to the transportation vehicle. The detainee continued to resist and began to kick at the KSPC staff as they readjusted his restraints. Once restraints were readjusted, all use of force ceased, and the detainee was loaded onto the transportation vehicle without further incident. IHSC medical staff assessed the detainee for post use of force and medically cleared him of injuries. KSPC staff involved did not report any injuries, KSPC staff notified ERO Miami. Disciplinary procedures have been initiated against the detainee in relation to this incident."
168,Use of Force,"ERO Miami, Baker County Sheriff's Office (BCSO), Baker County Detention Center (BCDC)","Undetermined, pending investigation",2024SIR0008095,"On March 21, 2024, ERO Miami reported the use of force on a Nicaraguan national detainee housed at the BCDC in MacClenny, Florida. On March 19, 2024, the detainee refused to allow BCDC staff to submit to restraints after been placed in disciplinary segregation that day for attempting self-harm due to him being denied access to a tablet to make contact with his sick mother. BCDC deputies placed one hand in cuffs, GALO-Gomez actively resisted and pulled his handcuffed arm back out of the cell door food-flap. BCDC deputies utilized a one second burst of oleoresin capsicum to the detainee's facial area thru the opening without the desired effect, as the detainee continued to actively resist. BCDC deputies then administered another one second burst of oleoresin capsicum to the detainee facial area, and after the second attempt the detainee became compliant, placed both arms thru the cell door food-flap. BCDC deputies restrained the detainee, removed him from the cell and escorted him to the BCDC Medical Unit and immediately began the decontamination process pursuant to the Use of Force Policy. BCDC Medical Staff subsequently evaluated the detainee. ERO leadership was notified."
169,Use of Force,"ERO San Antonio, ICE Health Service Corps (IHSC), T. Don Hutto Detention Center (TDHDC)","Undetermined, pending investigation",2024SIR0008098,"On March 21, 2024, ERO San Antonio reported the use of force on a Nicaraguan national detainee while housed at the TDHDC in Taylor, Texas. On March 20, 2024, the detainee broke and removed an electrical outlet cover in his medical observation cell while on suicide watch. The detainee refused to relinquish the outlet cover to TDHDC contract staff, replying to them� ""Come and get it�"" The detainee rushed towards and grabbed a TDHDC staff supervisor as additional TDHDC staff arrived to assist, who took the outlet cover from the detainee and restrained the detainee on his bed. The detainee refused to comply with TDHDC contract staff orders to don a suicide smock, causing TDHDC staff to put the detainee in the smock and apply soft restraints. IHSC medical staff assessed the detainee and found no injuries. TDHDC staff escorted the detainee to the Special Housing Unit and placed him in a segregation room for continuation of suicide watch. TDHDC staff involved in the incident were transported to an urgent care facility where the received treatment for minor cuts and scratches. ERO leadership and the Joint Intake Center were notified."
170,Use of Force,"ERO El Paso, El Paso Processing Center (EPC), ICE Health Service Corps (IHSC)","Undetermined, pending investigation",2024SIR0008220,"On March 22, 2024, ERO El Paso reported the use of force on a Cuban national detainee while housed in EPC in El Paso, Texas. On March 21, 2024, the detainee ripped his shirt and wrapped it around his neck. EPC staff gave verbal commands to remove the shirt from his neck, but the detainee refused to comply. The detainee became combative, striking an EPC staff member and spitting. EPC staff took the detainee to the ground, applied hand restraints, and placed the detainee in the restraint chair to prevent self-inflicted injury. IHSC staff evaluated the detainee and noted no injuries. ERO El Paso and IHSC will continue to monitor the detainee and provide updates as necessary. ERO leadership was notified."
171,Use of Force,"ERO York, ERO Philadelphia, Moshannon Valley Processing Center (MVPC)","Undetermined, pending investigation",2024SIR0008096,"On March 22, 2024, ERO York reported the use of force on a Jamaican national detainee while housed at the MVPC in Philips- burg, Pennsylvania. On March 20, 2024, the detainee refused MVPC staff orders to leave the restroom. MVPC staff ordered the detainee to vacate the restroom several additional times and the detainee refused. The detainee became combative causing MVPC staff to place him on the ground and apply hand and leg restraints. MVPC staff escorted the detainee to the medical exam room for assessment, but the detainee continued his noncompliant behavior and sat on the ground. The MVPC medical team assisted the escort team and provided a wheelchair for transport. The detainee continued to be noncompliant and refused to remain in the wheelchair. MVPC medical then provided a stretcher where the detainee was successfully transported to the Special Management Unit (SMU). The detainee refused medical treatment upon entry to the SMU and again became combative with MVPC staff. MVPC staff placed the detainee in the cell and restraints were removed. There were no significant injuries due to this Use of Force Incident. ERO leadership and the Joint Intake Center were notified."
172,Use of Force,"ERO El Paso, Otero County Processing Center (OCPC)","Undetermined, pending investigation",2024SIR0008267,"On March 23, 2024, ERO El Paso reported the use of force on a Venezuelan national detainee while housed at the OCPC in Chaparral, New Mexico. On March 22, 2024, the detainee refused multiple OCPC staff orders to remove toilet paper from the ceiling vent. OCPC staff entered the detainees cell and attempted to deescalate the situation and was spat on by the detainee, which created the use of force. OCPC staff held detainee the detainee down until another OCPC staff member responded and assisted by placing hand-restraints. The detainee was escorted to medical for a medical evaluation. OCPC medical staff examined the detainee and reported no injuries. ERO leadership was notified."
173,Use of Force,"ERO Miami, Krome Service Processing Center (KSPC), ICE Health Service Corps (IHSC)","Undetermined, pending investigation",2024SIR0008278,"On March 24, 2024, ERO Miami reported the use of force on a Jamaican national detainee while housed at the KSPC in Miami, Florida. On March 22, 2024, the detainee refused to follow multiple verbal commands given by KSPC staff while trying to move him to another housing unit. The detainee verbally threatened and physically resisted KSPC staff The detaince attempted to instigate a disturbance within the housing unit by rallying the other detainees to come to his aide. KSPC staff successfully convinced the detainee to exit the housing unit to deescalate the other detainees. Once outside, KSPC staff continued giving commands, but the detainee remained noncompliant. The detainee threatened KSPC staff with the use of urine and feces along with physical violence. As KSPC staff approached the detainee to apply hand restraints, the detainee stripped out Of his uniform and threatened to defecate, hurl hiv feces and urine. KSPC staff quickly applied soft hand techniques and managed to secure the nude detainee onto a four-point restraint chair and covered him with a blanket All force ceased once the detanee was restrained JHSC medical staff assessed the detainee for post use of force injuries and inedically cleared him. KSPC staff involved did not report any injuries. KSPC management will initiate (isciplinary procedures against detainee. ERO leadership was notified."
174,Use of Force,"ERO Dallas, Prairieland Detention Center (PDC)","Undetermined, pending investigation",2024SIR0008289,"On March 24, 2024, ERO Dallas reported the use of force on a Syrian national detainee while housed in the PDC in Alvarado, Texas. On March 23, 2024, PDC staff instructed the detainee to remove his shoes while being placed on suicide watch, the detainee refused. PDC staff placed the detainee on the ground and applied restraints to change the detainee into a suicide smock. The detainee complied after being changed into the suicide smock. PDC staff removed restraints once the detainee became compliant. PDC medical staff evaluated the detainee for injuries, nothing was reported. ERO Dallas and PDC medical staff will monitor the detainee and provide any updates as necessary. ERO leadership was notified."
175,Use of Force,"ERO El Paso, El Paso Processing Center (EPC), ICE Health Service Corps (IHSC)","Undetermined, pending investigation",2024SIR0008285,"On March 24, 2024, ERO El Paso reported the use of force on a Nicaraguan national detainee while housed at the EPPC in El Paso, Texas. On March 23, 2024, while on suicide watch in the special housing unit, the detainee began to hit his bead against the wall with full force. The detainee failed to comply with commands from EPPC contract staff to stop and became combative, causing EPPC contract staff to remove the detainee from the cell and place him on the floor, using verbal commands and pressure point application to gain compliance. The detainee was placed in hand and leg restraints and spit mask and was then escorted to medical for evaluation. IHSC staff evaluated the detainee and noted no injuries, and the detainee was escorted back to his cell. A EPPC contract staff officer was struck with a closed fist to his left side of the head causing minor isritation but refused medical treatment from an outside facility. ERO El Paso and IHSC will continue to monitor the detainee and provide updates, as necessary. ERO leadership was notified."
176,Use of Force,"ERO Harlingen, El Valle Detention Facility (EVDF)","Undetermined, pending investigation",2024SIR0008328,"On March 25, 2024, ERO Harlingen reported the use of force on a Nicaraguan national detainee while housed in the EVDF in Raymondville, Texas. On the same date, the detainee became noncompliant, combative, and physically aggressive towards EVDF staff. EVDF staff used reasonable and necessary force to control the detainee by assisting him to the ground where hand and leg restraints were applied. EVDF staff escorted the detainee to the medical unit for post use-of-force medical evaluation and clearance. EVDF medical personnel noted that the detainee sustained multiple minor scratches on his left forearm from the use-of-force incident. ERO leadership was notified."
177,Use of Force,"ERO San Antonio, South Texas ICE Processing Center (STIPC), ICE Health Service Corps (IHSC)","Undetermined, pending investigation",2024SIR0008290,"On March 25, 2024, ERO San Antonio reported the use of force on an Ecuadonan national detainee while housed at the STIPC in Pearsall, Texas. On March 24, 2024, STIPC staff observed the detainee in a medical housing unit cell laying on the floor next to the bed moving his head in an up and down motion and biting something. The detainee submitted to hand restraints while his cell was searched. While the cell search was in progress, the detainee attempted to headbutt a STIPC staff officer and began spitting, causing STIPC staff to perform a takedown maneuver on the detainee, apply leg restraints, a spitting mask, and place the detainee on a medical gurney. The detainee was moved to another padded holding cell while the search of his cell continued. The detainee began biting and chewing on the padded wall on the cell door and failed to comply with orders by STIPC staff officers to stop, causing STIPC staff to deploy a one second burst of oleoresin capsicum (OC) spray through the tray slot in the cell door. The detainee was escorted back to his cell, where all restraints were removed. The detainee refused decontamination, clean suicide gown and a medical assessment by IHSC. An IHSC staff nurse conducted a visual assessment of restraints. No injuries were reported by STIPC staff. The detainee was placed on suicide watch observation. ERO leadership and the Joint Intake Center were notified."
178,Use of Force,"ERO Atlanta, Stewart Detention Center (SDC)","Undetermined, pending investigation",2024SIR0008321,"On March 26, 2024, ERO Atlanta reported the use of oleoresin capsicum (OC) spray on a Chinese national detainee while housed in SDC in Lumpkin, Georgia. On March 25, 2024, the detainee refused to comply with SDC staff verbal commands, and in an aggressive manner, asserted his unwillingness. SDC staff administered one burst of OC spray. Then administered a second burst of OC spray. SDC staff positioned the detainee on the ground and applied hand restraints. SDC staff escorted the detainee for decontamination and evaluation by medical staff. SDC medical staff evaluated the detainee, cleared the detainee, and transferred the detainee without incident for their scheduled removal."
179,Use of Force,"ERO San Antonio, South Texas ICE Processing Center (STIPC), ICE Health Service Corps (IHSC)","Undetermined, pending investigation",2024SIR0008335,"On March 26, 2024, ERO San Antonio reported the use of force on a Honduran national detainee while housed at the STIPC in Pearsall, Texas. On March 25, 2024, STIPC staff observed the detainee engaging in a physical altercation with another detainee and Venezuelan national in a Special Management Unit (SMU). STIPC staff escorted the detainee out of SMU to the location in the SMU. The detainee become noncompliant and attempted to pull away from STIPC staff. STIPC staff used immediate use of force, by take down, due to the detainee refusing to comply with verbal commands. STIPC staff, consisting of cight officers, placed the detainee on the ground and applied hand and leg restraints. STIPC staff escorted the detainee to a medical department, where IHSC conducted a medical examination. STIPC staff escorted the detainee to a SMU, placed him in a cell removed the leg restraints, and exited the cell. STIPC staff removed the hand restraints, and the use of force was , terminated moments later. The detainee did not sustain any injuries. STIPC staff reported two officers sustained injuries. One STIPC officer sustained an injury to the right hand and the other sustained an injury to the left knee. ERO leadership was notified."
180,Use of Force,"ERO San Antonio, South Texas ICE Processing Center (STIPC), ICE Health Service Corps (IHSC)","Undetermined, pending investigation",2024SIR0008348,"On March 26, 2024, ERO San Antonio reported the use of force on a Nicaraguan national detainee while housed at the STIPC in Pearsall, Texas. On March 25, 2024, STIPC staff was escorting the detainee from their cell to the showers in the Special Management Unit (SMU). While escorting the detainee, the detainee pulled away from STIPC staff and attempted to run up the stairs in the SMU. STIPC staff used immediate use of force, by take down, due to the detainee refusing to comply with verbal commands. STIPC staff, consisting of three officers, placed the detainee on the ground and applied hand and leg restraints. STIPC staff escorted the detainee to a medical department, where IHSC conducted a medical examination. STIPC staff escorted the detainee to a SMU, placed him in a cell removed the leg restraints, and exited the cell, STIPC staff removed the hand restraints, and the use of force was terminated moments later. The detainee did not sustain any injuries. STIPC staff reported no injuries. ERO leadership was notified."
181,Use of Force,"ERO Miami, ICE Health Service Corps (IHSC), Krome Service Processing Center (KSPC)","Undetermined, pending investigation",2024SIR0008452,"On March 27, 2024, ERO Miami reported the use of Oleoresin Capsicum (OC) spray on a Brazilian national detainee housed at the KSPC in Miami, Florida. On the same date, KSPC staff responded to the detainee refusing to cease his disruptive behavior while actively involved in a physical confrontation with another detainee in the KSPC cafeteria. KSPC staff ordered the detainee to halt his aggression, which the detainee did not comply. KSPC staff redirected the detainee to the ground to gain compliance, where he continued physically resisting the application of hand restraints. KSPC staff deployed a single burst of OC spray to detainee's facial area to stop him from self-harm and neutralize the situation. The detainee became compliant and KSPC staff were able to apply hand restraints. Once restraint, all use of force ceased and KSPC staff escorted the detainee to the KSPC processing shower area to effect decontamination. KSPC staff then escorted the detainee for medical evaluation and was cleared. KSPC staff reported no injuries."
182,Use of Force,"ERO Miami, Krome Service Processing Center (KSPC), ICE Health Service Corps (IHSC)","Undetermined, pending investigation",2024SIR0008454,"On March 27, 2024, ERO Miami reported the use of force on a Honduran national detainee housed in KSPC in Miami, Florida. On March 26, 2024, the detainee refused to cease his disruptive behavior while actively involved in a physical confrontation with another detainee, within the confines of the KSPC cafeteria. KSPC staff gave verbal commands for the detainee to comply to placement in hand restraints. KSPC staff redirected the detainee to the ground in- order to gain compliance and stop his resistance. Once restraints were placed, all use of force ceased. KSPC staff escorted the detainee for medical evaluation. IHSC evaluated the detainee for injuries and medically cleared him. KSPC staff did not report any injuries. ERO leadership was notified."
183,Use of Force,"ERO Miami, Krome Service Processing Center (KSPC), ICE Health Service Corps (IHSC)","Undetermined, pending investigation",2024SIR0008547,"On March 28, 2024, ERO Miami reported the use of force on a Cuban national detainee housed in KSPC in Miami, Florida. On the same date, the detainee removed his clothing, and sat down holding the cell's privacy door. The detainee refused multiple commands by AGS officers and continued his disruptive behavior while actively attempting to do self-harm. AGS detention officers entered the cell and placed the detainee in a prone position and placed him in restraints. The detainee continued physically resisting and after AGS detention officers repeatedly gave verbal commands to no avail, AGS officers applied soft hand techniques and secured the detainee onto a four-point restraint chair. IHSC medical staff assessed the detainee for post use of force and medically cleared him. AGS detention officers involved in the incident did not report any injuries. ERO leadership was notified."
184,Use of Force,"ERO Philadelphia, Moshannon Valley Processing Center (MVPC)","Undetermined, pending investigation",2024SIR0008572,"On March 29, 2024, ERO Philadelphia reported the use of force and deployment of Oleoresin Capsicum (OC) spray on a Jamaican national detainee while housed in MVPC in Philipsburg, Pennsylvania. On March 28, 2024, MVPC staff noticed the detainee was attempting to leave the dining hall with food concealed on his person. MVPC staff gave verbal orders for the detainee to stop for a pat-down search. The detainee refused to comply and attempted to push past MVPC staff. MVPC staff then called for assistance, and the detainee took an aggressive stance, preparing to fight the staff members. MVPC staff deployed OC spray in order to gain compliance and apply hand restraints. The detainee continued to physically resist and became increasingly aggressive. MVPC staff then took the detainee down to the ground to apply restraints. Once in restraints, MVPC staff escorted the detainee to medical for decontamination and an evaluation. The detainee sustained no injuries during the use of force. A few MVPC staff members sustained minor injuries. ERO leadership and Joint Intake Center were notified."
185,Use of Force,"ERO Boston, ERO San Antonio, South Texas ICE Processing Center (STIPC)","Undetermined, pending investigation",2024SIR0008612,"On March 30, 2024, ERO Boston reported the use of force on an Ecuadorian national detainee while housed in STIPC in Pearsall, Texas. On the same date, STIPC staff observed the detainee having a mental health episode. The detainee was observed with the hospital bed wall plug in his mouth, breaking a table, removing his clothes, and had a self-sustained wound on his right eye. STIPC staff had the cell extraction team enter the cell to gain compliance. The detainee was placed on the ground to apply hand and leg restraints. STIPC staff placed the detainee on a gurney for evaluation by medical staff. STIPC medical staff evaluated the detainee and determined it necessary to have him further evaluated at the hospital. No staff injuries were reported. ERO leadership was notified."
186,Use of Force,"ERO Dallas, Prairieland Detention Center (PDC)","Undetermined, pending investigation",2024SIR0008632,"On March 31, 2024, ERO Dallas reported the use of force on a Salvadoran national detainee while housed in the PDC in Alvarado, Texas. On the same date, PDC staff gave the detainee multiple verbal instructions to remain calm and return to his dorm after he had been observed roaming the facility and acting erratic. PDC staff gave detainee multiple verbal warnings that chemical agents would be deployed if he did not comply. PDC staff deployed a chemical agent to gain control of the detainee, and successfully placed him in wrist restraints. Staff escorted the detainee to medical for decontamination. PDC medical staff determined that the detainee did not sustain any injuries during the incident. ERO Dallas and PDC medical staff will monitor the detainee and provide any updates as necessary. ERO leadership was notified. :"
187,Use of Force,"ERO Miami, Krome Service Processing Center (KSPC), ICE Health Service Corps (IHSC)","Undetermined, pending investigation",2024SIR0008623,"On March 31, 2024, ERO Miami reported the use of force and deployment of Oleoresin Capsicum (OC) spray on a Belizean national detainee while housed at the KSPC in Miami, Florida. On March 30, 2024, the detainee and other detainees were verbally threatening KSPC staff members and becoming physically aggressive. KSPC staff gave multiple verbal commands to cease the behavior and to submit to hand restraints. The detainee refused and began to aggressively approach KSPC staff members. KSPC staff deployed OC spray to gain compliance and cease the detainee's aggressive approach. The detainee then complied and was placed into hand restraints. KSPC staff escorted the detainee to the processing shower area for decon- tamination. IHSC medical staff evaluated the detainee and reported no injuries were sustained from the use of force. ERO leadership was notified. :"
188,Use of Force,"ERO Miami, Krome Service Processing Center (KSPC), ICE Health Service Corps (IHSC)","Undetermined, pending investigation",2024SIR0008616,"On March 31, 2024, ERO Miami reported the use of force on a Haitian national detainee while housed at the KSPC in Miami, Flonda. On March 30, 2024, the detainee stopped walking and refused to follow multiple verbal commands given by KSPC staff while being escorted back to his housing unit The devsione beeen belerviog seers: eee ee stance, causing KSPC staff to take the detainee to the ground and apply hand restraints, The detainee was examined by medical staff for post use of force injuries and medically cleared. No injures were reported by KSPC staff KSPC will initiate : disciplinary procedures against the detainee. ERO leadership was notified."
189,Use of Force,"ERO Miami, Krome Service Processing Center (KSPC), ICE Health Service Corps (IHSC)","Undetermined, pending investigation",2024SIR0008617,"On March 31, 2024, ERO Miami reported the use of force and deployment of Oleoresin Capsicum (OC) spray on a Haitian national detainee while housed at the KSPC in Miami, Florida. On March 30, 2024, the detainee approached a KSPC staff member assigned for a one-on-one observation detail and aggressively snatched his uniform hat from his head. The KSPC staff member gave verbal commands to stop and comply for placement in hand restraints. The detainee refused and continued to make threats against the KSPC staff member. KSPC staff member deployed OC spray to keep the detainee from self-harm and to gain compliance. The detainee then complied and was placed in hand restraints. KSPC staff escorted the detainee to the processing area shower for decontamination. IHSC staff evaluated the detainee and did not report any injuries from the use of force. ERO leadership was notified."
190,Use of Force,"ERO Miami, Krome Service Processing Center (KSPC), ICE Health Service Corps (IHSC)","Undetermined, pending investigation",2024SIR0008619,"On March 31, 2024, ERO Miami reported the use of force and deployment of Oleoresin Capsicum (OC) spray on a Dominican national detainee while housed at the KSPC in Miami, Florida. On March 30, 2024, the detainee threw an apple at a KSPC staff member, striking them in the abdomen. The detainee became increasingly aggressive, and actively resisted to placement in hand restraints. KSPC staff continuously gave verbal commands for the detainee to stop and comply for placement in hand restraints KSPC staff deployed OC spray to keep the detainee from self-harm and to gain compliance. The detainee attempted to strike KSPC staff with closed-fist strikes. KSPC staff took the detainee to the ground for placement in hand and leg restraints KSPC staff then escorted the detainee to the processing shower area for decontamination. IHSC staff evaluated the detainee and reported no injuries from the use of force ERO leadership was notified."
191,Use of Force,"ERO Miami, Krome Service Processing Center (KSPC), ICE Health Service Corps (IHSC)","Undetermined, pending investigation",2024SIR0008621,"On March 31, 2024, ERO Miami reported the use of force and deployment of Oleoresin Capsicum (OC) spray on a Cuban national detainee while housed at the KSPC in Miami, Florida. On March 30, 2024, the detainee abruptly ran away from a KSPC staff member speaking to him and exited the facility cafeteria. KSPC staff gave multiple verbal commands for the detainee to stop and comply with placement into hand restraints. The detainee refused to comply and kept running towards an unauthorized area. KSPC staff deployed OC spray to keep the detainee from self-harm and to gain compliance. The detainee then complied and was placed into hand restraints. KSPC staff escorted the detainee to the processing shower area for decontamination. THSC medical staff evaluated the detainee and reported no injuries were sustained from the use of force. ERO leadership was notified."
192,Use of Force,"ERO Miami, Krome Service Processing Center (KSPC), ICE Health Service Corps (IHSC)","Undetermined, pending investigation",2024SIR0008627,"On March 31, 2024, ERO Miami reported the use of force deployment of Oleoresin Capsicum (OC) spray on a Venezuelan national detainee while housed at the KSPC in Miami, Florida, On March 30, 2024, the detainee and other detainees were verbally threatening KSPC staff members and becoming physically aggressive. KSPC staff gave multiple verbal commands to cease the behavior and to submit to hand restraints. The detainee refused and pushed KPSC staff on scene. KSPC staff deployed OC spray to gain compliance and cease the detainee's aggressive behavior. The detainee then complied and was placed into hand restraints. KSPC staff escorted the detainee to the processing shower area for decontamination. IHSC medical staff evaluated the detainee and reported no injuries were sustained from the use of force. ERO leadership was notified."
193,Use of Force,"ERO Miami, Krome Service Processing Center (KSPC), ICE Health Service Corps (IHSC)","Undetermined, pending investigation",2024SIR0008626,"On March 31, 2024, ERO Miami reported the use of force on a Uruguayan national detainee while housed at the KSPC in Miami, Florida. On March 30, 2024, the detainee was throwing food at KSPC staff conducting crowd control. KSPC staff gave multiple verbal commands to cease the behavior and to submit to hand restraints. The detainee refused and continued throwing food. KSPC staff took the detainee to the ground to gain compliance and apply hand restraints. The detainee then complied and was placed into hand restraints. KSPC staff escorted the detainee to medical for evaluation. IHSC medical staff evaluated the detainee and reported no injuries were sustained from the use of force. ERO leadership was notified."
194,Use of Force,"ERO Miami, Krome Service Processing Center (KSPC), ICE Health Service Corps (IHSC)","Undetermined, pending investigation",2024SIR0008631,"On March 31, 2024, ERO Miami reported the use of force and deployment of Oleoresin Capsicum (OC) spray on a Dominican Republic national detainee while housed at the KSPC in Miami, Florida. On March 30, 2024, the detainee approached an KSPC staff member in a combative and aggressive manner. KSPC staff gave multiple verbal commands to cease the behavior and to submut to hand restraints. The detaince refused and continued approaching. KSPC staff deployed OC spray to gain compliance and cease the detainee's aggressive behavior. The detainee attempted to run into one of the restrooms located in a housing unit. KSPC staff recovered the detainee and escorted him out. The detainee then complied and was placed into hand restraints. KSPC staff escorted the detainee to the processing shower area for decontamination. IHSC medical staff evaluated the detainee and reported no injunes were sustained from the use of force. ERO leadership was notified."
195,Use of Force,"ERO San Diego, Imperial Regional Detention (ICSO)",N/A,2024SIR0008628,"On March 31, 2024, ERO San Diego reported the use of force on a Chinese national detainee while housed at the IRDF in Calexico, California. On the same date, IRDF staff observed the detainee banging his head on the wall in the multipurpose room. The detainee charged the staff member as he was given verbal orders to cease his movements. The detainee did not comply and IRDF staffed used reasonable and necessary force to take the detainee to the ground to restrain him. In the process of being restrained the detainee attempted to bite a staff member. IRDF medical staff cleared the detainee of any injuries and escorted him to the Special Management Unit (SMU). ERO leadership, ICSO, and the Joint Intake Center were notified."
196,Use of Force,"ERO Boston, ERO Harlingen, South Texas ICE Processing Center (STIPC)",N/A,2024SIR0008637,"On April 1, 2024, ERO Boston reported the use of force on an Ecuadorian national detainee while housed at the STIPC in Pearsall, Texas. On March 31, 2024, STIPC staff notified ERO that the detainee was observed having a mental health epi- sode. The detainee was observed nude due to removing his undergarments and using a piece of vinyl trim he had pried off the wall to self-harm, slicing his nght index finger. An extraction team was utilized to enter the cell to gain compliance. The detainee was taken down to the floor and was secured in hand and leg restraints; no chemical agents were utilized. The detainee was then assisted on the medical gurney, where he was examined by a medical, who deemed injuries needing further evaluation. EMS was activated for transporting the detainee to a local hospital in Pearsall, Texas for further evaluation. As the 5-man team was standing by awaiting the ambulance, a spit mask was applied as a precautionary measure. The use of force was then terminated with no further incident and there were no injuries noted by STIPC staff. ERO leadership was notified."
197,Use of Force,"ERO Washington D.C., Immigration Centers of America (ICA)",N/A,2024SIR0008649,"On April 1, 2024, ERO Washington, D.C. reported the use of oleoresin capsicum (OC) spray on a Honduran national detainee, Mexican national detainee, and a Sierra Leonean national detainee while housed at the ICA in Farmville, Virginia. Oa March 29, 2024, ICA staff observed the Honduran national detainee and Mexican national detainee engaged in a physical altercation. The detainees refused ICA staff's verbal commands to stop fighting and separate. ICA staff deployed a controlled burst of OC spray to both detainees to gain compliance. ICA staff applied restraints to the detainees and escorted them to the medical unit for decontamination and medical evaluation. The Honduran national detainee exhibited signs of respiratory distress, so ICA staff called emergency services and had the detainee transported to the Centra Southside Community Hospital in Farmville, Virginia, for further evaluation. The detainee returned to the ICA on the same date. The Mexican national detainee received decontamination and medical evaluation without any reported injuries. While staff were attending to Honduran national detainee and the Mexican national detainee, other detainees crowded near the door to the dormitory and were told by ICA staff to disperse to their bunk's multiple times. The Sierra Leonean national detainee charged the Assistant Shift Commander (ASC) to forcibly exit the dormitory. The ASC deployed a controlled burst of OC spray to gain control of the detainee and prevent him from leaving the dormitory. The detainee reniained combative, thea ICA staff placed him in a restraint chair and escorted him to the medical unit for decontamination and medical evaluation. The Sierra Leonean national detainee did not sustain any reported injuries and ICA staff released him from the restraint chair. ERO leadership and the Joint Intake Center were notified,"
198,Use of Force,"ERO El Paso, ICE Health Service Corps (IHSC), El Paso Processing Center (EPC)","Undetermined, pending investigation",2024SIR0008710,"On April 2, 2024, ERO El Paso reported the use of force on a Venezuelan national detainee while housed at the EPC in El Paso, Texas. On April 1, 2024, the detainee refused to obey verbal commands from EPC staff to return to the processing cell and became belligerent and blocked the door. The detainee attempted to rush through the door and became combative, trying to make contacted with the EPC staff. EPC staff took the detainee to the floor and applied restraints to gain control of the - detainee. IHSC medical staff assessed the detainee for injuries and determined no injuries were sustained. ERO Leadership was notified."
199,Use of Force,"ERO Phoenix, ERO Miami, Florence Detention Center (FDC)","Undetermined, pending investigation",2024SIR0008775,"On April 3, 2024, ERO Phoenix reported the use of force on a Cuban national detainee housed at the FDC in Florence, Ari- zona. On April 2, 2024, the detainee refused FDC staff's orders to cease his disruptive behavior and submit to a medical assessment after allegedly swallowing a razor. The detainee refused to comply with FDC staff's verbal commands to submit to restrains, threaten FDC staff with physical resistance and refused to be evaluated by medical staff. Additional FDC staff responded, approached, and assisted the detainee to the ground while he actively resisted and successfully applied restrains. All use of force ceased, and the detainee was admitted to West Kendal! Baptist Hospital in Miami, Florida, for ingestion of a foreign object. FDC staff involved did not report any injuries. FDC medical staff will continue to monitor and provide updates as they become available. ERO leadership was notified."
200,Use of Force,"ERO El Paso, Cibola County Correctional Center (CCCC)","Undetermined, pending investigation",2024SIR0008847,"On April 4, 2024, ERO El Paso reported the use of force on a Venezuelan national detainee while housed at the CCCC in Milan, New Mexico. On April 3, 2024, the detainee claimed a CCCC staff member kicked the detainee in the leg. The detainee was called for recreation by the CCCC staff member. The detainee attempted to ask the CCCC staff member about food he did not receive at dinner, when the CCCC staff ignored the detainee and tried to close door. The detainee placed his leg in the way of the door, resulting in the CCCC staff member kicking the detainee's leg to close to the door. CCCC medical staff examined the detainee and returned him to his unit."
201,Use of Force,"ERO Miami, Krome Service Processing Center (KSPC)","Undetermined, pending investigation",2024SIR0008824,"On April 4, 2024, ERO Miami reported the use of force on a Romanian national detainee housed at the KSPC in Miami, Florida. On April 3, 2024, while in his assigned housing unit the detainee became aggressive and verbally threatened a KSPC staff member after the KSPC staff member did not turn up the TV for the detainee. KSPC staff gave multiple commands to cease his disruptive behavior, which the detainee ignored and attempted to incite a disturbance with additional detainees. KSPC staff removed the detainee from the housing unit to neutralize the situation in which the increased levels aggression was coming from other detainees. The detainee continued his non-compliance and physically resisted hand restraints. KSPC staff directed the detainee to the floor and placed handcuffs on the detainee. No injuries to the detainee or KSPC staff members were reported. KSPC staff initiated disciplinary procedures against the detainee."
202,Use of Force,"ERO Miami, Krome Service Processing Center (KSPC), ICE Health Service Corps (IHSC)","Undetermined, pending investigation",2024SIR0008822,"On April 4, 2024, ERO Miami reported the use of force on a Salvadoran national detainee while housed at the KSPC in Miami, Florida, On April 3, 2024, the detainee refused to follow KSPC staff instructions to return to his assigned bunk bed. The detainee continued to be noncompliant assuming an aggressive posture and fighting stance. Additional KSPC staff arrived to intervene, KSPC staff assisted the detainee to the ground while he continuously resisted and assaulted the staff, once compliance was gained, KSPC staff applied hand restraints and all use of force ceased. KSPC staff escorted the detainee to medical for evaluation and was cleared. IHSC medical staff evaluated the KSPC staff member who sustained an injury on his left toe and munor scratches on his chest."
203,Use of Force,"ERO Miami, Krome Service Processing Center (KSPC), ICE Health Service Corps (IHSC)","Undetermined, pending investigation",2024SIR0008831,"On April 4, 2024, ERO Miami reported the use of force on a Nicaraguan national detainee while housed at the KSPC in Miami, Florida. On April 3, 2024, the detainee became irate, shouting and attempting to incite a disturbance within his assigned hous- ing unit. The detainee refused to follow KSPC staff's orders to cease his disruptive behavior. KSPC staff continued giving multiple commands to the detainee to comply with exiting the housing unit under escort. The detainee physically resisted the KSPC staff's custodial touch by dropping his body weight and pulling away. KSPC directed the detainee to the wall to gain compliance. Once on the wall, the detainee ceased his resistance and submitted to hand restrains. Once restrained, all use of force ceased. IHSC medical staff assessed the detainee and medically clear him. KSPC staff involved did not report any injuries."
204,Use of Force,"ERO Miami, Krome Service Processing Center (KSPC), ICE Health Service Corps (IHSC)","Undetermined, pending investigation",2024SIR0008869,"On April 5, 2024, ERO Miami reported the use of force on a Venezuelan national detainee while housed at the KSPC in Miami, Florida, On Apnil 4, 2024, the detainee became irate, shouting and attempting to incite a disturbance within his assigned housing unit. The detainee refused to follow KSPC staff's orders to cease his disruptive behavior. KSPC staff continued giving multiple commands to the detainee to comply with exiting the housing unit under escort. KSPC deployed OC spray to the detainee facial area to gain compliance and neutralize the situation. KSPC staff escorted the detainee to medical for evaluation and decontamination. IHSC medical staff evaluated the detainee and reported no injuries were sustained from the use of force. _"
205,Use of Force,"ERO El Paso, Otero County Processing Center (OCPC)","Undetermined, pending investigation",2024SIR0008936,"On April 6, 2024, ERO El Paso reported the use of force on a Venezuelan national detainee while housed at the OCPC in Chaparral, New Mexico. On April 5, 2024, OCPC staff placed the detainee in the Restrictive Housing Unit (RHU) for failure to follow directives. At the RHU the detainee refused multiple OCPC staff orders to remove the hand restraints. OCPC staff assembled a five-man team to remove the hand restraints. The detainee caused the controlled use-of-force when he refused to remove the hand restraints and became combative. OCPC staff assisted detainee to the ground and removed the hand restraints. OCPC medical staff evaluated the detainee and cleared him with no injuries sustained. ERO leadership was notified."
206,Use of Force,"ERO El Paso, El Paso Processing Center (EPC), ICE Health Service Corps (IHSC)","Undetermined, pending investigation",2024SIR0008966,"On April 7, 2024, ERO El Paso reported the use of force on a Cuban national detainee while housed in EPC in El Paso, Texas. On April 6, 2024, the detainee refused to comply with EPC staff instructions and became combative, striking at and spitting on EPC staff officers, causing EPC staff to take the detainee to the ground and apply restraints. THSC staff evaluated the detainee and noted no injuries. No injuries were reported by EPC staff. ERO El Paso and IHSC will continue to monitor the detainee and provide updates as necessary."
207,Use of Force,"ERO El Paso, El Paso Processing Center (EPC), ICE Health Service Corps (IHSC)","Undetermined, pending investigation",2024SIR0008968,"On April 7, 2024, ERO El Paso reported the use of force on a Venezuelan national detainee while housed in the EPC in El Paso, Texas, On April 6, 2024, the detainee refused to comply with verbal commands given by EPC staff. The detainee became combative and started to push EPC staff. EPC staff assisted the detainee to the ground to apply hand restraints. Once in hand restraints all use of force ceased. IHSC medical staff evaluated the detainee, and noted no injuries were sustained during the use of force. ERO El Paso and IHSC will continue to monitor the detainee and provide updates as necessary. ."
208,Use of Force,"ERO Philadelphia, Moshannon Valley Processing Center (MVPC)","Undetermined, pending investigation",2024SIR0008834,"On April 8, 2024, ERO Philadelphia reported the use of force on a Salvadoran national detainee while housed in MVPC in Philipsburg, Pennsylvania. On April 4, 2024, the detainee became combative with MVPC contract staff during a strip search, causing MVPC contract staff to place the detainee on the floor and apply restraints. The detainee was evaluated by MVPC medical staff for a dislocated shoulder and transported to a local hospital for treatment, then returned to MVPC. No injuries were reported to MVPC staff. ERO leadership and Joint Intake Center were notified."
209,Use of Force,"ERO Philadelphia, Moshannon Valley Processing Center (MVPC)","Undetermined, pending investigation",2024SIR0008982,"On April 8, 2024, ERO Philadelphia reported the use of oleoresin capsicum (OC) on a Dominican national detainee while housed in MVPC in Philipsburg, Pennsylvania. On April 7, 2024, the detainee failed to comply with MVPC contract staff orders to remove coverings on the detainee's cell window, causing MVPC contract staff to open the food slot on the detainee's cell door and deployed OC spray into the cell. The detainee was moved to a clean cell, where the detainee again covered the windows in that cell and refused MVPC contract staff orders to remove the coverings, causing MVPC contract staff to open the food slot the on the cell door and deploy OC into the cell. The detainee was placed in restraints and transported to medical for decontamination and a medical assessment. The detainee complained of pain to his right ankle, but refused to be medically evaluated. No injuries were reported to MVPC staff. ERO leadership and Joint Intake Center were notified."
210,Use of Force,"ERO Bakersfield, ICE Office of the Principal Legal Advisor (OPLA), Golden State Annex (GSA)","Undetermined, pending investigation",2024SIR0009074,"On April 9, 2024, ERO Bakersfield reported the use of oleoresin capsicum (OC) on a Chinese national detainee while housed at the GSA in McFarland, California. On April 8, 2024, a GSA staff member was conducting rounds in a housing unit and handing out disciplinary write-ups to some detainees. The detainee threw hot water at the GSA staff member from a cup he got out of the microwave, resulting in the officer being struck with the hot water on the right side of his face and left chest area. A staff assault code was called over the facility radio, and the detainee attempted to grab the housing unit water jug to throw at the officer but dropped it. The detainee then picked up a chair and lifted it over his head to throw it at incoming responding staff. The supervisory officer issued a one-second burst of OC directly on the detainee's face while another officer grabbed the chair from the detainee. In response, the detainee tried to run towards the back of the housing unit but was taken down and placed in restraints by another GSA staff member. Both the detainee and the GSA staff member were taken to medical for evaluation. The GSA staff member was sent out to an outside provider to seek further medical attention due to the severe burns on his face and chest. ERO Adelanto and OPLA of the staff assault."
211,Use of Force,"ERO Houston, ICE Health Service Corps (IHSC), Montgomery Processing Center (MPC)","Undetermined, pending investigation",2024SIR0009077,"On April 9, 2024, ERO Houston reported the use of oleoresin capsicum (OC) on a Mexican national detainee while housed at the MPC in Conroe, Texas. On April 8, 2024, the detainee created a disturbance in an MPC housing unit, and MPC contract staff placed the detainee in hand restraints and escorted him to the MPC Restricted Housing Unit. After being placed in a cell, the detainee refused to relinquish the hand restraints. MPC staff gave the detainee multiple commands to comply with officer instructions, but he refused. The use of OC spray was authorized and applied to gain compliance. The detainee complied with the MPC extraction team's commands, and the hand restraints were removed without further incident. The MPC extraction team removed the detainee from his cell and initiated decontamination protocols. IHSC evaluated the detainee and medically cleared him."
212,Use of Force,"ERO Miami, ICE Health Service Corps (IHSC), Krome Service Processing Center (KSPC)","Undetermined, pending investigation",2024SIR0009067,"On April 9, 2024, ERO Miami reported the use of force on a Honduran national detainee while housed at the KSPC in Miami, Florida. On April 8, 2024, KSPC staff observed the detainee with his back towards the security cameras appearing to be in the process of tying knots with his bedsheets. KSPC staff entered the detainee's cell and ordered him to surrender the bedsheets and submit to hand restraints to prevent self-harm. KSPC staff continued to give multiple commands for compliance and when they attempted to apply restrains, the detainee became combative, screaming and banged his head on the table. KSPC staff intervened to stop the detainee from further self-harm, and additional KSPC staff arrived and assisted in applying hand and leg restraints. The detainee started to spit on nearby KSPC staff, at which point the officers opted to place a spit mask over his face and managed to secure him onto a four-point restraint chair. KSPC staff then escorted the detainee to the KSPC Medical Housing Unit (MHU) for a medical evaluation and IHSC recommended admission to MHU for medical observation. KSPC staff involved did not report any injuries, and KSPC management will initiate disciplinary procedures against the detainee."
213,Use of Force,"ERO Chicago, ICE Health Service Corps (IHSC), Kay County Detention Center (KCDC)","Undetermined, pending investigation",2024SIR0009116,"On April 10, 2024, ERO Chicago reported the use of force on a Mexican national detainee, while housed at the KCDF in Newkirk, Oklahoma. On April 9, 2024, KCDF staff gave several verbal commands to the detainee to close the bean hole slot on the cell door and he refused. KCDF staff attempted to open the cell door to shut the bean hole slot and the detainee attacked the KCDF staff at the door. KCDF staff placed the detainee on the ground to gain control and restrained him. KCDF staff placed the detainee on suicide watch in a single cell for his and staff safety. The detainee and KCDF staff involved in the incident did not sustain any serious injuries. ERO leadership, IHSC and the Joint Intake Center were notified."
214,Use of Force,"ERO Miami, ICE Health Service Corps (IHSC), Krome Service Processing Center (KSPC)","Undetermined, pending investigation",2024SIR0009085,"On April 10, 2024, ERO Miami reported the use of oleoresin capsicum (OC) on a French national detainee while housed at the KSPC in Miami, Florida. On April 8, 2024, the detainee refused to comply to orders to return to his cell after his authorized rec- reation time. KSPC staff member gave the detainee multiple commands to comply with officer instructions, but he refused. The detainee continued to disobey orders, confronted KSPC staff in a fighting stance, and uttered verbal threats. In response to the threat, KSPC staff used OC spray to gain compliance. The detainee complied with the KSPC staff and submitted to hand restraints. The KSPC staff escorted the detainee to the processing shower and initiated decontamination protocols. IHSC evaluated the detainee and medically cleared him."
215,Use of Force,"ERO San Antonio, South Texas ICE Processing Center (STIPC), ICE Health Service Corps (IHSC)","Undetermined, pending investigation",2024SIR0009132,"On April 10, 2024, ERO San Antonio reported the use of force on a South African national detainee while housed at the STIPC in Pearsall, Texas. On April 9, 2024, the detainee refused to comply with verbal commands by STIPC staff member to comply with the application of hand restraints for his transfer to the Restricted Housing Unit for disruptive behavior, causing STIPC contract staff to deploy oleoresin capsicum spray into the detainee's cell to obtain compliance. The detainee continued to resist while being transported to on a gurney for medical evaluation, causing STIPC staff to place the detainee on the floor. The detainee refused a medical evaluation and decontamination by IHSC. IHSC instructed the detainee decontaminate using soap and water in his cell. A STIPC staff member reported an injury to his nght hand. ERO leadership and the Joint Intake Center"
216,Use of Force,"ERO San Antonio, South Texas ICE Processing Center (STIPC), ICE Health Service Corps (IHSC)","Undetermined, pending investigation",2024SIR0009204/2024SIR0009220,"On April 11, 2024, ERO San Antonio reported the use of force and oleoresin capsicum (OC) spray on a South African national detainee while housed at the STIPC in Pearsall, Texas. On April 10, 2024, STIPC staff member witnessed the detainee swallow an unknown number of pills while in his unit. STIPC assembled a five-member officer team which applied hand and leg restrains to escort the detainee to the medical unit, where the detainee refused treatment and was brought back to his unit. The detainee after being escorted back to his unit and while being released from hand and Jeg restrains became non-compliant with staff's directives. STIPC medical staff advised that the detainee still needed to be escorted to FRH for further evaluation. The detainee became aggressive and noncompliant, then assaulted a STIPC staff member by biting his nght hand as the STIPC staff member applied restraint equipment on the detainee. The detainee refused multiple commands to comply and desist all aggression. STIPC staff deployed OC spray to gain compliance and warned the detainee of further consequences if he continued to resist staff, to which the detainee complied, and all use of force ceased. STIPC staff began the decontamination process and medical personnel was able to transport the detainee for further evaluation at FRH. IHSC conducted a medical examination and reported the detainee did not sustain any injuries. A STIPC staff member sustained an injury to his right hand"
217,Use of Force,"ERO San Antonio, T. Don Hutto Detention Center (TDHDC), ICE Health Service Corps (IHSC)","Undetermined, pending investigation",2024SIR0010608,"On May 10, 2024, ERO San Antonio reported the use of oleoresin capsicum (OC) spray on a Honduran national detainee housed in the TDHDC in Taylor, Texas. On May 8, 2024, the detainee refused to comply with TDHDC staff commands to submit being placed in restraints. The detainee began striking his cell with a tablet and throwing objects at the staff from the ¬© back of his cell. TDHDC staff then deployed OC spray, the detainee subsequently complied with TDHDC staff commands and was placed in restraints. IHSC staff evaluated the detainee and reported no injuries from the use of force. ERO leadership was notified."
218,Use of Force,"ERO San Antonio, South Texas ICE Processing Center (STIPC), ICE Health Service Corps (IHSC)","Undetermined, pending investigation",2024SIR0010694,"On May 10, 2024, ERO San Antonio reported the use of oleoresin capsicum (OC) spray on a South African national detainee while housed at the STIPC in Pearsall, Texas. On the same date, the detainee was preventing STIPC staff from conducting a wellness check by covering his window with totlet paper creating a zero-visibility environment. The detainee refused to comply with STIPC staff verbal commands to submit to hand-restraints to be relocated to a clean cell. To gain compliance, STIPC staff administered a one second burst of OC spray to the detainee's facial area to gain compliance. The detainee complied to hand restraints and was escorted to the shower for decontamination. The detainee was placed in a cell after decontamination and while attempting to remove the hand restraints the detainee became non-compliant by pulling away from STIPC staff with the hand restraints on. STIPC staff advised the detainee of the consequences of non-compliance, the detainee later complied with commands, and the hand restraints were relinquished. IHSC staff did a cell assessment and reported that the detainee did not sustain any injuries. One STIPC staff member did sustain an injury to his left thumb. ERO leadership was notified."
219,Use of Force,"ERO Washington D.C., Immigration Centers of America (ICA)",N/A,2024SIR0010684,"On May 10, 2024, ERO Washington, D.C. reported the use of oleoresin capsicum (OC) spray on an Iraqi national detainee while housed at the ICA in Farmville, Virginia. On the same date, ICA staff gave multiple verbal commands for the detainee to turn around to be placed in restraints while in the medical unit of the facility. The detainee refused to comply with ICA staff orders and became physically aggressive. ICA staff deployed a single second burst of OC spray to gain the detainee's compliance, but the detainee continued to refuse to comply. ICA staff used the least amount of force necessary to gain control of the detainee which resulted in the ICA staff taking the detainee to the ground. The ICA staff placed the detainee in a restraint chair for decontamination and medical evaluation, and it was determined the detainee did not sustain any injuries. Two ICA staff sustained minor injures. ERO leadership and the Joint Intake Center were notified."
220,Use of Force,"ERO Atlanta, Stewart Detention Center (SDC)","Undetermined, pending investigation",2024SIR0010733,"On May 12, 2024, ERO Atlanta reported the use of oleoresin capsicum (OC) spray on a Honduran national detainee while housed at the SDC in Lumpkin, Georgia. On May 11, 2024, the detainee failed to comply with SDC staff orders to remove coverings on his cell door window and to untie bedsheets used to keep his cell door shut. The detainee continued to fail to comply with verbal commands by SDC staff to remove the cell door coverings and to untie the sheets to his cell door. SDC staff sprayed OC spray into the cell to gain compliance. SDC staff removed the detainee from the cell and escorted him to the shower for decontamination. No injuries were reported to either the detainee or SDC staff. ERO leadership was notified."
221,Use of Force,"ERO Miami, Krome Service Processing Center (KSPC)","Undetermined, pending investigation",2024SIR0010780,"On May 13, 2024, ERO Miami reported the use of force on a Haitian national detainee housed at the KSPC in Miami, Florida. On the same date, the detainee flooded his cell in the KSPC Special Management Unit and became disruptive and belligerent. KSPC staff directed the detainee to cease his behavior and submit to wrist restraints, to which he refused to comply, and attempted to barricade his cell door with his mattress, KSPC staff opened the cell door and removed the barricade. The detainee attempted to charge the KSPC staff and KSPC staff restrained the detainee and placed him in a four-point restraint chair. Upon being placed in the restraint chair, the detainee ceased all resistance. No injuries to the detainee or KSPC staff members were reported. KSPC staff initiated disciplinary procedures against the detainee. ERO leadership was notified."
222,Use of Force,"ERO Miami, ICE Health Service Corps (IHSC), Krome Service Processing Center (KSPC)","Undetermined, pending investigation",2024SIR0010769,"On May 13, 2024, ERO Miami reported the use oleoresin capsicum (OC) on a Haitian national detainee housed at the KSPC in Miami, Florida, On May 12, 2024, the detainee aggressively ran towards KSPC staff to disrupt the process of KSPC staff restraining another detainee involved in an active physical altercation. The detainee pushed the KSPC staff members hands away, to disrupt the ongoing use of force. KSPC staff deployed a single burst of OC spray in the detainee's facial area. The detainee ceased all resistance and submitting to being placed in hand restraints. KSPC staff escorted the detainee to the shower area for decontamination. IHSC medically cleared the detainee. No injuries to the detainee or KSPC staff members were reported. KSPC staff initiated disciplinary procedures against the detainee."
223,Use of Force,"ERO Miami, Krome Service Processing Center (KSPC), ICE Health Service Corps (IHSC)","Undetermined, pending investigation",2024SIR0010758,"On May 13, 2024, ERO Miami reported the use of oleoresin capsicum (OC) spray on a Bahamian national detainee while housed at the KSPC in Miami, Florida, On May 12, 2024, the detainee aggressively threatened a KSPC staff member and failed to comply with KSPC staff orders to remain seated in the cafeteria. The detainee continued to fail to comply with multiple KSPC staff orders to submit to hand restraints and responded with expletives. KSPC staff applied a custodial touck to the detninee to gain compliance. The detainee continued physically resisting and threatening bodily harm to KSPC staff) KSPC staff sprayed OC spray on the detainee's face to gain compliance and apply hand restraints. The detainee was escorted to the shower area and decontaminated, then examined by THSC medical personnel and medically cleared. No injuries were reported to KSPC staff. KSPC will initiate disciplinary procedures against the detausee. ERO leadership was notified."
224,Use of Force,"ERO Miami, ICE Health Service Corps (IHSC), Krome Service Processing Center (KSPC)","Undetermined, pending investigation",2024SIR0010785,"On May 13, 2024, ERO Miami reported the use of force on a Haitian national detainee housed at the KSPC in Miami, Florida. On the same date, the detainee refused to be discharged from the KSPC Medical Housing Unit and moved to the KSPC Special Management Unit. KSPC staff conducted a controlled take-down, and upon being placed on the ground, the detainee refused to submit to restraints. KSPC staff placed the detainee on a four-point restraint chair and applied a spit maak to the detainee to prevent saliva contamination. Once secured, the detainee ceased all resistance. IHSC medical staff cleared the detainee. No injuries to the detainee or KSPC staff members were reported. KSPC staff initiated disciplinary procedures against the detainee. ERO leadership was notified"
225,Use of Force,"ERO Miami, ICE Health Service Corps (IHSC), Krome Service Processing Center (KSPC)","Undetermined, pending investigation",2024SIR0010845,"On May 14, 2024, ERO Miami reported the use of force on a Honduran national detainee housed at the KSPC in Miami, Florida. On the same date, the detainee lunged himself headfirst into a solid structure on the KSPC walkway, which required KSPC staff members to redirect the detainee to the ground. The detainee continued to resist, by hitting his head on the floor and attempting to bite KSPC staff members. KSPC staff gave verbal commands to stop resisting, the detainee failed to comply and was placed in a restraint chair and applied a spit mask to the detainee to prevent biting. IHSC medical staff cleared the detainee. No injuries were reported by KSPC staff members. KSPC staff initiated disciplinary procedures against the detainee. ERO leadership was notified."
226,Use of Force,"ERO Philadelphia, Moshannon Valley Processing Center (MVPC)","Undetermined, pending investigation",2024SIR0010900,"On May 15, 2024, ERO Philadelphia reported the use of oleoresin capsicum (OC) spray on a Haitian national detainee housed at the MVPC in Philipsburg, Pennsylvania. On the same date, the detainee started to act disruptive in the unit. MVPC staff removed detainee from the housing unit into the hallway. While in the hallway, the subject refused MVPC staff orders to be restrained and threatened staff. MVPC staff administered a 3-5 second burst of OC spray to the detainee, to gain compliance. The detainee was taken to medical, where he was examined, decontaminated, and cleared of any injuries. The Joint Intake Center has been notified."
227,Use of Force,"ERO San Diego, Otay Mesa Detention Center (OMDC)","Undetermined, pending investigation",2024SIR0010914,"On May 15, 2024, ERO San Diego reported the use of oleoresin capsicum (OC) spray on a Yemeni national detainee while housed at the OMDC in San Diego, California. On the same date, OMDC staff observed the detainee approaching staff in an aggressive stance swinging his arms towards staff members. OMDC staff directed the detainee to back up and the detainee did not comply. OMDC staff used a one second burst of OC spray to gain compliance. OMDC staff placed the detainee in hand restraints and escorted the detainee to the medical unit. Upon arriving in the medical unit, OMDC medical staff-initiated suicide watch precautions and initiated decontamination protocols. Upon OMDC staff attempting to exit the cell, the detainee blocked the door from closing with his hand. OMDC staff gave verbal directives to the detainee to remove his hand and used a burst OC spray to gain compliance. OMDC medical staff assessed the detainee and cleared him from force incident. ERO leadership was notified."
228,Use of Force,"ERO Miami, ICE Health Service Corps (IHSC), Krome Service Processing Center (KSPC), Dade Fire Rescue (MDFR), Florida Kendall Hospital (HCA-FKH)","Undetermined, pending investigation",2024SIR0010921,"On May 16, 2024, ERO Miami reported the use of force on a Honduran national detainee while housed at the KSPC in Miami, Florida, On May 15, 2024, the detainee began banging his head on the ground, attempting to inflict self-injury. KSPC staff immediately intervened and attempted to lift the detainee up to his knees. The detainee began to resist and KSPC staff was forced to redirect him to the ground. Once on the ground, the detainee began to actively resist being placed into wrist restraints. KSPC staff gave multiple verbal commands to stop resisting. The detainee continued to fail to comply as directed and KSPC staff extracted him from his cell. Upon exiting his cell, the detainee lunged bead forward full forced into the metal cell door, thereby creating a large bump on his forehead. KSPC staff placed the detainee into a restraint chair and transported him to the KSPC medical housing unit. IHSC conducted a medical assessment of the detainee and gave him a sedative. IHSC medical staff determined that the detainee has a history of hyperlipidemia, psychoactive substance abuse with withdrawal adjustment disorder, mood affective disorder. IHSC ordered the detainee to be transported to the ER to rule out a concussion. On the same date, MDFR transported the detainee to the HCA - FKH in Miami, Florida, to rule out a concussion. HCA FKH medical staff admitted the detainee as an inpatient for a psychiatric evaluation. KSPC staff did not report any injuries. KSPC staff will initiate disciplinary procedures against the detainee in relation to this incident."
229,Use of Force,"ERO San Antonio, South Texas ICE Processing Center (STIPC), ICE Health Service Corps (IHSC)","Undetermined, pending investigation",2024SIR0010961,"On May 16, 2024, ERO San Antonio reported the use of force on a Colombian national detainee while housed at the STIPC in Pearsall, Texas. On the same date, the detainee refused to comply with STIPC staff orders to submit to the application of hand and leg restraints for transport, causing STIPC staff to assemble a five-person response team to apply the restraints. The team entered the detainee's cell, conducted a takedown of the detainee, applied the restraints, and placed the detainee in a wheelchair for transport to the transport van. The detainee continued to resist, requiring STIPC staff to forcibly place the detainee in the transport van. IHSC assessed the detainee and noted no injuries. An STIPC staff member reported a minor injury to their right small and index fingers. ERO leadership was notified."
230,Use of Force,"ERO Atlanta, Stewart Detention Center (SDC)","Undetermined, pending investigation",2024SIR0011038,"On May 17, 2024, ERO Atlanta reported the use of oleoresin capsicum (OC) spray on a Cuban national and a Mexican national detainee while housed at the SDC in Lumpkin, Georgia. On May 16, 2024, the detainees were involved in a physical altercation. During the altercation SDC observed the Mexican national detainee hitting Cuban national detainee with a closed fist. SDC staff provided both detainees verbal commands to disengage from fighting. Both detainees refused verbal commands. SDC staff then administered one burst of OC between both detainees and provided verbal commands to separate. Both detainees complied with the verbal commands and separated. SDC staff performed decontamination for both detainees and escorted them to medical for further evaluation. SDC medical evaluated both detainees vitals and determined their condition did not require transfer to an outside medical care provider. After being cleared by SDC medical, SDC staff placed both detainees in restrictive housing. No injuries were reported to either of the detainees or SDC staff."
231,Use of Force,"ERO Miami, Krome Service Processing Center (KSPC), ICE Health Service Corps (IHSC)","Undetermined, pending investigation",2024SIR0010994,"On May 17, 2024, ERO Miami reported the use of force on a Haitian national detainee while housed at the KSPC in Miami, Florida. On May 16, 2024, the detainee barricaded himself in his cell and covered up the cameras with toilet paper. KSPC staff gave multiple verbal commands to desist in his belligerence, remove the mattress barricade, and uncover the cameras. The detainee demanded that KSPC staff members take action to force him to comply and invited KSPC staff members to enter the cell to engage in combat or to spray him with oleoresin capsicum spray. The detainee then proceeded to tie the T-shirt around his neck to self-asphyxiate. Based on these aggressive actions, KSPC staff members entered the detainee's cell to remove the barricade and confiscate the T-shirt. The detainee initiated a physical struggle, thereby requiring KSPC staff members to affect a controlled take down to the ground to place him in hand restraints. While on the ground, the detainee continued to offer resistance. KSPC staff members deemed it necessary to involuntarily place the detainee in a four-point restraint chair with the utilization of a facial spit mask. Once secured in the chair, the detainee ceased his resistance and all use of force ceased. IHSC medical staff assessed the detainee post use of force and medically cleared him. KSPC staff did not report any injuries. KSPC staff will initiate disciplinary procedures against the detainee in relation to this incident."
232,Use of Force,"ERO Miami, ICE Health Service Corps (IHSC), Krome Service Processing Center (KSPC)","Undetermined, pending investigation",2024SIR0011067,"On May 18, 2024, ERO Miami reported the use oleoresin capsicum (OC) on a Haitian national detainee while housed at the KSPC in Miami, Florida. On May 17, 2024, the detainee began speaking loudly in an aggressive manner towards KSPC staff and demanded immediate medical attention. The detainee attempted to rally other detainees to incite a disturbance. The detainee ignored KSPC staff orders to stop his disruptive behavior and to submit to hand restraints. The detainee resisted KSPC staff that were attempting to apply a custodial hold to secure hand restraints. KSPC staff deployed a single disbursement of OC spray to the detainee, redirected the detainee to the ground and placed the detainee in hand restrains. Once restrained, all use of force ceased and KSPC staff escorted the detainee to decontaminate. IHSC medical staff assessed the detainee and cleared the detainee of injuries. KSPC staff initiated disciplinary procedures against the detainee."
233,Use of Force,"ERO Atlanta, Stewart Detention Center (SDC)","Undetermined, pending investigation",2024SIR0011140,"On May 21, 2024, ERO Atlanta reported the use of oleoresin capsicum (OC) spray on a Jamaican national detainee while housed at the SDC in Lumpkin, Georgia. On May 18, 2024, SDC staff instructed the detainee to exit his cell. The detainee refused and stated to SDC staff that he was not going to leave his cell. SDC staff deployed OC spray into the cell to gain compliance. The detainee was removed from the cell and escorted to restricted housing for decontamination and medical evaluation. No injuries were reported to either the detainee or SDC staff."
234,Use of Force,"ERO Harlingen, El Valle Detention Facility (EVDF)","Undetermined, pending investigation",2024SIR0011193,"On May 21, 2024, ERO Harlingen reported the use of force on a Haitian national detainee while housed at the EVDF in Ray- mondville, Texas. On May 20, 2024, the detainee became noncompliant, combative, and physically aggressive towards EVDF staff. EVDF staff used reasonable and necessary force to control the detainee, The detainee was placed in hand restraints and escorted to medical for evaluation. EVDF medical staff evaluated the detainee and noted a small scratch on his left wrist from the use of force incident. ERO leadership was notified ."
235,Use of Force,"ERO Philadelphia, Moshannon Valley Processing Center (MVPC)","Undetermined, pending investigation",2024SIR0011142,"On May 21, 2024, ERO Philadelphia reported the deployment of oleoresin capsicum (OC) spray on a Liberian national detainee while housed in MVPC in Philipsburg, Pennsylvania. On May 20, 2024, MVPC staff noticed the detainee was causing verbal disruption in the dining hall during lunch. MVPC staff gave verbal orders for the detainee to exit the dining hall, but the detainee became combative and refused to comply. When the detainee attempted to punch MVPC staff, MVPC staff deployed OC spray to gain compliance and apply hand and leg restraints on the detainee. Once in restraints, MVPC staff escorted the detainee to medical for decontamination and a medical evaluation. The detainee sustained a minor laceration on their lip during the use of force. The detainee was placed into the segregated management unit. ERO leadership and the : Joint Intake Center were notified."
236,Use of Force,"ERO Miami, Baker County Detention Center (BCDC)","Undetermined, pending investigation",2024SIR0011221,"On May 22, 2024, ERO Miami reported the use of force on a Belizean national detainee housed at the BCDC in MacClenny, Florida. On the same date, BCDC staff were conducting security checks when the detainee attempted to grab a BCDC staff member through the cell door food flap and prevented other BCDC staff from securing the food flap. The detainee failed to comply with multiple verbal commands from BCDC staff to allow the food flap to be secured, causing them to give a one second burst of oleoresin capsicum spray to the detainee's facial area so the food flap could be secured. The detainee then began tampering with and broke the fire suppression system inside the cell, causing BCDC staff to remove the detainee from the cell and place him in a restraint chair to gain compliance. The detainee was evaluated and decontaminated by BCDC medical staff and medically cleared. No injuries were reported to either the detainee or BCDC staff. ERO leadership was notified."
237,Use of Force,"ERO Miami, ICE Health Service Corps (IHSC), Krome Service Processing Center (KSPC)","Undetermined, pending investigation",2024SIR0011232,"On May 22, 2024, ERO Miami reported the use of force on a Russian national detainee housed at the KSPC in Miami, Flor- ida. On May 21, 2024, the detainee failed to comply with orders by KSPC staff to exit his cell, causing KSPC staff to physically remove the detainee from the cell, place the detainee in a restraint chair and apply a spit mask. The detainee was examined by THSC and medically cleared. No injunes were reported to either the detainee or KSPC staff. KSPC management will initiate disciplinary procedures against the detainee."
238,Use of Force,"ERO San Francisco, Mesa Verde ICE Processing Center (MVIPC), ICE Health Service Corps (IHSC)","Undetermined, pending investigation",2024SIR0011196,"On May 22, 2024, ERO San Francisco reported the use of force and deployment of oleoresin capsicum (OC) spray on a Mexican national detainee while housed at the MVIPC in Bakersfield, California. On May 21, 2024, the detainee threatened and stuck MVIPC staffs left hand with a closed right fist, as he attempted to retrieve confiscated contraband from MVIPC staff. Addi- tional MVIC staff responded and attempted to gain compliance, but the detainee refused to comply with verbal orders. MVIPC staff deployed OC spray to gain compliance, and then used force to get the detainee into hand and leg restraints. MVIPC staff escorted the detainee to the medical unit for decontamination and medical evaluation. MVIPC medical staff evaluated the detainee and reported no injures to the detainee or to the staff member. The detainee will remain in restricted housing pending : investigation. ERO leadership and IHSC were notified."
239,Use of Force,"ERO Harlingen, Port Isabel Detention Center (PIDC)","Undetermined, pending investigation",2024SIR0011308,"On May 23, 2024, ERO Harlingen reported the use of force on a Colombian national detainee while housed at the PIDC in Los Fresnos, Texas. On May 22, 2024, the detainee refused to comply with PIDC staff's verbal commands to exit the dorm for removal flight preparation, causing PIDC staff to use reasonable and necessary force to assist the detainee off his bunk and unto a wheelchair, which restraints were not applied. PIDC staff escorted the subject for post use-of-force medical evaluation | and clearance. PIDC medical staff assessed the detainee and noted no injuries. ERO leadership was notified."
240,Use of Force,"ERO Houston, ICE Health Service Corps (IHSC), Montgomery Processing Center (MPC)","Undetermined, pending investigation",2024SIR0011273,"On May 23, 2024, ERO Houston reported the use of oleoresin capsicum (OC) spray on a Salvadoran national detainees housed at the MPC in Conroe, Texas. On May 22, 2024, multiple detainees began arguing because of rough play during a soccer game during outdoor recreation. Addition MPC staff dispatched and responded to investigate the incident. The detainee began to verbal abuse MPC staff for interrupting play. The detainee refused to comply with multiple commands not to interfere with MPC staff and leave the area. The detainee continued to interfere with MPC staff duties, and was ordered to submit to hand restraints, which he refused and ran away from staff. MPC staff pursued the detainee, ordering him to stop. The detainee stopped running, turned to face MPC staff, assuming a fighting stance, and attempted to strike a MPC staff member with a closed fist. The detainee struggled with MPC staff, causing the detainee and MPC staff member to fall to the ground. The detainee continued his assault by spitting on the MPC staff member. MPC staff deployed OC spray after multiple attempts to gain compliance were unsuccessful. After being exposed to OC spray, the detainee stopped resisting and submitted to hand restraints. MPC staff escorted the detainee to the Restricted Housing Unit (RHU) and initiated decontamination protocols by utilizing a shower and fresh air. THSC evaluated the detainee and medically cleared him for housing in RHU. MPC staff reported that two MPC staff members sustained superficial injuries. ERO leadership and the Joint Intake Center were notified. _"
241,Use of Force,"ERO Harlingen, El Valle Detention Facility (EVDF)","Undetermined, pending investigation",2024SIR0011390,"On May 24, 2024, ERO Harlingen reported the use of force on a Haitian national detainee while housed at the EVDF in Ray- mondville, Texas. On May 23, 2024, the detainee became disruptive by kicking the trash can and door inside the dorm. EVDF staff placed him in handcuffs and escorted the detainee for post use-of-force medical evaluation and clearance. The detainee continued to be disruptive by kicking the asylum booths during escort then placed the detainee against the wall to gain compli- ance. The detainee suffered no injuries. ERO leadership was notified. :"
242,Use of Force,"ERO Philadelphia, Moshannon Valley Processing Center (MVPC)","Undetermined, pending investigation",2024SIR0011407,"On May 24, 2024, ERO Philadelphia reported the use of oleoresin capsicum (OC) spray on a Dominican national detainee while housed in MVPC in Philipsburg, Pennsylvania. On the same date, MVPC staff noticed the detainee had had covered the windows of his housing unit. MVPC staff instructed the detainee to uncover the window multiple times before he complied. MVPC staff then tried to secure the food slot door in his unit, but the detainee had jammed the lock. After repeatedly trying to secure the food slot MVPC staff instructed the detainee to put his hands through the slot to be restrained so staff could fix the door, The detainee refused to comply with instruction and MVPC staff used a controlled burst of OC spray to induce compliance. The detainee then complied and allowed the restraints to be applied without further issue. MVPC staff took the detainee for decontamination, and to the medical room to be assessed. After the medical assessment, MVPC staff placed the detainee into a new housing unit. ERO leadership was notified."
243,Use of Force,"ERO El Paso, El Paso Processing Center (EPC), ICE Health Service Corps (IHSC)","Undetermined, pending investigation",2024SIR0011460,"On May 27, 2024, ERO El Paso reported the use of force on an Eritrean national detainee while boused at the EPC in El Paso, Texas. On May 26, 2024, the detainee failed to comply with EPC staff orders to put his shirt on while outside in the recreational area and began behaving in an aggressive manner, attempted to strike EPC staff and threw soccer posts towards EPC staff as they approached him. EPC staff took the detainee to the ground and apply restraints. The detainee kicked an EPC staff member as he was being escorted for processing and attempted to strike a door with his head. EPC staff to place the detainee in a padded cell to prevent self-harm. The detainee refused a medical assessment by THSC. No injuries were observed to the : detainee or reported by EPC staff. ERO leadership was notified."
244,Use of Force,"ERO Harlingen, Port Isabel Detention Center (PIDC)","Undetermined, pending investigation",2024SIR0011492,"On May 28, 2024, ERO Harlingen reported the use of force on an Ecuadorian national detainee while housed at the PIDC in Los Fresnos, Texas. On the same date, the detainee became disruptive by shaking and striking the beds of other detainees. PIDC staff used the necessary force to control the detainee, placed him in handcuffs, and escorted the detainee for medical evaluation. The detainee suffered no injuries. ERO leadership was notified."
245,Use of Force,"ERO Seattle, ICE Health Service Corps (IHSC), Northwest ICE Processing Center (NWPIC)","Undetermined, pending investigation",2024SIR0011516,"On May 28, 2024, ERO Seattle reported the use of oleoresin capsicum (OC) on a Jordanian national detainee while housed at the NWIPC in Tacoma, Washington. On May 27, 2024, the detainee failed multiple times to comply with directives to submit to restraints and exit his holding cell. NWIPC staff deployed OC spray into the holding cell to gain compliance, placed the detainee in restraints and escorted the detainee to medical. NWIPC medical staff decontaminated, evaluated, and cleared the detainee to be relocated to another cell within the medical observation unit. No injuries were reported. ERO leadership was notified."
246,Use of Force,"ERO Houston, IAH Secure Adult Detention Center (IAH)","Undetermined, pending investigation",2024SIR0011635,"On May 30, 2024, ERO Houston reported the use of oleoresin capsicum (OC) on a Guatemalan national detainee housed at : TAH in Livingston, Texas. On May 29, 2024, the subject refused to comply with verbal commands and exit his cell. IAH staff deployed a burst of OC spray to gain compliance and place the detainee in hand restraints. IAH staff escorted the detainee to medical where medical staff performed decontamination protocols, and the medical staff determined he did not sustain any injuries. ERO leadership was notified."
247,Use of Force,"ERO Miami, ICE Health Service Corps (IHSC), Krome Service Processing Center (KSPC)","Undetermined, pending investigation",2024SIR0011672,"On May 31, 2024, ERO Miami reported the use of force on a Nicaraguan national detainee housed at the KSPC in Miami, Florida. On May 30, 2024, the detainee was escorted by KSPC staff members to the processing area to initiate disciplinary procedure. During a pat down search on the detainee, KSPC staff observed what appeared to be # paper that the detainee tried to conceal in his socks. After several verbal orders to surrender the object, the detainee refused to comply and became combative towards KSPC staff and attempted to pull away. KSPC staff redirected the detainee to the wall to gain compliance and were able to retrieve the object. The detainee continued to be non-compliant. KSPC staff members entered the holding cell and redirected the detainee to the ground to apply hand and leg restraints. Once restrained, all use of force ceased. THSC and reported injury present on the detainee noting redness on his wrist, but indicated no follow-up was required. KSPC staff members did not report any injuries. KSPC management will initiate disciplinary procedures against the detainee in relation to this incident. ERO leadership was notified"
248,Use of Force,"ERO San Antonio, ICE Health Service Corps (IHSC), T. Don Hutto Detention Center (TDHDC)","Undetermined, pending investigation",2024SIR0011660,"On May 31, 2024, ERO San Antonio reported the use of force on a Honduran national detainee housed in the TDHDC in Taylor, Texas. On May 30, 2024, the detainee refused to comply with TDHDC staff commands to submit being placed in restraints. The detainee attempted to kick a TDHDC staff member and refused to return to his cell. TDHDC staff performed a take-down method to restrain the detainee, which led the detainee to comply with TDHDC staff commands and was placed in restraints. IHSC staff evaluated the detainee and reported no injuries from the use of force. ERO leadership was notified."
249,Use of Force,"ERO Boston, ERO Miami, ICE Health Service Corps (IHSC), Krome Service Processing Center (KSPC)","Undetermined, pending investigation",2024SIR0011742,"On June 2, 2024, ERO Boston reported the use of force on a Dominican national detainee while housed at the KSPC in Miami, Florida. On June 1, 2024, the detainee refused to comply with verbal commands by KSPC staff to relinquish a plastic bot- tle. The detainee became verbally irate and threw the plastic bottle into the bathroom of the housing area, causing KSPC staff to call for additional staff to assist. Upon arrival of additional staff, the detainee refused to comply with KSPC staff orders to submit to hand restraints. The detainee physically and verbally resisted KSPC staff during the application of hand restraints, causing KSPC staff to put the detainee on the floor to apply hand restraints and gain compliance. The detainee was examined and medically cleared by IHSC medical staff. No injuries were reported to KSPC staff. The detainee was relocated to another cell pending a disciplinary investigation. ERO leadership was notified."
250,Use of Force,"ERO Denver, El Paso Behavioral Health System (EPBHS)","Undetermined, pending investigation",2024SIR0011762,"On June 3, 2024, ERO Denver reported the use of force on a Salvadoran national detainee while housed at the EPBHS in El Paso, Texas. On June 2, 2024, the detainee became upset when EPBHS staff were outside the cell making noise. The detainee refused to comply with verbal commands by EPBHS staff to calm down and get back after confronting an EPBHS staff mem- ber. The detainee became aggressive and assumed a fighting stance. EPBHS staff called for additional staff to assist. Upon arrival of additional staff, the detainee refused to comply with staff orders to submit to hand restraints. The detainee physically and verbally resisted EPBHS staff during the application of hand restraints, EPBHS medical staff applied a sedative shot in the arm of the detainee to gain compliance. Once complaint, the handcuffs were removed. EPBHS medical staff evaluated the detainee and reported no injuries. The detainee was relocated to another cell pending a disciplinary investigation. ERO leadership was notified."
251,Use of Force,"ERO Houston, ICE Health Service Corps (IHSC), Montgomery Processing Center (MPC)","Undetermined, pending investigation",2024SIR0011784,"On June 3, 2024, ERO Houston reported the use of oleoresin capsicum (OC) spray on a Nicaraguan national detainee while housed at the MPC in Conroe, Texas. On the same date, the detainee refused to comply with verbal commands by MPC staff to stop kicking the cell door, MPC staff administered OC spray into the cell, deployed s five-cnati entry team into the cell, and place the detainee in hand and foot restraints. The detainee was removed from the cell, decontaminated, and given a medical evaluation by IHSC staff. IHSC observed minor abrasions and medically cleared the detainee. ERO leadership was notified."
252,Use of Force,"ERO Washington D.C., Immigration Centers of America (ICA)","Undetermined, pending investigation",2024SIR0011817,"On June 4, 2024, ERO Washington, D.C. reported the use oleoresin capsicum (OC) spray on a Salvadoran national detainee and a Nicaraguan national detainee housed at the ICA in Farmville, Virginia. On the same date, the detainees failed to comply with orders from ICA staff to cease fighting, which led to ICA staff to deploy a single burst of OC spray to stop the altercation. ICA staff applied restraints to both detainees and escorted them to medical for decontamination and a medical evaluation. Neither detainee sustained injuries, and no injuries were reported by ICA staff. ERO leadership and the Joint Intake Center were notified."
253,Use of Force,"ERO San Diego, Otay Mesa Detention Center (OMDC)","Undetermined, pending investigation",2024SIR0013216,"On July 2, 2024, ERO San Diego reported the use of oleoresin capsicum (OC) spray on a Mexican national detainee while housed at the OMDC in San Diego, California. On July 1, 2024, the detainee was involved in a pod disturbance involving detainees throwing various items at each other. OMDC staff gave directives to the detainees, and they did not comply. OMDC staff deployed three rounds of pepper ball OC to gain compliance of the pod. All detainees and staff were cleared of any injuries by OMDC medical staff. ERO leadership was notified."
254,Use of Force,"ERO Detroit, Calhoun County Jail (CCJ)","Undetermined, pending investigation",2024SIR0013341,"On July 5, 2024, ERO Detroit reported the use of oleoresin capsicum (OC) spray on a Venezuelan national detainee while housed at the CCJ in Battle Creek, Michigan. On the same date, the detainee refused to comply with CCJ officers orders to stop hitting the glass and door of the cell he was housed in and to come to the food hatch to be handcuffed. To gain compliance, CCJ officers used a one-second burst of a chemical agent, applied hand restraints, and then escorted him to a five-point restraint chair. The CCJ staff decontaminated the detainee and transported him to medical for evaluation. CCT medical staff evaluated and cleared the detainee. The detainee was placed in administrative segregation pending the outcome of the disciplinary process. ERO leadership was notified."
255,Use of Force,"ERO Miami, Baker County Detention Center (BCDC)","Undetermined, pending investigation",2024SIR0013306,"On July ¬ß, 2024, ERO Miami reported the use oleoresin capsicum (OC) on a Congolese national detainee housed at the BCDC in MacClenny, Florida. On July 4, 2024, the detainee started covering a fixed wing camera with toilet paper, when BCDC deputy officers gave the detainee verbal commands to stop and he refused to comply, BCDC officers then gave the detainee commands to submit to restrains, to which he did not comply, and deployed three bursts of OC spray in the detaince's facial area. The detainee ceased all resistance, submitted to being placed in hand restraints, and was escorted to the shower area for decontamination. BCDC medical unit examined and evaluated the detainee. No injuries to the detainee or BCDC staff members were reported, BCDC staff initiated disciplinary procedures against the detainee. ERO leadership was notified."
256,Use of Force,"ERO New Orleans, Winn Correctional Center (WCC)","Undetermined, pending investigation",2024SIR0013333,"On July 5, 2024, ERO New Orleans reported the use of force and deployment of oleoresin capsicum (OC) spray on a Nicaraguan national detainee while housed at the WCC in Winnfield, Louisiana. On June 29, 2024, the detainee refused to comply with verbal commands to submit to hand restraints after he grabbed a PVC pipe in an attempt for use as a weapon against WCC staff. WCC staff deployed a burst of OC spray to the subject's facial area to gain compliance, and the detainee was placed in restraints and escorted to the medical unit for an assessment and decontamination. WCC medical staff evaluated the detainee, and no injuries were reported. WCC placed the detainee on administrative segregation. ERO leadership was notified."
257,Use of Force,"ERO San Antonio, South Texas ICE Processing Center (STIPC), ICE Health Service Corps (IHSC)","Undetermined, pending investigation",2024SIR0013337,"On July 5, 2024, ERO San Antonio reported the use of force on a Honduran national detainee while housed at the STIPC in Pearsall, Texas. On July 4, 2024, the detainee got into a physical altercation with another detainee, with STIPC contract officers separating and escorting the detainee to another room. STIPC staff gave the detainee commands to submit to a pat search and hand restraints. The detainee became non-compliant with the commands and pulled away, resulting in STIPC officers assisting the detainee to the ground and applying hand restrains to regain control. STIPC officers then escorted the detainee to IHSC for medical examination and he was cleared."
258,Use of Force,"ERO San Antonio, South Texas ICE Processing Center (STIPC), ICE Health Service Corps (IHSC), ICE Office of Professional Responsibility (OPR)",Southern District of Texas,2024SIR0013233,"On July 5, 2024, ERO San Antonio reported the use of force and oleoresin capsicum (OC) spray on a Honduran national detainee while housed at the STIPC in Pearsall, Texas. On July 2, 2024, the detainee broke off the sprinkler system head in his cell and attempted to swallow a metal piece from it' STIPC staff gave verbal orders for the detainee to drop the metal object and submit to hand restraints, but the detainee refused. STIPC staff deployed one burst of OC spray to gain compliance, The five-man extraction team applied the hand restraints and escorted the detainee for decontamination and medical evaluation. The detainee refused medical evaluation, but no injuries were reported. OPR intends to present the subject's case for federal prosecution. ERO leadership was notified."
259,Use of Force,"ERO San Antonio, T. Don Hutto Detention Center (TDHDC), ICE Health Service Corps (IHSC)","Undetermined, pending investigation",2024SIR0013281,"On July 5, 2024, ERO San Antonio reported the use of force on a Cuban national detainee while housed at the TDHDC in Taylor, Texas. On July 3, 2024, TDHDC contract officers were conducting a scheduled shakedown of a housing unit, when the detainee became upset and verbally threatened the officers. The detainee then became non-compliant with verbal commands and spat in the face of an TDHDC officer as he was being escorted from the dorm. TDHDC assembled a five-member officer team which assisted the detainee to the ground and applied hand and leg restrains to regain control. TDHDC officers then escorted the detainee to IHSC for medical examination and reported the detainee did not sustain any injuries."
260,Use of Force,"ERO Phoenix, Central Arizona Florence Correctional Complex (CAFCC)","Undetermined, pending investigation",2024SIR0013369,"On July 7, 2024, ERO Phoenix reported the use of oleoresin capsicum (OC) spray on a Mexican national detainee while housed at the CAFCC in Florence, Arizona. On the same date, the detainee refused verbal commands to submit to restraints or to return to his cell, following a small altercation and climbing over safety rails on a second-tier walkway. CAFCC staff deployed a two second burst of OC spray on the detainee after he climbed over a railing on the second floor of his housing location and refused to return to his cell or submit to restraints. The detainee climbed back over the railing and onto the walking surface of the second floor. CAFCC staff gave the detainee verbal commands to lay down. The detainee ran away from staff and towards another detainee, and CAFCC staff deployed a secondary two second burst of OC spray and again gave verbal commands to lay down. The detainee complied with the commands and was restrained, CAFCC staff escorted the detainee to the rotunda area to be evaluated by medical staff. The detainee refused to be evaluated by medical staff. Medical staff did not observe any injuries on the detainee, and CAFCC staff escorted the detainee to the restrictive housing unit showers to offer decontamination with the use of copious amounts of cool, running water. CAFCC staff rehoused the detainee in the restrictive housing unit. The Jomt Intake Center was notified."
261,Use of Force,"ERO Atlanta, Folkston ICE Processing Center (FDRIPC), Southeast Georgia Health System- Camden Campus (SGCSCC)","Undetermined, pending investigation",2024SIR0013439,"On July 9, 2024, ERO Atlanta reported the use of force on a Honduran national detainee while housed at the FIPC in Folkston, Georgia. On July 8, 2024, the detainee refused to comply with FIPC staff's verbal commands to submit to hand restraints for relocation to segregation, acting aggressively and spitting on an FIPC staff member. The detainee then began to hit his head against a wall several times. FIPC staff removed the detainee from the cell and escorted him too medical where the detainee became aggressive again. FIPC staff took the detainee to the ground to gain compliance, prevent further self-harm, and apply band and leg restraints. FIPC medical staff evaluated the detainee and determined he sustained a head injury and transported them to SGHSCC in St. Mary's, Georgia, for further evaluation. ERO leadership was notified."
262,Use of Force,"ERO San Antonio, ICE Health Service Corps (IHSC), South Texas ICE Processing Center (STIPC)","Undetermined, pending investigation",2024SIR0013431,"On July 9, 2024, ERO San Antonio reported the use of force on a Venezuelan national detainee while housed at the STIPC in Pearsall, Texas. On July 8, 2024, the detainee got into a physical altercation with another detainee. In response, STIPC staff pulled the Venezuelan national detainee off of the other detainee, placed him on the ground, and applied hand restraints. STIPC staff escorted the detainee to THSC for a medical examination with no injuries reported. ERO leadership was notified."
263,Use of Force,"ERO San Francisco, Mesa Verde ICE Processing Center (MVIPC), ICE Health Service Corps (IHSC)","Undetermined, pending investigation",2024SIR0013479,"On July 9, 2024, ERO San Francisco reported the use of force and deployment of oleoresin capsicum (OC) spray on a Mexican national detainee while housed at the MVIPC in Bakersfield, California. On the same date, MVIPC staff notified the detainee he was being transferred to another facility for a higher level of medical care, but the detainee refused, became argumentative, and stated he was not leaving the cell. MVIPC staff gave the detainee multiple opportunities to comply, and he refused. Asa result, the use of force team entered the restricted housing unit to remove the detainee from his cell, and a one-second burst of OC spray was utilized to gain compliance. The detainee was restrained using the minimal amount of force necessary. The , detainee was escorted to the medical unit for decontamination. ERO leadership and IHSC were notified."
264,Use of Force,"ERO Atlanta, Folkston ICE Processing Center (FDRIPC)","Undetermined, pending investigation",2024SIR0013504,"On July 10, 2024, ERO Atlanta reported the use of oleoresin capsicum (OC) spray on a Honduran national detainee while housed at the FIPC in Folkston, Georgia. On July 9, 2024, PIPC contract staff removed one hand restraint from the detainee, when he moved away and attempted to weaponize the restraints. After failing to comply with verbal commands, FIPC staff administered one burst of OC spray, gained compliance from the detainee, and placed him in restraints. After being placed in his cell, the detainee placed lubricants on his floor and refused to submit to mechanical restraints. The FIPC staff administered another burst of OC spray, but detainee continued to resist the officers' instructions. FIPC staff then administered a second burst of OC spray, placed the detainee in restraints, and escorted him to medical for evaluation and decontamination, Upon completing decontamination, FIPC staff placed detainee in segregated housing due to his misconduct. ERO leadership was notified,"
265,Use of Force,"ERO Miami, ICE Health Service Corps (IHSC), Krome Service Processing Center (KSPC)","Undetermined, pending investigation",2024SIR0013530,"On July 10, 2024, ERO Miami reported the use of force on a Honduran national detainee while housed at the KSPC in Miami, Florida. On the same date, KSPC contract officers were conducting a detailed search of a housing unit, during which time the detainee became irate and began yelling sexually explicit profanities to another officer while resisting verbal commands to cease his actions and submit to the placement in wrist restraints. KSPC officers attempted to de-escalate the situation by counselling the detainee, however, the detainee refused to comply and aggressively physically resisted being restrained. KSPC officers then attempted to redirect and confine the detainee to a wall to secure his person but were unsuccessful. Subsequently, KSPC officers redirected the detainee to the ground for placement of hand restraints. Once restrained, all use of force ceased. IHSC medical staff assessed and cleared the detainee and KSPC will initiate disciplinary action. No injunes to the KSPC staff members were reported. ERO leadership was notified."
266,Use of Force,"ERO New Orleans, Pine Prairie ICE Processing Center (PPC)","Undetermined, pending investigation",2024SIR0013495,"On July 10, 2024, ERO New Orleans reported the use of oleoresin capsicum (OC) spray on two Cuban national detainees and two Honduran national detainees while housed at PPIPC in Pine Prairie, Louisiana. On the July 9, 2024, one of the Cuban national detainees threatened the other detainees in a dormitory with bodily harm and the detainees were refusing to comply with PPIPC contract staff commands to exit their dormitory. PPIPC contract staff deployed short bursts of OC spray in the dormitory to regain control. All detainees complied with instructions, submitted to restrains, and exited the dormitory. PPIPC staff escorted the detainees to separate units for decontamination and medical evaluation after the exposure. No injuries were reported. ERO leadership and the Joint Intake Center were notified."
267,Use of Force,"ERO New York, ICE Office of the Principal Legal Advisor (OPLA), ICE Health Service Corps (IHSC), Orange County Jail (OCJ)","Undetermined, pending investigation",2024SIR0013511,"On July 10, 2024, ERO New York reported the deployment of oleoresin capsicum (OC) spray on an Ecuadoran national detainee while housed in OCJ in Goshen, New York. On July 9, 2024, the detainee became disruptive, and continuously refused to comply with OCJ staff orders to lock into his cell. The detainee then raised his hand and turned towards one of the OCJ staff members. Other OC) staff members attempted to secure the detainee's arms and take him to the ground in a prone posi- tion. The detainee was guided to the ground only to his hands and knees as he continued to resist being placed into the prone position. OCJ staff used a controlled burst of OC spray to gain compliance. The detainee was placed in handcuffs and escorted to a medical unit. OCJ medical staff decontaminated the detainee and cleared him to return to general population, where he was secured in his cell without further incident. ERO Leadership, IHSC, and OPLA were notified."
268,Use of Force,"ERO Washington D.C., Caroline Detention Facility (CDF)","Undetermined, pending investigation",2024SIR0013467,"On July 10, 2024, ERO Washington D.C. reported the use of force on a Salvadoran national detainee while housed at CDF in Bowling Green, Virginia. On July 9, 2024, the detainee failed to comply with CDF contract staff orders while being escorted off the recreation yard. CDG staff placed the detainee on the ground to gain control. CDF staff escorted the detainee to medical for evaluation and reported no injuries. There were no injuries to CDF staff during the incident. ERO leadership and the Joint Intake Center were notified."
269,Use of Force,"ERO Miami, Krome Service Processing Center (KSPC), ICE Health Service Corps (IHSC)","Undetermined, pending investigation",2024SIR0013573,"On July 11, 2024, ERO Miami reported the use of force and deployment of oleoresin capsicum (OC) spray on a Haitian national detainee and a Bahamian national detainee while housed at the KSPC in Miami, Florida. On July 10, 2024, the two detainees were engaged in a physical altercation with each other and KSPC staff gave orders for the detainees to cease their violent behavior. The detainees refused to comply and continued to fight. KSPC staff deployed OC spray on both detainees to cease the violent behavior and to gain compliance. The detainees ceased fighting and were both placed in hand restraints. KSPC staff escorted both detainees, separately, to the processing area for decontamination. IHSC medical staff evaluated both detainees and reported no injuries from the use of force. ERO leadership was notified. :"
270,Use of Force,"ERO Miami, Krome Service Processing Center (KSPC), ICE Health Service Corps (IHSC)","Undetermined, pending investigation",2024SIR0013603,"On July 11, 2024, ERO Miami reported the use of force and deployment of oleoresin capsicum (OC) spray on a Salvadoran national detainee while housed at the KSPC in Miami, Florida. On July 10, 2024, detention officers conducted a detailed search of the detainee's housing unit in search of reported contraband. The subject created a disturbance during the search. Due to detainee's non-compliance and to prevent further injuring herself, an AGS detention officer opened the holding cell door and deployed a single spray of oleoresin capsicum (OC). The detainee ceased her actions, complied to verbal commands, and submitted to the application of wrist restraints and all UoF ceased. AGS detention officers escorted the detainee to the processing area for OC decontamination and medical evaluation. ERO leadership and the Joint Intake Center were notified."
271,Use of Force,"ERO New Orleans, Winn Correctional Center (WCC)","Undetermined, pending investigation",2024SIR0013571,"On July 11, 2024, ERO New Orleans reported the use of oleoresin capsicum (OC) spray on an Uzbekistani national detainee while housed at WCC in Winnfield, Louisiana, On the same date, the subject spat on face of two WCC officers after becoming agitated. WCC officers gave commands to the subject to desist and seize the aggressive activity to which he declined. WCC staff deployed short bursts of OC spray to the subject's face to regain control. The detainee complied with instructions, submitted to restrains, and stopped all assaultive actions. WCC staff escorted the detainee for decontamination and medical evaluation after the exposure, No injuries were reported. ERO leadership was notified."
272,Use of Force,"ERO Phoenix, Eloy Detention Center (EDC), Eloy Police Department (EPD), ICE Health Service Corps (IHSC)","Undetermined, pending investigation",2024SIR0013603,"On July 12, 2024, ERO Phoenix reported the use of force and deployment of oleoresin capsicum (OC) spray on a Mexican national detainee while housed at the EDC in Eloy, Arizona. On July 11, 2024, the detainee abruptly turned and threw several closed fist punches, striking a contract detention officer in the shoulders, neck, and head during a recreation escort from his cell. EDC staff quickly responded, established a reactionary gap, and began giving the detainee loud verbal commands to comply. The detainee refused to comply and began advancing towards the officer, who dispersed a two to three second burst of OC spray to the facial area of the detainee. The detainee then began complying with verbal commands, laid down on the floor, and submitted to hand and leg restraints. EDC staff escorted the detainee to the showers for decontamination. THSC staff evaluated the detainee with no injuries. EDC staff then escorted the detainee back to his cell and removed the restraints without further incident. ERO leadership, EPD, and the Joint Intake Center were notified."
273,Use of Force,"ERO Harlingen, ERO Laredo, Laredo Processing Center (LPC)","Undetermined, pending investigation",2024SIR0013760,"On July 15, 2024, ERO Harlingen reported the use of force on a Haitian national detainee housed at the LPC in Laredo, Texas. On the same date, the detainee exhibited erratic behavior and proceeded to hit the cell door with their head. LPC staff used reasonable and necessary force to control the detainee to prevent them from injuring themself. Medical staff medically cleared the detainee while they were retrained by LPC staff. The detainee suffered no injunes and medical staff will continue to closely monitor the detainee. ERO leadership was notified."
274,Use of Force,"ERO Miami, Krome Service Processing Center (KSPC), ICE Health Service Corps (IHSC)","Undetermined, pending investigation",2024SIR0013824,"On July 16, 2024, ERO Miami reported the use of force and on a Cuban national detainee while housed at the KSPC in Miami, Florida. On the same date, the detainee became irate and began yelling profanity while also spiting at a detention officers. The detention officers redirected the detainee to the ground for placement of hand restraints and then onto a 4-point restraint chair with placement of a spit mask due to his ongoing verbal threats. Once restrained, all use of force ceased. IHSC medical staff evaluated the detainee and reported no injuries. ERO leadership was notified."
275,Use of Force,"ERO Seattle, ICE Health Service Corps (IHSC), Northwest ICE Processing Center (NWPIC)",N/A,2024SIR0013791,"On July 16, 2024, ERO Seattle reported the use of force on a Moldovan national detainee while housed at the NWIPC in Tacoma, Washington. On July 15, 2024, the detainee stole a staff member's radio and refused staff orders. The detainee became combative and assaulted officers. The detainee was then taken to the ground to gain physical control and to apply restraints. A nurse evaluated the detainee and found no injuries. A staff member reported they received two injuries but declined medical care. ERO leadership was notified."
276,Use of Force,"ERO St Paul, Kandiyohi County Sheriff's Office (KCSO), Kandiyohi County Jail (KCJ)","Undetermined, pending investigation",2024SIR0013800,"On July 16, 2024, ERO St. Paul reported the use of an Electro-Muscular Disruption Device (EMDD/Taser) on a Liberian national while housed at the KCJ in Wilmart, Minnesota. On July 15, 2024, the detainee and a non-ICE inmate were involved pean altercation. The detainee refused to comply with KCJ staff multiple verbal commands to stop fighting. KCJ deployed a taser, but it did not appear to affect the detainee, and a second taser was deployed to gain compliance. KCJ medical staff was on site and took the detainee to medical for further evaluation. KCJ medical staff provided the detainee : with band-aids as needed from the probe impact sites, and no other injuries were identified. A no contact order is in place between the two involved parties. ERO leadership was notified."
277,Use of Force,"ERO Houston, ICE Health Service Corps (IHSC), Montgomery Processing Center (MPC)","Undetermined, pending investigation",2024SIR0013853,"On July 17, 2024, ERO Houston reported the use of oleoresin capsicum (OC) spray on a Honduran national detainee while housed at the MPC in Conroe, Texas. On July 15, 2024, the detainee refused to comply with MPC contract officer orders to stop banging their head against the wall of the cell. To gain compliance, MPC officers used two bursts of OC, applied hand restraints, and then escorted the detainee out of the cell. The MPC staff decontaminated and transported the detainee to medical, where THSC staff evaluated and cleared the detainee. The detainee was placed in a Restricted Housing Unit. ERO leadership was notified. }"
278,Use of Force,"ERO Miami, ICE Health Service Corps (IHSC), Krome Service Processing Center (KSPC)","Undetermined, pending investigation",2024SIR0013866,"On July 17, 2024, ERO Miami reported the use of force on a Colombian national detainee while housed at the KSPC in Miami, Florida. On July 16, 2024, the detainee disrupted the food service process by failing to proceed forward with his assigned group. The detainee continued his disruptive behavior during the food service process and refused KSPC contract officers verbal commands. KSPC officers attenspted to escort him out of the cafeteria, to which the detainee actively resisted and force- fully pulled away. To gain compliance, KSPC officers redirected the detainee to the ground and placed bim in restraints. IHSC medical staff evaluated and cleared the detainees of injuries from the use of force' KSPC management will initiate disciplinary proceedings against the detainee in relation to this incident. ERO leadership was notified."
279,Use of Force,"ERO San Antonio, T. Don Hutto Detention Center (TDHDC), ICE Health Service Corps (IHSC)","Undetermined, pending investigation",2024SIR0013845,"On July 17, 2024, ERO San Antonio reported the use of force and deployment of oleoresin capsicum (OC) spray on a Honduran national detainee while housed at the TDHDC in Taylor, Texas. On July 15, 2024, TDHDC staff members noticed the detainee refused to return to his pod after eating, then later destroyed the toilet. and utilized a piece of the toilet to destroy the sink. TDHDC staff members ordered the detainee to stop, and he refused to comply. TDHDC staff deployed OC spray to gain compliance and applied restraints) TDHDC staff then escorted the detainee for decontamination. The detainee was evaluated by IHSC medical staff and reported no injuries were found ERO leadership was notified."
280,Use of Force,"ERO San Francisco, Golden State Annex (GSA), ICE Health Service Corps (IHSC)","Undetermined, pending investigation",2024SIR0013887,"On July 17, 2024, ERO San Francisco reported the use of force and deployment of oleoresin capsicum (OC) spray on a Salva- doran national detainee while housed at the GSA in McFarland, California. On July 16, 2024, when another detainee refused to be transferred to intake and became non-complaint and combative, the subject detainee interfered by assisting them with their non-compliance. GSA staff deployed OC spray on the subject detainee to gain compliance, and then used the minimum force needed to restrain them. GSA staff escorted the detainee to the medical unit for decontamination and medical evaluation. There were no reported injuries to the detainee or to staff members, IHSC and ERO leadership were notified."
281,Use of Force,"ERO Seattle, Northwest ICE Processing Center (NWPIC)","Undetermined, pending investigation",2024SIR0013865,"On July 17, 2024, ERO Seattle reported the use of force on a Ukrainian national detainee while housed at the NWIPC in Tacoma, Washington. On July 16, 2024, the detainee was hitting a phone receiver against a wall and swung it towards NWIPC staff. To gain physical control and compliance, NWIPC staff took the detainee to the ground to and applied restraints. NWIPC staff reported no injuries during the use of force. ERO leadership was notified."
282,Use of Force,"ERO Harlingen, El Valle Detention Facility (EVDF)","Undetermined, pending investigation",2024SIR0013928,"On July 18, 2024, ERO Harlingen reported the use of force on a Mexican national detainee while housed at EVDF in Ray- mondville, Texas. On July 17, 2024, the subject verbally threatened EVDF contract officers and refused to exit the dormitory to be admitted in the segregation unit and acted combative and aggressive, failing to follow commands. EVDF officers used band and arm techniques and assisted the detainee to the ground, and the detainee submitted to hand restrains. A second non- compliance resulted in leg restraints being applied. EVDF staff escorted the detainee for medical evaluation and clearance. No injuries were reported. ERO leadership was notified."
283,Use of Force,"ERO Miami, Krome Service Processing Center (KSPC), ICE Health Service Corps (IHSC)","Undetermined, pending investigation",2024SIR0013956,"On July 18, 2024, ERO Miami reported the use of force on a Cuban national detainee while housed at the KSPC in Miami, Flor- ida. On July 17, 2024, the detainee became irate, ingested two pieces of metal, and destroyed a mounted electrical wall socket in his assigned cell. KSPC contract staff members immediately entered the cell to render first aid, at which point the detainee became irate, made verbal threats, assumed a fighting stance, refused commands, and refused to submit to placement in wrist restraints. The detainee then successfully delivered a physical strike with his closed fist to the head of a KSPC staff member. In response, KSPC staff utilized a hard technique to redirect the detainee to the ground for placement of restraints. The detainee was then placed onto a 4-point restraint chair with placement of a spit mask. Once restrained, all use of force ceased. Staff members involved reported minor injuries. IHSC medical staff assessed the detainee post use of force and recommended he be sent to the hospital for medical observation. ERO leadership was notified."
284,Use of Force,"ERO San Antonio, South Texas ICE Processing Center (STIPC), ICE Health Service Corps (IHSC)","Undetermined, pending investigation",2024SIR0013945,"On July 18, 2024, ERO San Antonio reported the use of force and deployment of oleoresin capsicum (OC) spray on a Nicaraguan national detainee while housed at the STIPC in Persall, Texas. On July 17, 2024, the detainee refused STIPC contract officer orders to leave his cell and threw a blanket and swung his fists at officers. The officers entered the room, placed the detainee on the ground, and placed him in restraints. Officers attempted to remove the detainee's restraints, but be refused to follow verbal commands during the medical assessment. An officer administered one burst of OC to gain the detainee's compliance. Officers then applied hand restraints, placed the detainee on a medical gumey, and escorted him to medical housing unit. Neither the detainee nor STIPC staff sustained any injuries."
285,Use of Force,"ERO Miami, Krome Service Processing Center (KSPC), ICE Health Service Corps (IHSC)","Undetermined, pending investigation",2024SIR0014012,"On July 19, 2024, ERO Miami reported the use of force on a Cuban national detainee while housed at the KSPC in Miami, Florida. On July 18, 2024, the detainee while interned as an inpatient at a local hospital in Miami, Florida, created an immediate use of force situation after an Krome contract officer removed his hand restraints so that he could use the restroom. Once restraints were removed, the detainee assumed a fighting stance, and then successfully delivered several physical strikes with his closed fist to the head of the officer. Based on these actions, the officer utilized a hard technique and redirect the detainee to the ground and placed him in restraints. Once restrained, all use of force ceased. The Krome officers involved in the incident reported minor injuries but declined to receive any medical treatment. The hospital medical staff assessed and cleared the detainee and KSPC has initiated disciplinary procedures against the detainee. ERO leadership was notified."
286,Use of Force,"ERO Philadelphia, Moshannon Valley Processing Center (MVPC), ICE Office of Professional Responsibility (OPR)","Undetermined, pending investigation",2024SIR0014028,"On July 19, 2024, ERO Philadelphia reported the use of oleoresin capsicum (OC) spray on a Haitian national detainee while housed at the MVPC in Philipsburg, Philadelphia. On the same date, the detainee refused to comply with MVPC contract officers' orders to get down from the bed and present his hands to be restrained, as the subject attempted to wrap his smock around his neck and attempted to tie it to the sprinkler system. To gain compliance, MVPC officers used a one-second burst of OC, applied hand restraints, and then escorted him to a suicide resistant cell. MVPC staff decontaminated the detainee and transported him to medical, where he was cleared. The detainee was placed in administrative segregation pending the outcome of the disciplinary process. ERO leadership and the OPR Intake Center were notified."
287,Use of Force,"ERO San Antonio, T. Don Hutto Detention Center (TDHDC), ICE Health Service Corps (IHSC)","Undetermined, pending investigation",2024SIR0013984,"On July 19, 2024, ERO San Antonio reported the use of force on a Honduran national detainee while housed at the TDHDC in Taylor, Texas. On July 18, 2024, TDHDC staff members were conducting a scheduled check of the housing unit, when the detainee engaged in self-harm by cutting his wrist with an improvised object. TDHDC staff took the detainee to the ground and applied hand restraints to stop the self-harm actions. TDHDC staff then escorted the detainee to THSC for evaluation, where medical staff cleaned up the detainee's cuts and applied bandages. The detainee has been placed on constant watch. ERO leadership was notified."
288,Use of Force,"ERO Miami, ICE Health Service Corps (IHSC), Krome Service Processing Center (KSPC)","Undetermined, pending investigation",2024SIR0014041,"On July 20, 2024, ERO Miami reported the use of force on a Haitian national while housed at the KSPC in Miami, Florida. On July 19, 2024, the detainee failed to comply with KSPC orders to cease disruptive behavior, resisted efforts by KSPC staff to apply restraints and assaulted a KSPC staff member. causing KSPC staff to place the detainee in a restraint chair to gain compliance. IHSC medical staff evaluated the detainee and the staff member. The detainee reported no injuries and was medically cleared. The KSPC staff member was transported to a local hospital for evaluation of a shoulder injury. KSPS staff will initiate disciplinary proceedings against the detainee in relation to this incident. ERO leadership was notified."
289,Use of Force,"ERO San Antonio, ICE Health Service Corps (IHSC), South Texas ICE Processing Center (STIPC)","Undetermined, pending investigation",2024SIR0014036,"On July 20, 2024, ERO San Antonio reported the use of force and oleoresin capsicum (OC) spray on a Cuban national detainee while housed at the STIPC in Pearsall, Texas. On July. 19, 2024, the detainee refused to comply with verbal commands to‚Äù submit to restraints while in the medical unit, causing STIPC staff to deploy a burst of OC spray to gain compliance. A five- member team entered the cell, applied hand and leg restraints, placed the detainee on a gumey and transported the detainee to a shower for decontamination. IHSC evaluated the detainee and reported no injuries. ERO leadership was notified."
290,Use of Force,"ERO Miami, ICE Health Service Corps (IHSC), Krome Service Processing Center (KSPC)","Undetermined, pending investigation",2024SIR0014062,"On July 21, 2024, ERO Miami reported the use of force on a Honduran national detainee housed at the KSPC in Miami, Florida. On July 20, 2024, the detainee became irate and aggressive with KSPC staff while being returned to his cell and failed to comply with orders by KSPC staff to submit to hand restraints, causing KSPC staff to place the detainee on the floor. The detainee continued to physically resist KSPC staff, causing KSPC staff to place the detainee in a restraint chair to gain compli- ance. The detainee was examined by IHSC and medically cleared. No injuries were reported to either the detainee or KSPC staff. KSPC management will initiate disciplinary procedures against the detainee."
291,Use of Force,"ERO Houston, ICE Health Service Corps (IHSC), Montgomery Processing Center (MPC)","Undetermined, pending investigation",2024SIR0014101,"On July 22, 2024, ERO Houston reported the use of oleoresin capsicum (OC) spray on a Nigerian national detainee while housed at the MPC in Conroe, Texas. On the same date, the detainee refused to comply with MPC officers orders to return to his housing unit after leaving the dining hall. To gain compliance, MPC officers used a one-second burst of OC, applied hand and leg restraints, and then escorted the detainee out of the cell. The MPC staff decontaminated the detainee and transported him over to medical. IHSC medical staff evaluated and cleared the detainee, and they were placed in the Restrictive Housing Unit. ERO leadership was notified."
292,Use of Force,"ERO Miami, ICE Health Service Corps (IHSC), Krome Service Processing Center (KSPC)","Undetermined, pending investigation",2024SIR0014072,"On July 22, 2024, ERO Miami reported the immediate use of force and deployment of oleoresin capsicum (OC) spray on a Dominican national detainee, Cuban national detainee, and a Haitian national detainee while housed at the KSPC in Miami, FLorida. On July 20, 2024, KSPC staff observed multiple detainees engaging in a verbal argument. KSPC staff ixswed several verbal commands to cease their behavior and the detainees engaged in a fight. The Dominican national detainee assaulted # KSPC staff member with a strike to the face. KSPC staff placed the detainee on the ground and placed him in restraints to gain compliance. A fight between the Cuban national detainee and Haitian national detainee caused the KSPC staff to deploy OC spray to gain compliance and applied hand restraints. KSPC staff escorted the detainees for decontamination and THSC conducted medical examinations on the detainees and reported no injuries. KSPC staff reported no physical injunes. ERO leadership was notified."
293,Use of Force,"ERO Phoenix, ICE Health Service Corps (IHSC), Eloy Detention Center (EDC)","Undetermined, pending investigation",2024SIR0014090,"On July 22, 2024, ERO Phoenix reported the use of oleoresin capsicum (OC) spray on a Dominican national detainee, while housed at the EDC in Eloy, Arizona. On July 21, 2024, the detainee charged at another detainee in an aggressive manner. EDC staff deployed a three second burst of OC spray on the detainee to gain compliance. The detainee was removed from the area, placed in hand restraints, and escorted to intake area showers for decontamination. The detainee was examined by IHSC staff and noted no injuries. The detainee was then escorted to restrictive housing. No EDC staff reported any injuries. ERO"
294,Use of Force,"ERO Miami, Krome Service Processing Center (KSPC), Broward Transitional Center (BTC)","Undetermined, pending investigation",2024SIR0014173,"On July 23, 2024, ERO Miami reported the use of force on two Dominican national detainees and Haitian national detainee while housed at the BTC in Miami, Florida. On July 22, 2024, after a BTC contract officer retrieved the detainees identification card and attempted to exit the room, the detainee pushed the officer and grabbed them by their neck The BTC officer used take down to gain compliance and attempted to place detainee in hand restraints, as the other two detainees intervened to prevent applying hand restraints. Upon arrival of additional staff, who used verbal commands and officer presence, the detainees complied with orders to submit to hand restraints. The detainee was examined by BTC staff and medically cleared. No injuries were reported to BTC staff. The detainee will be relocated to KSPC due to his disruptive behavior. ERO leadership was notified."
295,Use of Force,"ERO Miami, Baker County Detention Center (BCDC)","Undetermined, pending investigation",2024SIR0014165,"On July 23, 2024, ERO Miami reported the use of oleoresin capsicum (OC) on a Jamaican national detainee housed at the BCDC in MacClenny, Florida. On the same date, BCDC officers responded to a commotion and verbal arguments between detainees. BCDC deputies entered the pod and noticed the detainee taking an aggressive stance, threatening multiple detainees to use a storage box in his hand as a weapon. The detainee refused to obey BCDC staff verbal commands used a one second burst of OC to the detainee's facial area, resulting in the detainee submitting to hand restraints to gain compliance. BDC escorted the detainee to the shower for decontamination and the BCDC medical unit for examination. No injuries to the detainee or BCDC staff members were reported. ERO leadership was notified. :"
296,Use of Force,"ERO Seattle, Northwest ICE Processing Center (NWPIC)","Undetermined, pending investigation",2024SIR0014137,"On July 23, 2024, ERO Seattle reported the use of force on a Canadian national detainee housed at the NWIPC in Tacoma, Washington. On huly 22, 2024, the detainee attempted to access a restricted area of the facility and NWIPC staff ordered the subject to return to their housing unit, but the detainee became actively resistant. NWIPC staff assisted the detainee to the ground and applied restraints to gain compliance. No injuries were reported. ERO leadership was notified."
297,Use of Force,"ERO San Antonio, South Texas ICE Processing Center (STIPC), ICE Health Service Corps (IHSC)","Undetermined, pending investigation",2024SIR0014210,"On July 24, 2024, ERO San Antonio reported the use of force on a Colombian national detainee while housed at the STIPC in Pearsall, Texas. On July 23, 2024, the detainee was observed in a verbal altercation with several detainees. The detainee was separated, and while being escorted by STIPC staff, pulled away and became noncompliant. The detainee was immediately taken down to the ground by STIPC staff. The detainee continued to refuse verbal command and was placed into leg and hand restraints. STIPC staff placed the detainee on a gurney and escorted the detainee into a cell in another unit. STIPC staff removed the detainee's leg restraints, but the detainee refused to relinquish his hand restraints. STIPC staff conducted 15-minute checks until the detainee relinquished the hand restraints. There were no injuries reported. ERO leadership was notified. )"
298,Use of Force,"ERO El Paso, ERO Albuquerque, Cibola County Correctional Center (CCCC), Torrance County Detention Facility (TCDF)","Undetermined, pending investigation",2024SIR0014312,"On July 25, 2024, ERO E1 Paso reported the use of force on a Venezuelan national detainee, while housed at the CCCC in Milan. New Mexico. On the same date, the detainee alleged that a CCCC contract detention officer used force on him two days prior. CCCC staff reviewed video footage from July 23, 2024, which showed that the CCCC officer physically pushed the detaince forward through the open door. The detainee has been seen and cleared by medical and returned to his assigned housing without injury. ERO El Paso and CCCC staff will continue to monitor the detainee and will provide updates, as necessary."
299,Use of Force,"ERO San Antonio, South Texas ICE Processing Center (STIPC), ICE Health Service Corps (IHSC)","Undetermined, pending investigation",2024SIR0014278,"On July 25, 2024, ERO San Antonio reported the use of force on a Colombian national detainee while housed at the STIPC in Pearsall, Texas. On the same date, the detainee broke the fire sprinkler inside his cell during an attempted suicide by causing superficial cuts to his left forearm with the metal cap of the broken fire sprinkler. A STIPC contract officer deployed oleoresin capsicum (OC) spray on the detainee to stop further harm and gained compliance. The detainee was placed on a stretcher and escorted to the Medical Housing Unit (MHU) with both leg and hand restraints, to assess the superficial cuts and assess his mental status. The detainee refused assessment and decontamination from the medical and mental health unit. The detainee requested a shower for decontamination and while decontaminating, attempted banging his head on the door and requesting medical to give him medication to stop the burning. STIPC staff gained compliance and convinced the detainee to stop banging his head. The detainee was moved to MHU cell for safety and placed on suicide watch observation and will continue to be monitored. There were no further injuries. ERO leadership was notified."
300,Use of Force,"ERO San Antonio, South Texas ICE Processing Center (STIPC), ICE Health Service Corps (IHSC)","Undetermined, pending investigation",2024SIR0014356,"On July 26, 2024, ERO San Antonio reported the use of force on a Salvadoran national detainee while housed at the STIPC in Pearsall, Texas. On July 25, 2024, the detainee was being disruptive in the dormitory during a random dorm search. STIPC contract staff attempted to place the detainee in hand restraints, but the detainee was noncompliant and pulled away, STIPC staff took the detainee to the ground, placed bim in restraints, and escorted him to the restrictive housing unit. IHSC evaluated the detainee and reported no injuries from the use of force. ERO leadership was notified."
301,Use of Force,"ERO San Antonio, South Texas ICE Processing Center (STIPC), ICE Health Service Corps (IHSC)","Undetermined, pending investigation",2024SIR0014322,"On July 26, 2024, ERO San Antonio reported the use of force on a Dominican national detainee while housed at the STIPC in Pearsall, Texas. On July 25, 2024, the detainee became noncompliant and pulled away from STIPC contract staff during an escort to an alternate housing unit. STIPC staff attempted to place the detainee in hand restraints, but the detainee continued to be noncompliant and refused verbal commands. STIPC staff took the detainee to the ground to and placed him in hand and leg restraints. The detainee was placed on a gurney and escorted to the new housing unit. IHSC evaluated the detainee and reported no injuries from the use of force. ERO leadership was notified."
302,Use of Force,"ERO Harlingen, El Valle Detention Facility (EVDF)","Undetermined, pending investigation",2024SIR0014387,"On July 27, 2024, ERO Harlingen reported the use of force on a Nicaraguan national detainee while housed at the EVDF in Raymondville, Texas. On July 26, 2024, the detainee became noncompliant and aggressive towards EVDF staff. EVDF staff gave verbal commands to comply, but the detainee refused. EVDF staff used reasonable force to gain compliance from the detainee and place him in hand restraints. EVDF staff escorted the detainee to medical for evaluation. EVDF medical staff reported no injuries. ERO leadership was notified."
303,Use of Force,"ERO Philadelphia, Moshannon Valley Processing Center (MVPC)","Undetermined, pending investigation",2024SIR0014386,"On July 27, 2024, ERO Philadelphia reported the use of force and deployment of oleoresin capsicum (OC) spray on a Jamaican national detaince while housed at the MVPC in Philipsburg, Pennsylvania. On July 26, 2024, the detainee broke the sprinkler head in his cell, was continuously destructive, and threatened MVPC staff members. MVPC staff gave verbal orders for the detainee to submit to hand restraints, the detainee refused. MVPC staff deployed a one-second burst of OC spray to gain compliance, the detainee immediately complied by placing hands through the food slot to be handcuffed. MVPC staff placed hand restraints on the detainee and escorted to the medical shower for decontamination and evaluation. The detainee refused the medical evaluation. MVPC medical performed a visual evaluation of the detainee and reported no injuries. ERO leadership was notified."
304,Use of Force,"ERO Atlanta, Stewart Detention Center (SDC)","Undetermined, pending investigation",2024SIR0014460,"On July 29, 2024, ERO Atlanta reported the use of oleoresin capsicum (OC) spray on an Afghani national detainee while housed at the SDC in Lumpkin, Georgia. On July 28, 2024, SDC staff gave multiple verbal commands to the detainee to remove a towel from his cell window unit. The detainee initially removed the towel but quickly place the towel back. SDC staff give the detainee additional commands to remove the towel, to which the detainee refused to comply. SDC staff deployed one burst of OC spray into the detainee's cell, but the detainee remained non-compliant. A five-man extraction team entered the detainee's cell and physically secured him against the wall. The extraction team secured the detainee with hand restraints and legs irons. SDC staff escorted the detainee to the shower for decontamination. The detainee refused to be assessed by the SDC medical staff. There were no injuries to report. ERO leadership was notified."
305,Use of Force,"ERO Harlingen, El Valle Detention Facility (EVDF)","Undetermined, pending investigation",2024SIR0014448,"On July 29, 2024, ERO Harlingen reported the use of force on a Guatemalan national detainee while housed at the EVDF in Raymondville, Texas. On July 28, 2024, the detainee became noncompliant and aggressive towards EVDF staff. EVDF staff gave verbal commands to comply, but the detainee refused. EVDF staff used reasonable force to gain compliance from the detainee and place him in hand restraints. EVDF staff escorted the detainee to medical for evaluation. EVDF medical staff reported no injuries. ERO leadership was notified,"
306,Use of Force,"ERO Philadelphia, Moshannon Valley Processing Center (MVPC)","Undetermined, pending investigation",2024SIR0014450,"On July 29, 2024, ERO Philadelphia reported the use of force and deployment of oleoresin capsicum (OC) spray on a Haitian national detainee while housed at the MVPC in Philipsburg, Pennsylvania. On the same date, the detainee was ordered to remove a covering from his cell window. The detainee removed the covering but refused to comply with MVPC staff verbal orders to be placed in handcuffs and removed from the cell. MVPC staff deployed OC spray to gain compliance, and the detainee immediately complied to being handcuffed. MVPC staff escorted to the medical shower for decontamination and evaluation. MVPC medical performed an evaluation of the detainee and reported no injuries. ERO leadership and the ICE OPR Intake Center were notified."
307,Use of Force,"ERO Seattle, Northwest ICE Processing Center (NWPIC), ICE Health Service Corps (IHSC)","Undetermined, pending investigation",2024SIR0014466,"On July 29, 2024, ERO Seattle reported the use of use of oleoresin capsicum (OC) spray on an Afghani national detainee housed at the NWIPC in Tacoma, Washington. On July 28, 2024, the detainee refused to be transferred to the Medical Housing Unit (MHU) after IHSC initiated missed meal monitoring protocols. The detainee refused NWIPC Officers commands to submit to restraints. NWIPC Officers deployed OC into the detainee's cell and then proceeded to enter the cell and took the detainee to the floor to place him in restraints. The detainee was moved to the MHU where he was decontaminated. THSC will continue to monitor his medical condition. ERO leadership was notified."
308,Use of Force,"ERO El Paso, El Paso Processing Center (EPC), ICE Health Service Corps (IHSC)","Undetermined, pending investigation",2024SIR0014519,"On July 30, 2024, ERO El Paso reported the use of force on a Moroccan national detainee while housed at the EPC in El Paso, Texas. On July 29, 2024, the detainee failed to comply with EPC staff orders to return to his housing unit. The detainee ignored verbal commands and became passively aggressive towards EPC officers. As EPC officers approached the detainee, he spat on the floor in front of the EPC officers and nudged an EPC officer with this shoulder. EPC officers gained control of the detainee by taking him down to the floor, applying restraints, and escorting him to processing. IHSC medical staff assessed the detainee and determined that the detainee did not sustain any injuries. ERO El Paso and IHSC staff will continue to monitor the detainee and provide updates as necessary. ERO leadership was notified."
309,Use of Force,"ERO Harlingen, El Valle Detention Facility (EVDF)","Undetermined, pending investigation",2024SIR0014510,"On July 30, 2024, ERO Harlingen reported the use of force on a Honduran national detainee while housed at the EVDF in Raymondville, Texas. On July 29, 2024, the detainee became noncompliant and aggressive towards EVDF staff following his involvement in a physical altercation with another noncitizen. EVDF staff gave verbal commands to comply, but the detainee refused. EVDF staff used reasonable force to gain compliance from the detainee and place him in hand restraints. The detainee was escorted for medical evaluation and clearance, with no injuries were reported. ERO leadership was notified."
310,Use of Force,"ERO Seattle, ERO Tacoma, ICE Health Service Corps (IHSC), Northwest ICE Processing Center (NWPIC)","Undetermined, pending investigation",2024SIR0014488,"On July 30, 2024, ERO Seattle reported the use of force on a Honduran national detainee housed at the NWIPC in Tacoma, Washington. On July 28, 2024, NWIPC staff arrived to escort the detainee to the Restricted Housing Unit (RHU), after the detainee was charged with threatening a NWIPC staff member. The detainee refused to submit to restraints and began to actively resist NWIPC staff attempts to place him in restraints. NWIPC staff took the detainee down to the floor and placed him in restraints. The detainee was escorted to RHU without further incident. IHSC responded to RHU to assess the detainee for injuries, but the detainee refused to allow IHSC to assess him. ERO leadership was notified."
311,Use of Force,"ERO Philadelphia, Moshannon Valley Processing Center (MVPC), ICE Office of Professional Responsibility (OPR)","Undetermined, pending investigation",2024SIR0014584,"On August 1, 2024, ERO Philadelphia reported the use of force and deployment of oleoresin capsicum (OC) spray on a Haitian national detainee while housed at the MVPC in Philipsburg, Pennsylvania. On July 31, 2024, MVPC staff saw that the detainee had tied a towel around his neck, where the towel was not fixed to any item. The detainee refused to comply with orders to submit to hand restraints, and MVPC staff deployed OC spray to gain compliance and apply hand restraints. MVPC staff escorted the detainee to medical for decontamination and medical evaluation, reporting no injuries, ERO leadership and the OPR Intake Center were notified."
312,Use of Force,"ERO Philadelphia, Moshannon Valley Processing Center (MVPC), ICE Office of Professional Responsibility (OPR)","Undetermined, pending investigation",2024SIR0014586,"On August 1, 2024, ERO Philadelphia reported the use of force on a Salvadoran national detainee while housed at the MVPC in Philipsburg, Pennsylvania. On July 31, 2024, the detainee refused to exit the visiting room and verbally threatened a MVPC staff member. MVPC staff placed the detainee on the ground and secured him in hand and leg restraints. The detainee was medically assessed and placed in the special management unit pending a disciplinary hearing. ERO leadership and the OPR Intake Center were notified."
313,Use of Force,"ERO Seattle, ICE Health Service Corps (IHSC), Northwest ICE Processing Center (NWPIC)","Undetermined, pending investigation",2024SIR0014645,"On August 1, 2024, ERO Seattle reported the use of force on a Canadian national detainee housed at the NWIPC in Tacoma, Washington. On July 31, 2024, the detaince refused NWIPC staff verbal commands to comply with an emergency temporary order to provide involuntary medical treatment by IHSC. NWIPC staff entered the detaince's cell, placed him into a wheelchair and transported him to the medical housing unit to obtain his weight. The detainee was then moved to the medical isolation unit where was transferred onto a medical bed. NWIPC staff placed the detainee into four-point soft restraints without inci- dent. THSC was able to safely administer a blood draw, take vitals and perform an EKG on the detainee without incident. Upon completion, IHSC authorized the detainee to be retumed to the medical housing unit and the restraints were removed by NWIPC staff. ERO Seattle and IHSC will continue to monitor the detainee's care and custody. ERO leadership was notified."
314,Use of Force,"ERO Philadelphia, Moshannon Valley Processing Center (MVPC), ICE Office of Professional Responsibility (OPR)","Undetermined, pending investigation",2024SIR0014664,"On August 2, 2024, ERO Philadelphia reported the use of force and deployment of oleoresin capsicum (OC) spray on a Haitian national detainee while housed at the MVPC in Philipsburg, Pennsylvania. On August 1, 2024, MVPC staff responded to the medical unit where the detainee had kicked off a sprinkler head and was ordered to exit the shower and be placed in hand restraints. The detainee refused to comply and MVPC staff deployed OC spray to gain compliance and apply hand restraints. MVPC staff escorted the detainee to medical for decontamination and medical evaluation and reported no injuries. ERO leadership and the OPR Intake Center were notified."
315,Use of Force,"ERO Philadelphia, Moshannon Valley Processing Center (MVPC)","Undetermined, pending investigation",2024SIR0014727,"On August 3, 2024, ERO Philadelphia reported the use of force and deployment of oleoresin capsicum (OC) spray on a Guatemalian national detainee while housed at the MVPC in Philipsburg, Pennsylvania. On the same date, the detainee tore a piece of metal from his bed and failed to comply with MVPC staff orders to drop the item and submit to removal from his cell and began brandishing the item as a weapon. The detainee climbed on a toilet in the cell and attempted to pry a hole the ceiling, causing MVPC staff to deploy OC spray to gain compliance. The detainee continued to fail to comply with MVPC staff commands and attempted to use the toilet to decontaminate, causing MVPC staff to turn off water to the cell and deploy OC spray two more times to gain compliance. MVPC staff placed the detainee in restraints and the detainee was decontaminated by MVPC staff and evaluated by medical staff. No injuries were reported of the detainee or MVPC staff. MVPC is initiating disciplinary action against the detainee. ERO leadership and the ICR OPR Intake Center were notified."
316,Use of Force,"ERO Seattle, Northwest ICE Processing Center (NWPIC), ICE Health Service Corps (IHSC)","Undetermined, pending investigation",2024SIR0014744,"On August 4, 2024, ERO Seattle reported the use of force on a Micronesian national while housed at the NWIPC in Tacoma, Washington. On August 3, 2024, the detainee failed to comply with NWIPC staff commands to leave his housing unit while under NWIPC staff escort and actively resisted NWIPC staff, causing NWIPC staff to take the detainee to the floor and apply restraints. IHSC examined the detainee and reported no injuries. ERO Leadership was notified."
317,Use of Force,"ERO Miami, ICE Health Service Corps (IHSC), Krome Service Processing Center (KSPC), Broward Transitional Center (BTC)","Undetermined, pending investigation",2024SIR0014776,"On August 5, 2024, ERO Miami reported the use of force on a Dominican national detainee while housed at the BTC in Pompano Beach, Florida. On the same day, while being escorted the detainee became non-compliant and actively resisted BTC staff by pulling away from them aggressively and escalated the situation by taking a clinched fist stance, Additional BTC staff responded to intervene and neutralize the situation. The detainee continued to actively resist. BTC staff redirected the detainee to the ground in order to gain control and restrain him for escort. The detainee was examined by BTC and medically cleared. No injuries were reported to BTC staff. The detainee was relocated to another cell pending a disciplinary investigation. ERO leadership was notified."
318,Use of Force,"ERO San Antonio, ICE Health Service Corps (IHSC), South Texas ICE Processing Center (STIPC)","Undetermined, pending investigation",2024SIR0014792,"On August 5, 2024, ERO San Antonio reported the use of oleoresin capsicum (OC) spray on a Mexican national detainee while housed at the STIPC in Pearsall, Texas. On August 4, 2024, the detainee flooded his cell and spread feces on the wall. The detainee refused STIPC staff verbal commands to submit to restraints and be escorted to the shower. STIPC staff administered a burst of OC spray toward the detainee to gain compliance. The detainee complied to hand and leg restraints and was escorted to the shower for decontamination. IHSC staff examined and cleared the detainee of any injuries. There were no injuries by STIPC staff. ERO leadership was notified,"
319,Use of Force,"ERO San Antonio, ICE Health Service Corps (IHSC), South Texas ICE Processing Center (STIPC)","Undetermined, pending investigation",2024SIR0014877,"On August 7, 2024, ERO San Antonio reported the use of force on a Venezuelan national detainee while housed at the STIPC in Pearsall, Texas, On the same date, the detainee began resisting while STIPC staff attempted to escort him in hand restraints to Restricted Housing Unit-A (RHU-A), STIPC staff placed the detainee against the wall as he continued to resist. The detainee was taken down to the ground by STIPC staff and leg restraints were applied. THSC staff attempted to examine the detainee, but he refused to be examined. STIPC staff assisted the detainee back to his feet and continued to escort him to RHU-A. STIPC staff placed the detainee in a cell and removed both restraints without further incident. There were no injuries reported by STIPC staff. ERO leadership was notified."
320,Use of Force,"ERO San Diego, Otay Mesa Detention Center (OMDC)","Undetermined, pending investigation",2024SIR0014874,"On August 7, 202, ERO San Diego reported the use of oleoresin capsicum (OC) on a Colombian national detainee, at the OMDC in San Diego, California, after failing to comply with officers' commands. On August 6, 2024, the detainee threatened to use a chair to assault another detainee. OMDC staff gave verbal directives to the detainee to cease his behavior so restraints could be applied, and he could be removed from the housing unit. As OMDC staff attempted to secure the detainee he began to physically resist, and OMDC staff transitioned him to 4 prone position to gain further control, OMDC staff secured the detainee with leg restraints and escorted him to restrictive housing. Once in restrictive bousing, the detainee removed his t- shirt, fastened a tied loop, and secured it around his neck. OMDC staff immediately gave the detainee verbal directives to remove the t-shirt from his neck and to disengage from any self-harm. The detainee failed to comply with multiple verbal directives and OMDC staff administered a single burst of OC spray at the detainee's face and continued to give verbal directives to stop resisting and submit to restraints. The detainee immediately began to comply with staff directives and placed his hands in the food port for staff to place him in hand restraints. Once restrained, OMDC staff escorted the detainee to the showers for decontamination. After decontamination was completed, the detainee was escorted to medical for evaluation, cleared of any injuries, and placed in the safety cell due to his self-harming behavior. ERO leadership and ICE OPR Intake Center were notified."
321,Use of Force,"ERO Miami, Krome Service Processing Center (KSPC), ICE Health Service Corps (IHSC)","Undetermined, pending investigation",2024SIR0014888,"On August 8, 2024, ERO Miami reported the use of oleoresin capsicum (OC) spray on a Salvadoran national, a Honduran national, a Haitian national, a Tajikistani national, and a Cuban national detainee, while housed at the KSPC in Miami, Florida. On August 6, 2024, the Salvadoran national detainee assaulted the Honduran national detainee, and the two detainees began a physical altercation. The detainees failed to comply with KSPC staff orders to cease fighting, causing KSPC staff to deploy a wide burst of OC spray to break up the altercation and gain compliance. The detainees submitted to hand restraints and were escorted to the shower area for decontamination. The other three detainees were collaterally exposed to the OC spray due to their proximity to the incident and were also decontaminated. The detainees were examined by IHSC, and no injuries were reported to cither the detainees or KSPC staff. KSPC is initiating disciplinary proceedings against the two detainees involved in the altercation. ERO leadership was notified."
322,Use of Force,"ERO Philadelphia, Moshannon Valley Processing Center (MVPC), ICE Office of Professional Responsibility (OPR)","Undetermined, pending investigation",2024SIR0014893,"On August 8, 2024, ERO Philadelphia reported the use of oleoresin capsicum (OC) spray on a Salvadoran national detainee while housed at the MVPC in Philipsburg, Pennsylvania. On August 7, 2024, the detainee refused to enter his housing unit and became combative. The detainee refused to comply with MVPC staff directives to submit to hand restraints. MVPC staff deployed OC spray to gain compliance and apply hand restraints. MVPC staff escorted the detainee to medical for decon- tamination and medical evaluation. MVPC medical staff evaluated the detainee and reported no injuries. ERO leadership and the OPR Intake Center were notified."
323,Use of Force,"ERO Washington D.C., Farmville Detention Center (FDC), ICE Office of Professional Responsibility (OPR)","Undetermined, pending investigation",2024SIR0014914,"On August 8, 2024, ERO Washington D.C. reported the use of oleoresin capsicum (OC) spray on a Liberian national detainee while housed at the FDC in Farmville, Virginia. On August 7, 2024, the detainee was observed covering up the camera and window in his cell with toilet paper. The detainee refused multiple FDC staff verbal commands to submut to restraints so that he could be escorted to the medical observation unit. FDC staff administered a single burst of OC spray toward the detainee, but they still refused to comply. FDC staff then entered the cell and placed the detainee in restraints. FDC staff escorted the detainee out of his cell and placed him in a restraint chair due to his continued resistance. FDC medical staff decontaminated, _ evaluated, and cleared the detainee to be relocated to another cell within the medical observation unit. The detainee remains under medical observation. There were no injuries reported to the detainee or FDC staff. ERO leadership and the OPR Intake Center were notified."
324,Use of Force,"ERO Boston, Plymouth County Correctional Facility (PCCF)","Undetermined, pending investigation",2024SIR0015028/2024SIR005032,"On August 9, 2024, ERO Boston reported the use of oleoresin capsicum (OC) during a physical altercation between a Jamaican national detainee and a Cape Verde national detainee, while housed at the PCCF, in Plymouth, Massachusetts. On August 8, 2024, PCCF attempted to stop the altercation, but one of the detainees continued to fight and PCCF officers deployed OC spray to stop the altercation. Once PCCF officers gained control and separated the detainees, PCCF staff evaluated, decontaminated, and medically cleared both detainees. No injuries were reported. Both detainees will remain housed in advanced segregation pending disciplinary action."
325,Use of Force,"ERO Miami, ICE Health Service Corps (IHSC), Krome Service Processing Center (KSPC)","Undetermined, pending investigation",2024SIR0015053,"On August 10, 2024, ERO Miami reported the use of oleoresin capsicum (OC) spray on two Dominican national detainees and one Haitian national while housed at the KSPC in Miami, Florida, On August 8, 2024, the detainees were involved in a physical altercation and after several verbal orders to stop and attempts to separate the detainees failed, two KSPC detention officers (DOs) deployed two separate wide burst of OC spray into the nexus area of the fighting. Post-OC deployment, all detainees ceased fighting, disengaged, and were placed in restraints. KSPC DOs escorted the detainees to the KSPC processing shower area for decontamination, and an evaluation by IHSC medically cleared two of the detainees. The third detainee was transported to a local hospital for injuries to his lips and foot. No KSPC DOs were injured during the incident. ERO leadership was notified."
326,Use of Force,"ERO El Paso, ICE Health Service Corps (IHSC), El Paso Processing Center (EPC)","Undetermined, pending investigation",2024SIR0015092,"On August 11, 2024, ERO El Paso reported the use of force on a Cuban national detainee housed at the EPPC in El Paso, Texas. On August 10, 2024, the detainee, along with two other detainees, failed to comply with EPPC staff orders to cease interfering with EPPC staff, who were addressing an issue with another detainee, When EPPCV staff approached the Cuban national detaince, he lunged forward, head-butted one EPPC staff member, and struck another EPPC staff member with a closed fist, causing EPPC staff to take the detainee to the floor and apply restraints. EPPC staff placed the detainee in a single cell. The detainee was examined by IHSC and medically cleared with no injuries reported. ERO El Paso and IHSC staff will continue to monitor the detainee and will provide updates, as necessary. ERO leadership was notified."
327,Use of Force,"ERO Harlingen, Valley Baptist Medical Center (VBMC)","Undetermined, pending investigation",2024SIR0015091,"On August 11, 2024, ERO Harlingen reported the use of force on a Guatemalan national detainee while housed at the VBMC in Harlingen, Texas. On the same date, the detainee failed to comply with orders from VBMC staff to stay in their assigned room, causing VBMC staff to use hand techniques and apply hand and leg restraints to gain compliance. No injuries were reported to the detainee or VBMC staff. ERO leadership was notified."
328,Use of Force,"ERO Miami, ICE Health Service Corps (IHSC), Krome Service Processing Center (KSPC)","Undetermined, pending investigation",2024SIR0015096,"On August 11, 2024, ERO Miami reported the use of force on a Guatemalan national detainee while housed at the KSPC in Miami, Florida. On August 10, 2024, the detainee became irate and began hurling chairs around the waiting area of the medical unit while awaiting treatment, and failed to comply with KSPC staff orders to cease the disruptive behavior, causing KSPC staff to attempt a custodial touch to gain compliance. The detainee began striking his head against a bulletin board, causing KSPC staff to take the detainee to the floor and apply hand restraints to gain compliance. IHSC staff examined the detainee and reported no injuries, and no injuries were reported by KSPC staff. ERO leadership was notified."
329,Use of Force,"ERO Miami, Krome Service Processing Center (KSPC), ICE Health Service Corps (IHSC)","Undetermined, pending investigation",2024SIR0015104,"On August 12, 2024, ERO Miami reported the use of oleoresin capsicum (OC) spray, on a Dominican national detainee, Cuban national detainee, and a Colombian national detainee while housed at the KSPC in Miami, Florida. On August 11, 2024, the detainees engaged in a physical altercation in the recreation yard. KSPC staff gave verbal orders to cease fighting and attempted to intervene by separating the detainees without success. To stop the fighting and gain compliance, KSPC staff deployed OC spray in a wide burst to the nexus of fighting area. The detainees ceased fighting, disengaged, and then submitted to the placement of hand restraints. The detainees were placed in hand restraints and escorted to showers for decontamination. The detainees were examined by IHSC staff and noted no injuries. KSPC staff did not report any injuries. ERO leadership was notified."
330,Use of Force,"ERO El Paso, ICE Office of Professional Responsibility (OPR), ICE Health Service Corps (IHSC), El Paso Processing Center (EPC)",District of Texas,2024SIR0015159,"On August 13, 2024, ERO El Paso reported the use of force on a Venezuelan national detainee housed at the EPC in El Paso, Texas. On August 11, 2024, the detainee was involved in an altercation with other detainees. An EPC officer approached the detainee and requested his identification, to which he refused. The detainee failed to comply after multiple attempts and made verbal threats. EPC officers placed an escort hold to remove the detainee from the unit due to his participation, but the detaince actively resisted. EPC officers secured the detainee's arms and placed him to the floor to be restrained, but the detainee continued to be combative and kicked an EPC officer in the face/nose area. EPC officers were able to secure the detainee's legs until additional officers arrived and successfully applied hand restraints. Once restrained, the detainee was assisted to his feet and escorted to processing. EPC officers placed the detainee in a single cell and IHSC cleared him of any injuries. EPC officers reported no significant injuries. ERO El Paso referred the incident to OPR, and the case is currently under review, pending criminal prosecution for assault on an officer. ERO El Paso and IHSC staff will continue to monitor the detainee and provide updates, as necessary. ERO leadership was notified."
331,Use of Force,"ERO El Paso, ICE Office of Professional Responsibility (OPR), ICE Health Service Corps (IHSC), El Paso Processing Center (EPC)",District of Texas,2024SIR0015155,"On August 13, 2024, ERO El Paso reported the use of force on a Salvadoran national detainee while housed at the EPC in El Paso, Texas. On August 11, 2024, following an altercation with other detainees, an EPC officer directed the detainee to stop and submit to hand restraints, but they refused and actively resisted. EPC officers attempted to restrain the detainee, but they broke away and struck an officer with a closed fist on the left side of the face and scratched another officer on the left side of his face. EPC officers secured the detainee's arms and took him down to the floor to regain control. Hand restraints were applied, and the detainee was escorted to processing. The detainee actively resisted escorting and EPC staff officers applied a wrist lock on both wrists and continued to escort him to processing. The detainee was placed in a single cell and IHSC cleared him of injuries. EPC officers reported no significant injuries. ERO El Paso referred the incident to OPR, and the case is currently under review, pending criminal prosecution for assault on an officer. ERO El Paso and IHSC staff will continue to monitor the detainee and provide updates, as necessary. ERO leadership was notified."
332,Use of Force,"ERO Harlingen, Valley Baptist Medical Center (VBMC)","Undetermined, pending investigation",2024SIR0015148,"On August 13, 2024, ERO Harlingen reported the use of force on a Guatemalan national detainee while housed at VBMC in Harlingen, Texas. On the same date, the subject became combative with VBMC staff in his assigned room. Security staff ordered the detainee to stop the aggressive behavior, but the detainee refused to comply. Security staff used hand and arm techniques and assisted the detainee to the ground, and the detainee submitted to ambulatory restraints without further incident. Security staff escorted the detainee for a medical evaluation and clearance. The detainee suffered a minor laceration above his left thumb knuckle. ERO leadership was notified."
333,Use of Force,"ERO Harlingen, Valley Baptist Medical Center (VBMC)","Undetermined, pending investigation",2024SIR0015216,"On August 14, 2024, ERO Harlingen reported the use of force on a Guatemalan national detainee while housed at VBMC in Harlingen, Texas. On the same date, the subject became combative and bit a contract security officer in his assigned room. Security staff used hand techniques to gain control and apply full ambulatory restraints. ERO leadership was notified."
334,Use of Force,"ERO San Antonio, ICE Health Service Corps (IHSC), South Texas ICE Processing Center (STIPC)","Undetermined, pending investigation",2024SIR0015213,"On August 14, 2024, ERO San Antonio reported the use of force on a Cuban national detainee while housed at the STIPC in Pearsall, Texas. On August 13, 2024, after being escorted by STIPC staff members, the detainee refused verbal commands to relinquish the hand restraints once placed inside his cell. STIPC staff initiated 15-minute checks during which time the detainee manipulated the restraints to the front of his body. In response, STIPC staff members entered the cell and requested he relinquish the restraints, and the detainee kicked towards a staff member. STIPC immediately grabbed the detainee and took him down to the floor and gained compliance. IHSC conducted a medical examination and noted no injuries. Staff members removed the hand restraints and placed the detainee back in his cell without further incident. There were no injuries reported by STIPC staff. ERO leadership was notified."
335,Use of Force,"ERO Atlanta, Stewart Detention Center (SDC)","Undetermined, pending investigation",2024SIR0015250,"On August 15, 2024, ERO Atlanta reported the use of oleoresin capsicum (OC) spray on a Venezuelan national while boused at the SDC in Lumpkin, Georgia. On August 14, 2024, SDC staff instructed the detainee to put on a suicide smock. The detainee refused all verbal commands, and SDC staff assembled a team to physically escort the detainee to medical for a mental health evaluation. Once there, the detainee continued to refuse verbal commands and struck his head against the medical cell window repeatedly. SDC staff administered one burst of OC into the cell and instructed the detainee to put on the suicide smock and submit to hand restraints, to which he complied. Once restraints were applied, the detainee was taken to the showers for decontamination. SDC medical staff will continue to monitor the detainee and provide updates, as necessary. ERO leadership was notified."
336,Use of Force,"ERO Philadelphia, Moshannon Valley Processing Center (MVPC), ICE Office of Professional Responsibility (OPR)","Undetermined, pending investigation",2024SIR0015270,"On August 15, 2024, ERO Philadelphia reported the use of oleoresin capsicum (OC) spray on a Mexican national detainee housed at the MVPC in Philipsburg, Pennsylvania. On August 14, 2024, the detainee brandishing a weapon in his cell, a sharpened plastic spork, in the special management housing unit. The detainee refused MVPC officers to drop the improvised weapon and to submit to being placed in hand restraints. A MVPC officer ordered the detainee to open the cell's food slot and the detainee threw the improvised weapon at the food slot. After repeated refusals to comply, an MPVC officer deployed a three second burst of OC spray to gain compliance and placed the detainee in hand restraints, MPVC officer decontaminated the detainee. The officers involved and the detainee did not sustain any injuries. The OPR Intake Center and ERO leadership were notified."
337,Use of Force,"ERO Dallas, Prairieland Detention Center (PDC)","Undetermined, pending investigation",2024SIR0015387,"On August 17, 2024, ERO Dallas reported the use of pepper spray on an Uzbekistani national detainee while housed at the PDC in Alvarado, Texas. On the same date, the detainee attempted to create a noose to be placed around his neck and assaulted PDC staff when they applied hand restraints and attempted to remove him from the segregation cell. After placement in the medical clinic, the detainee became confrontational again and refused to all the PDC staff to remove the hand restraints. PDC staff deployed pepper spray into the detainee's cell to gain compliance and remove the hand restraints. Medical staff attempted to complete a medical evaluation, but the detainee refused, and the detainee was put on suicide watch to prevent serious injuries to both detainees. ERO leadership was notified."
338,Use of Force,"ERO Philadelphia, Pike County Correctional Facility (PCCF)","Undetermined, pending investigation",2024SIR0015379,"On August 17, 2024, ERO Philadelphia reported the use of force on an Ivoirian national detainee while housed at the PCCF in Hawley, Pennsylvania. On August 16, 2024, the detainee failed to comply with PCCF staff orders to cease his disruptive activity during the booking process and resisted efforts by PCCF staff to escort him to an intake cell, causing PCCF staff to take the detaince to the floor and apply restraints. PCCF medical staff evaluated the detainee, treated a small abrasion on his elbow, and recommended a psychiatric observation. The detainee is under psychiatric observation pending a mental health evaluation. ERO leadership and the ICE OPR Intake Center were notified."
339,Use of Force,"ERO Buffalo, ICE Health Service Corps (IHSC), Buffalo Federal Detention Facility (BFDF)","Undetermined, pending investigation",2024SIR0015413,"On August 18, 2024, ERO Buffalo reported the use of oleoresin capsicum (OC) spray on a Syrian national detainee while housed at the BFDF in Batavia, New York. On the same date, while being uncuffed, the detainee pulled away from the BFDF staff and threatened to use the handcuff as a weapon. The detainee refused to follow multiple verbal commands. BFDF staff deployed a one second burst of OC spray, the detainee again refused all verbal commands, and then BFDF staff entered the cell with a shield and placed the detainee on his bed with the least amount of force necessary to gain compliance. BFDF staff removed the detainee and escorted him to the shower for decontamination. IHSC examined the detainee for any injuries, none were reported at this time. ERO leadership was notified."
340,Use of Force,"ERO San Diego, Otay Mesa Detention Center (OMDC)","Undetermined, pending investigation",2024SIR0015400,"On August 18, 2024, ERO San Diego reported the use of oleoresin capsicum (OC) on a Honduran national detainee and # Mexican national detaince, while housed at the OMDC in San Diego, California. On August 17, 2024, the two detainees engaged in a physical altercation and failed to comply with orders from OMDC staff to stop, causing OMDC staff to deploy a two-second burst of OC spray to gain compliance. The detainees were decontaminated, evaluated by OMDC medical staff and cleared for placement in the Special Management Unit. No injuries to the detainees or OMDC staff were reported. ERO leadership and the ICE OPR Joint Intake Center were notified."
341,Use of Force,"ERO San Francisco, ICE Health Service Corps (IHSC), Golden State Annex (GSA)","Undetermined, pending investigation",2024SIR0015399,"On August 18, 2024, ERO San Francisco reported the use of force and deployment of oleoresin capsicum (OC) spray on a Salvadoran national detainee while housed at the GSA in McFarland, California. On August 17, 2024, the detainee became combative with GSA staff in the intake area and resisted being escorted to a cell and assaulted a GSA staff member, causing GSA staff to deploy a one second burst of OC spray to gain compliance. The detainee was escorted to medical, decontaminated and evaluated. No injuries were reported to the detainee or GSA staff. ERO leadership and IHSC were notified."
342,Use of Force,"ERO Philadelphia, Moshannon Valley Processing Center (MVPC)","Undetermined, pending investigation",2024SIR0015432,"On August 19, 2024, ERO Philadelphia reported the use of oleoresin capsicum (OC) spray on a Spanish national detainee while housed at the MVPC in Philipsburg, Pennsylvania. On August 18, 2024, the detainee was repeatedly punching the wall, causing bleeding to his hands. The officers gave the detainee several orders to comply, but he refused to comply. The officers discharged OC spray into the cell, through the door slot, to gain compliance. MVPC staff escorted the detainee to medical for decontamination and medical evaluation. MVPC medical staff treated the detainee for injuries to his hands. ERO leadership and the ICE OPR Intake Center were notified."
343,Use of Force,"ERO Philadelphia, Moshannon Valley Processing Center (MVPC), ICE Office of Professional Responsibility (OPR)","Undetermined, pending investigation",2024SIR0015463,"On August 20, 2024, ERO Philadelphia reported the use of force and deployment on an Egyptian national detainee, a Gambian national detainee, a Dominican national detainee, and a Jamaican national detainee while housed at MVPC in Philipsburg, Pennsylvania. On August 19, 2024, MVPC staff were notified of a physical altercation in the west recreation yard of multiple detainees armed with handmade weapons. MVPC staff responded using oleoresin capsicum spay and projectiles to break up the altercation. MVPC medical staff assessed the detainees for injuries. The Egyptian detainee has multiple contusions to the head and torso, and possible laceration to the shoulder. The Gambian detainee has a stab wound to the abdomen. The Jamaican detainee has head trauma, a large contusion on his face, and a stab wound beside his nose. The Dominican detainee has a suspected dislocation of the shoulder. Three of the detainees were transported to Penn Highlands Hospital Dubois, m Dubois, Pennsylvania, and returned to MVPC. The fourth detainee was transported to Penn Highlands Hospital Clearfield, in Clearfield, Pennsylvania, and is pending a surgical consult. ERO leadership and the OPR Intake Center were notified."
344,Use of Force,"ERO New Orleans, River Correctional Center (RCC)","Undetermined, pending investigation",2024SIR0017195,"On September 26, 2024, ERO New Orleans reported the use of force on a Russian national detainee while housed at the RCC in Ferriday, Louisiana. On the same date, the detainee became uncooperative and refused to comply with all officer instructions and commands while being served immigration documents by ERO and RCC staff. RCC staff placed hand restraints for safety purposes to finish completing the service paperwork. The detainee began to actively resist and become combative. ERO and RCC staff then placed DRUZHININ to the floor and applied leg restraints to gain control. Upon ERO and RCC staff gaining compliance from the detainee, he was escorted to the Segregation Management Unit and evaluated by the medical staff for minor abrasions to his hands. ERO and RCC staff reported no injuries. ERO leadership was notified."
345,Use of Force,"ERO Miami, Krome Service Processing Center (KSPC), ICE Health Service Corps (IHSC)","Undetermined, pending investigation",2024SIR0017268,"On September 27, 2024, ERO Miami reported the use of force on a Honduran national detainee while housed at the KSPC in Miami, Florida. On September 26, 2024, the detainee refused to follow KSPC staff orders and kicking the door in his cell and then clogged the toilet with his bed sheet, flooding the cell. KSPC staff entered the cell to stop the flooding at which the detainee attempted to strike a KSPC staff member. KSPC staff pinned the detainee to the wall, but the detainee continued to kick and strike the KSPC staff with a closed fist. KSPC placed the detainee on the ground and placed him in a four-point hamess in a restraint chair and utilized a spit mask to impede the detainee's efforts to bite and spit on the KSPC staff members. KSPC staff escorted the detainee to IHSC for medical examination with no injuries reported."
346,Use of Force,"ERO Miami, Krome Service Processing Center (KSPC), ICE Health Service Corps (IHSC)","Undetermined, pending investigation",2024SIR0017330,"On September 29, 2024, ERO Miami reported the use of force on a Cuban national detainee while housed at the KSPC in Miami, Florida. On September 28, 2024, the KSPC staff gave orders to the detainee to stop kicking a volleyball in the recreation yard. The subject was non-compliant and attempted to punch a KSPC staff member. KSPC staff applied the use of force to direct the subject to the ground and apply hand restraints. KSPC medical staff evaluated the detainee and reported no injuries. ERO leadership was notified."
347,Use of Force,"ERO San Antonio, ICE Health Service Corps (IHSC), T. Don Hutto Detention Center (TDHDC)","Undetermined, pending investigation",2024SIR0017340,"On September 29, 2024, ERO San Antonio reported the use of force on two Venezuelan national detainees while housed at the TDHDC in Taylor, Texas. On September 28, 2024, the detainee was involved in an altercation with two other detainees, TDHDC officers ordered all detainees to return to their cells and all other detainees complied. The detainee was ordered to submit to hand restraints and initially began to comply. The detainee's cell mate told him not to comply and he stopped complying with TDHDC officers. TDHDC officers used the minimal amount of force necessary to take the detainee to the ground and placed him in hand restraints. The detainee was escorted to the Restricted Housing Unit (RHU) and placed him in cell RHU 105. The detainee's cell mate became verbally aggressive and refused TDHDC officers orders to submit to hand restraints. TDHDC officers used the minimal! amount of force to take the detainee to the ground and placed him in hand restraints. TDHDC officers escorted him to cell RHU 106. IHSC attempted to conduct a medical evaluation for both detainees, but they both refused treatment and claimed no injuries. IHSC evaluated the other detainees involved in the altercation and no injuries were found. ERO leadership was notified."
348,Use of Force,"ERO Harlingen, El Valle Detention Facility (EVDF)","Undetermined, pending investigation",2024SIR0017374,"On September 30, 2024, ERO Harlingen reported the use of force on a Mexican national detainee while housed at the EVDF in Raymondville, Texas. The detainee ignored EVDF staff commands to disengage from a verbal altercation with another detainee. EVDF staff utilized hand techniques to gain control and separate him from the other detainee. EVDF medical staff evaluated the detainee and reported no injuries. ERO leadership was notified."
349,Use of Force,"ERO Miami, Collier County Sheriff's Office (CCSO), Collier County Jail (CCJ)","Undetermined, pending investigation",2024SIR0017379,"On September 30, 2024, ERO Miami reported the use of force on a Dominican national detainee housed at the CCJ in Naples, Florida. On September 28, 2024, the detainee actively resisted CCJ deputies' verbal commands to return to cell. The detainee resisted CCJ deputy custodial touch by pulling and pushing. CCJ deputies responded by redirected the detainee to the ground to secure him and to safely apply hand restraints. Once restrained all use of force ceased. CCJ staff applied rovers leg irons on the detainee and escorted him to his cell without further incident. CCJ medical staff assessed the detainee, and no injuries were reported. No injuries to the CCJ members were reported. ERO leadership was notified."
350,Use of Force,"ERO Atlanta, Folkston ICE Processing Center (FDRIPC), ICE Health Service Corps (IHSC)","Undetermined, pending investigation",2025SIR0000030,"On October 1, 2024, ERO Atlanta reported the use of force on a Honduran national detainee while housed at the FIPC in Folkston, Georgia. On September 29, 2024, the detainee refused to follow FIPC staff order to comply for placement of restraints to be placed in restrictive housing for failure to obey verbal instructions to return to his cell after recreation time. The detainee became aggressive and threw objects at the television. FIPC staff placed the detainee on the ground and secured the detainee's hands and feet with mechanical restraints. FIPC staff escorted the detainee to THSC for medical examination with no injuries reported. The detainee was placed in segregated housing due to misconduct."
351,Use of Force,"ERO El Paso, ICE Health Service Corps (IHSC), El Paso Processing Center (EPC)","Undetermined, pending investigation",2025SIR0000129,"On October 2, 2024, ERO E! Paso reported the use of force on a Venezuelan national detainee housed at the EPC in El Paso, Texas. On October 1, 2024, while refusing to comply with orders given by officers to return to his bed for head count. The detainee became actively resistant as officers attempted to apply an escort hold. The detainee became combative, broke away from the officers, and struck an officer in the face. Officers immediately secured the detainee's arms and took him down to the floor to regain control. Officers applied hand restraints and assisted the detainee to his feet and escorted him to pro- cessing. Officers applied a wrist lock on both wrists and continued to escort him to processing. Officers placed the detainee in a single cell with no further incident. IHSC staff evaluated and cleared the detainee of any injuries. ERO El Paso and IHSC staff will continue to monitor the detainee and provide updates, as necessary. ERO leadership was notified."
352,Use of Force,"ERO Miami, Krome Service Processing Center (KSPC), ICE Health Service Corps (IHSC)","Undetermined, pending investigation",2025SIR0000102,"On October 2, 2024, ERO Miami reported the use of force on a Salvadoran national detainee while housed at the KSPC in Miami, Florida. On October 1, 2024, while being interviewed by IHSC in the KSPC Medical Intake holding area, the detainee abruptly attempted to evade KSPC staff. While still in the medical intake area, KSPC staff placed the detainee on the ground and applied hand restraints. KSPC staff escorted the detainee to HSC for medical examination with no injuries reported."
353,Use of Force,"ERO New Orleans, ICE Health Service Corps (IHSC), Central Louisiana ICE Correctional Center (CLIPC), ICE Office of Professional Responsibility (OPR)","Undetermined, pending investigation",2025SIR0000053,"On October 2, 2024, ERO New Orleans reported the use of oleoresin capsicum (OC) spray on a Dominican national detainee, while housed in CLIPC in Bowling Jena, Louisiana. On October 1, 2024, CLIPC staff reported that the detainee had become disruptive by throwing feces and swinging a sock containing a hard object at correctional staff. After confrontation avoidance techniques failed, CLIPC staff gave the detainee several verbal commands to comply, all of which he refused. CLIPC staff then deployed two bursts of OC spray into the detainee's cell. After the OC spray was deployed, the detainee still refused to comply with any commands or instructions. As CLIPC staff attempted to enter the cell, the detainee swung the sock containing the hard object, which struck a CLIPC staff member in the arm and caused some bruising. CLIPC staff subsequently enter the cell, secured, and removed the detainee from his cell. The detainee was decontaminated and referred to medical and mental bealth staff for evaluation. CLIPC staff moved the detainee from his assigned segregation cell to a Medical Health Unit cell. ERO leadership and the OPR Intake Center were notified."
354,Use of Force,"ERO Philadelphia, Pike County Correctional Facility (PCCF)","Undetermined, pending investigation",2025SIR0000094,"On October 2, 2024, ERO Philadelphia reported the use of force on an Ivoirian national detainee while housed at the PCCF in Hawley, Pennsylvania. The PCCF staff applied the use of force when the detainee became noncompliant with officer's orders and resisted when being placed in restraints during an escort to a disciplinary hearing. PCCF medical staff evaluated the detainee and reported no injuries. ERO leadership and the ICE OPR Intake Center were notified."
355,Use of Force,"ERO San Diego, Otay Mesa Detention Center (OMDC)","Undetermined, pending investigation",2025SIR0000128,"On October 2, 2024, ERO San Diego reported the use of oleoresin capsicum (OC) on a Colombian national and Armenian ational detainee, while housed at the OMDC in San Diego, California. On October 1, 2024, OMDC Detention Officer (DO) observed the detainees attempting to strike one another in the dining hall and gave verbal commands to the detainees to cease fighting. The detainees refused to comply with the verbal commands and OMDC DOs deployed a burst of OC spray to gain compliance. OMDC DOs gained compliance, separated the detainees using minimal force, and escorted the detainees for decontamination. The detainees were medically cleared of any injuries by medical staff and housed in the Special Management Unit. ERO leadership and the Joint Intake Center were notified."
356,Use of Force,"ERO Atlanta, Stewart Detention Center (SDC)","Undetermined, pending investigation",2025SIR0000164,"On October 3, 2024, ERO Atlanta reported the use of force, oleoresin capsicum (OC) spray, on a Mexican national detainee, while housed at the SDC in Lumpkin, Georgia. On October 1, 2024, the detainee refused multiple verbal commands to be restraint by handcuffs for his transfer. SDC staff deployed a burst of OC toward the detainee's facial region to gain com- pliance. The detainee continued to not comply with SDC staff verbal commands and SDC staff deployed a second burst of OC. Additional SDC staff member arrived and placed the detainee in mechanical hand restraints and leg irons. SDC staff escorted the detainee to decontamination and to medical for an evaluation. SDC medical staff performed a medical evaluation reporting no injuries for the incident. No SDC staff reported any injuries."
357,Use of Force,"ERO Chicago, South Texas ICE Processing Center (STIPC), ICE Health Service Corps (IHSC)","Undetermined, pending investigation",2025SIR00000207,"On October 3, 2024, ERO Chicago reported the use of force on a Chadian national detainee housed at the STIPC in Pearsall, Texas. On October 1, 2024, while being escorted for mandatory quarterly cell rotations the detainee tried to assault the STIPC staff. STIPC staff immediately took the detainee to the ground to gain control and restrain them. STIPC staff and the detainee : were offered medical assistance; however, the detainee the declined the attention. No injuries were reported by STIPC staff or the detainee. '"
358,Use of Force,"ERO Miami, Baker County Detention Center (BCDC)","Undetermined, pending investigation",2025SIR0000140,"On October 4, 2024, ERO Miami reported the use of force on a Jamaican national detainee housed at the BCDC in MacClenny, Florida. On October 2, 2024, the detainee became unruly and verbally aggressive after BCDC medical staff conducted medi- cation pass in the detainee's dormitory, when BCDC staff gave the detainee verbal commands to display his hands and comply with procedures he refused to comply. BCDC staff then gave the detainee commands to submit to restraints to which he did not comply. BCDC staff used hand and arm techniques to assist the detainee to the ground to gain compliance and apply restraints. The detainee continued to resist and was placed in a restraining chair with hand restraints. BCDC staff escorted the detainee to the medical unit for evaluation. BCDC medical staff examined and evaluated the detainee. No injuries to the detainee or BCDC staff members were reported. _"
359,Use of Force,"ERO San Antonio, ICE Health Service Corps (IHSC), T. Don Hutto Detention Center (TDHDC)","Undetermined, pending investigation",2024SIR0017269,"On October 4, 2024, ERO San Antonio reported the use of force on a Venezuelan national detainee housed at the TDHDC in Austin, Texas. On October 3, 2024, the detainee refused multiple verbal commands to stop covering security camera with wet toilet paper. TDHDC staff entered the cell to restrain the detainee, as he continued to not comply, and they used the minimal amount of force necessary to take the detainee to the ground and placed him in hand and leg restraints to gain control. TDHDC staff escorted the detainee to medical for an evaluation; however, the detainee declined medical attention. The IHSC noted no injuries to the detainee. ERO leadership was notified."
360,Use of Force,"ERO Boston, ICE Health Service Corps (IHSC), Krome Service Processing Center (KSPC)","Undetermined, pending investigation",2025SIRO000290,"On October 5, 2024, ERO Boston reported the use of force on an El Salvadoran national detainee while housed at the Krome in Miami, Florida. On October 4, 2024, the detainee engaged in a physical altercation with a Haitian national detainee and became non-compliant when Krome staff attempted to intervene and tried to separate the parties. Krome staff used hand and arm techniques to gain compliance of both detainees and applied hand restraints. Krome medical staff evaluated both detainees and medically cleared them with no injuries sustained. Krome management will initiate disciplinary procedures against both detainees for the altercation."
361,Use of Force,"ERO Phoenix, Central Arizona Florence Correctional Complex (CAFCC)","Undetermined, pending investigation",2025SIR0000291,"On October 5, 2024, ERO Phoenix reported the use of oleoresin capsicum (OC) spray on a Honduran national detainee, while housed at the CAFCC in Florence, Arizona. On October 4, 2024, CAFCC staff deployed a two second burst of OC spray on the detaince after he was observed attempting to wrap a sheet around his neck and a sprinkler head. The detainee was ordered to submit to restraints and removed from the area, placed in band restraints, and escorted to intake area showers for decontamination. The detainee was examined by CAFCC staff and noted no injuries. No CAFCC staff reported any injuries. ERO leadership was notified."
362,Use of Force,"ERO Phoenix, Central Arizona Florence Correctional Complex (CAFCC)","Undetermined, pending investigation",2025SIR0000294,"On October 5, 2024, ERO Phoenix reported the deployment of Oleoresin Capsicum (OC) spray on a Honduran national detainee while housed at the CAFCC in Florence, Arizona. On the same date, the detainee was observed attempting to commit selfharm, CAFCC staff deployed a burst of OC spray to stop the detainee from self-harm and gain compliance. CAFCC staff ordered the detainee to submit to hand restraints, the detainee complied. CAFCC staff escorted the detainee to the shower for decontamination, and to medical for evaluation. CAFCC medical evaluated the detainee, noting scratches and abrasions to the right forearm. CAFCC staff escorted the detainee back to his housing unit without incident. ERO leadership and the ICE OPR Intake Center were notified."
363,Use of Force,"ERO Philadelphia, Moshannon Valley Processing Center (MVPC)","Undetermined, pending investigation",2025SIR0000336,"On October 7, 2024, ERO Philadelphia reported the use of force and deployment of oleoresin capsicum (OC) spray on a Mexican national detainee while housed in MVPC in Philipsburg, Pennsylvania. On October 6, 2024, MVPC staff noticed the detainee was verbally aggressive and attempting to climb the cell to attack another detainee. MVPC staff gave verbal commands for the detainee to stop yelling and submit to hand restraints. The detainee refused to comply with all orders. MVPC staff entered his cell and applied restraints. MVPC staff escorted the detainee to medical for an evaluation. At medical, upon removing restraints, the detainee started kicking MVPC staff. MVPC staff deployed OC spray in order to gain compliance and apply hand and leg restraints. The detainee refused medical assessment. ERO leadership and the ICE OPR Intake Center were notified. J"
364,Use of Force,"ERO Richmond, Caroline Detention Facility (CDF)","Undetermined, pending investigation",2025SIR0000320,"On October 7, 2024, ERO Richmond reported the use of force on a Bahamian national detainee while housed at the CDF in Bowling Green, Virginia. On October 6, 2024, the detainee became aggressive, upturned a table, and punched the inter- view window door, because he had to wait to go to medical. CDF staff responded and attempted to place restraints on the detainee. CDF staff placed the detainee in a restraint chair and moved him to the Special Management Unit, due to his con- tinuing assaultive behavior. The detainee was released from the restraint chair after becoming compliant. CDF medical staff evaluated the detainee and reported no sustained injuries. ERO leadership and the ICE OPR Intake Center were notified."
365,Use of Force,"ERO El Paso, ICE Health Service Corps (IHSC), El Paso Processing Center (EPC)","Undetermined, pending investigation",2025SIR0000379,"On October 8, 2024, ERO El Paso reported the use of force on a Nicaraguan national detainee while housed at the EPC in El Paso, Texas. The EPC staff applied the use of force when the detainee became disrespectful, resistant, and took a fighting stance towards EPC staff while being escorted to processing. EPC staff took him to the floor and applied hand restraints. IHSC medical staff evaluated the detainee and reported no injuries. ERO leadership was notified."
366,Use of Force,"ERO Philadelphia, Moshannon Valley Processing Center (MVPC), ICE Office of Professional Responsibility (OPR)","Undetermined, pending investigation",2025SIR0000365,"On October 8, 2024, ERO Philadelphia reported the use of force and deployment of Oleoresin Capsicum (OC) spray on a Liberian national detainee while housed in MVPC in Philipsburg, Pennsylvania. On the same date, MVPC staff were supplying the detainee with cleaning products and the detainee exited the cell without being instructed to and refused verbal commands to return to his cell. MVPC staff deployed a three second burst of OC spray to gain compliance. MVPC staff secured the detainee in restraints and decontaminated him. MVPC medical staff assessed the detainee and determined he did not sustain any significant injuries. ERO leadership and the Joint Intake Center were notified. :"
367,Use of Force,"ERO Seattle, Northwest ICE Processing Center (NWPIC), ICE Health Service Corps (IHSC)","Undetermined, pending investigation",2025SIR0000394,"On October 8, 2024, ERO Seattle reported the use of force on a Saudi national detainee while housed at the NWIPC in Tacoma, Washington. On the same date, the detainee became combative when NWIPC staff attempted to apply restraints while inside the housing unit. The detainee bit a NWIPC staff member twice on the forearm while NWIPC staff placed the detainee on the ground and applied restraints. No further injuries were reported."
368,Use of Force,"ERO Philadelphia, Pike County Correctional Facility (PCCF), ICE Office of Professional Responsibility (OPR)","Undetermined, pending investigation",2025SIR0000443,"On October 9, 2024, ERO Philadelphia reported the use of force on a Russian national detainee while housed at the PCCF in Hawley, Pennsylvania. On October 8, 2024, PCCF staff applied the use of force when the detainee became noncompliant, following a disturbance created by the detainee, after he failed to enter his cell during the scheduled lock-in time in his housing unit. The detainee continued to physically resist officer's orders to be placed in hand restraints during an unclothed search for contraband. The PCCF staff took the detainee to the ground, secured him in restraints, and after gaining compliance, escorted the detainee to medical. Medical staff evaluated the detainee and reported no injuries. ERO leadership and the OPR Intake Center were notified."
369,Use of Force,"ERO Dallas, Prairieland Detention Center (PDC)","Undetermined, pending investigation",2025SIR0000471,"On October 10, 2024, ERO Dallas reported the use of oleoresin capsicum (OC) spray on a Honduran national detainee, while housed at the PDC in Alvarado, Texas, On October 8, 2024, the detainees failed to comply with PDC staff and resisted the appli- cation of restraints and threw punches causing PDC staff to deploy a wide burst of OC spray to gain compliance. Additional staff responded and assisted the detainee to the ground. PDC staff escorted detainee to the medical unit where the detainee refused medical treatment. PDC staff escorted the detainee back to his housing unit without incident. ERO leadership was notified."
370,Use of Force,"ERO Philadelphia, Moshannon Valley Processing Center (MVPC), ICE Office of Professional Responsibility (OPR)","Undetermined, pending investigation",2025SIRO000496,"On October 10, 2024, ERO Philadelphia reported the use of oleoresin capsicum (OC) spray on a Turkish national detainee while housed at the MVPC in Philipsburg, Pennsylvania. On October 9, 2024, the detainee failed to comply with MVPC staff orders to cease his inappropriate behavior and covered his cell window. After the detainee refused to remove the covering, KSPC staff members deployed a three second burst of OC spray to gain compliance. The detainee was decontaminated and assessed by MVPC medical staff, who noted no injuries. While being assessed by MVPC medical staff, the detainee made suicidal ideations, causing MVPC medical staff to place the detainee on suicide alert. ERO leadership and the OPR Joint Intake Center were notified."
371,Use of Force,"ERO Philadelphia, Moshannon Valley Processing Center (MVPC), ICE Office of Professional Responsibility (OPR)","Undetermined, pending investigation",2025SIR0000575,"On October 11, ERO Philadelphia reported the use of oleoresin capsicum (OC) spray on a Mauritanian national detainee while housed at the MVPC in Philipsburg, Pennsylvania. On October 10, 2024, the detainee failed to comply with MVPC staff orders to cease covering his cell window. After the detainee refused to remove the covering, MVPC staff members deployed a three second burst of OC spray five times to gain compliance which was ineffective. Subsequently, MVPC staff entered the cell and placed the detainee in hand and leg restraints. The detainee was decontaminated and assessed by MVPC medical staff, who noted no injuries. ERO leadership and the OPR Joint Intake Center were notified."
372,Use of Force,"ERO Philadelphia, Moshannon Valley Processing Center (MVPC)","Undetermined, pending investigation",2025SIR0000654,"On October 13, 2024, ERO Philadelphia reported the use of force and deployment of oleoresin capsicum (OC) spray on a Nicaraguan national detainee while housed in MVPC in Philipsburg, Pennsylvania. On October 12, 2024, MVPC staff noticed the detainee was causing a disruption in the housing unit and became aggressive towards MVPC staff. MVPC staff deployed OC spray in order to gain compliance and applied restraints. Once in restraints, MVPC staff escorted the detainee to medical for decontamination and an evaluation. The detainee sustained no injuries. ERO leadership and the ICE OPR Intake Center were notified."
373,Use of Force,"ERO Phoenix, Central Arizona Florence Correctional Complex (CAFCC)","Undetermined, pending investigation",2025SIR0000648,"On October 13, 2024, ERO Phoenix reported the use of oleoresin capsicum (OC) spray on a Kenyan national detainee while housed at the CAFCC in Florence, Arizona. On October 12, 2024, the detainee failed to comply with CAFCC staff orders to stop hiding from CAFCC staff in his cell after the detainee smeared fecal matter over the cell window, causing CAPCC staff to deploy a burst of OC spray into the cell to gain compliance. CAFCC staff removed the detainee from the cell, placed the detainee in hand restraints and decontaminated the detainee in the shower area. CAFCC medical staff evaluated the detainee and noted no injuries. ERO leadership and the ICE OPR Intake Center were notified."
374,Use of Force,"ERO Miami, Krome Service Processing Center (KSPC), ICE Health Service Corps (IHSC)","Undetermined, pending investigation",2025SIR0000676,"On October 14, 2024, ERO Miami reported the use of force on a Dominican national detainee while housed at the KSPC in Miami, Florida. On the same date, KSPC staff attempted to escort the detainee to the processing area, the detainee actively resisted by slapping a KSPC officer's hand and forcefully pulling away from the officers. KSPC staff redirected the detainee : to the ground for placement of hand restraints and escorted him to the processing area. Upon arrival to the KSPC processing area, the detainee became agitated, combative, and refused to comply with KSPC officers' commands to cease and desist in his combative behavior. KSCP officers placed the detainee into a 4-point restraining chair, to avoid self-injury or injury to staff. Once restrained in the 4-point restraint chair, all use of force ceased. KSPC medical staff evaluated the detainee and reported no injuries. ERO leadership was notified."
375,Use of Force,"ERO New Orleans, ICE Health Service Corps (IHSC), Central Louisiana ICE Correctional Center (CLIPC)","Undetermined, pending investigation",2025SIR0000672,"On October 14, 2024, ERO New Orleans reported the use of oleoresin capsicum (OC) on a Haitian national detainee while housed in CLIPC in Jena, Louisianna. On the same date, CLIPC staff noticed the detainee was non-compliant when instructed to transfer housing locations. The detainee covered his window with his mattress, placed soap and water on the floor, CLIPC staff deployed two one-second bursts of OC spray into the detainee's cell to gain compliance and applied restraints. Once in restraints, CLIPC staff escorted the detainee to medical for decontamination and an evaluation. The detainee refused treatment by medical and decontamination. CLIPC staff moved the detainee to a new housing unit. ERO leadership and the ICE OPR Intake Center were notified."
376,Use of Force,"ERO Philadelphia, Moshannon Valley Processing Center (MVPC), ICE Office of Professional Responsibility (OPR)","Undetermined, pending investigation",2025SIR0000667,"On October 14, 2024, ERO Philadelphia reported the use of force and deployment of oleoresin capsicum (OC) spray on # Turkish national detainee while housed at the MVPC in Philipsburg, Pennsylvania. On October 13, 2024, the detainee failed to comply with MVPC staff orders to remove a bed sheet that was being used to barricade his cell door, causing MVPC staff to deploy a three second burst of OC spray to gain compliance. MVPC staff applied restraints and decontaminated the detainee. MVPC medical staff evaluated the detainee and noted no significant injuries. ERO leadership and the OPR Intake Center were notified."
377,Use of Force,"ERO Miami, Baker County Detention Center (BCDC)","Undetermined, pending investigation",2025SIR0000674,"On October 15, 2024, ERO Miami reported the use of force and oleoresin capsicum (OC) spray on a Brazilian national detainee while housed at the BCDC in MacClenny, Florida. On October 14, 2024, the detainee failed to comply with orders from BCDC staff to stop harming himself, causing BCDC staff to deploy a once second burst of OC spray to gain compliance. The detainee was placed in hand restraints and escorted to the medical unit for decontamination and medical evaluation. The detainee was evaluated and decontaminated by BCDC medical staff and medically cleared. No injuries were reported by BCDC staff. ERO leadership was notified."
378,Use of Force,"ERO Detroit, ICE Health Service Corps (IHSC), Monroe County Jail (MCJ)","Undetermined, pending investigation",2025SIR0000778,"On October 16, 2024, ERO Detroit reported the use of an Electro-Muscular Disruption Device (EMDD/Taser) on a Jordanian national while housed at the MCJ in Monroe, Minnesota. On the same date, the detainee approached MCI officer regarding paperwork that he asked to be provided to ICE. After the conversation ended, the detainee threw his paperwork on the ground in an aggressive manner near the MCJ officer and became verbally aggressive. The detainee refused to comply with MCJ staff multiple verbal commands to exit the dorm. MCI officers physically escorted the detainee out of the dorm and gave him multiple loud verbal command to put his hands behind his back. The detainee physically resisted, pulled away, and attempted to turn around to face the MCI officer. The MCI officer took the detainee to the ground to attempt to place him in handcuffs. The detainee physically resisted by attempting to kick the MCJ officer and placing him arms under his body. At this time, another MCI officer deployed his taser and delivered a drive stun to the detainee's back. The detainee continued to resist and the MCI officer delivered a second drive stun to his back at which time MCJ officers gained control of the detainee and secured him in handcuffs. MCI officers placed the detainee in a chair for evaluation by the MCJ medical staff. MCJ medical staff reported the detainee sustained a bump on the right side of his bead and no other injuries. ERO Detroit notified IHSC of this incident for follow up with the MCJ medical staff. ERO leadership and the Joint Intake Center were notified."
379,Use of Force,"ERO El Paso, ICE Health Service Corps (IHSC), El Paso Processing Center (EPC)","Undetermined, pending investigation",2025SIR0000765,"On October 16, 2024, ERO El Paso reported the use of force on a French national detainee while housed at the EPC in El Paso, Texas. On October 15, 2024, the detainee became aggressive, demanded to be taken to an unauthorized area without a valid reason, and pushed an EPC's staff member's desk. The EPC staff member gave the detainee commands to submit to restraints, which the detainee disregarded. The detainee assumed a fighting stance and began to throw punches at EPC staff members, striking one in the side of the head, Additional EPC staff responded and placed restraints on the detainee. The detainee was escorted to the Special Management Unit, due to his continuing assaultive behavior and for de-escalation purposes. HHSC medical staff evalusted the detainee and reported no sustained injuries. The EPC staff member assaulted was taken for further evaluation to Del So! Medical Center in El Paso, Texas. ERO leadership and the ICE OPR Intake Center were notified."
380,Use of Force,"ERO Miami, Baker County Detention Center (BCDC)","Undetermined, pending investigation",2025SIR0000732,"On October 16, 2024, ERO Miami reported the use of oleoresin capsicum (OC) on a Honduran national detainee housed at the BCDC in Meclenny, Florida. On October 15, 2024, BCDC responded to a fight, and they noticed the detainee holding a food tray and swinging it towards another detainee to strike him. BCDC staff gave the detainee verbal commands to drop the fobd tray, but the detainee refused all commands and resisted placement in hand restraints. BCDC staff then sprayed a one second burst of OC to the detainee's facial area, and the detainee then complied with the commands and submitted to hand restraints. BCDC staff escorted the detainee to the BCDC Medical Unit to decontaminate and evaluate the detainee, where be was medically cleared. BCDC staff did not report any injuries. ERO leadership was notified."
381,Use of Force,"ERO San Antonio, ICE Health Service Corps (IHSC), T. Don Hutto Detention Center (TDHDC)","Undetermined, pending investigation",2025SIR0000727,"On October 16, 2024, ERO San Antonio reported the use of force on a Venezuelan national detainee housed at the TDHDC in Taylor, Texas. On October 15, 2024, the detainee refused multiple verbal commands to submit to a pat-down before exiting the cell and attempted to flee the cell. TDHDC staff used the minimal amount of force necessary to take the detainee to the ground and placed him in hand restraints to gain control. TDHDC staff escorted the detainee to medical for an evaluation; and IHSC noted no injuries to the detainee. ERO leadership was notified."
382,Use of Force,"ERO San Antonio, ICE Health Service Corps (IHSC), South Texas ICE Processing Center (STIPC)","Undetermined, pending investigation",2025SIR0000779,"On October 16, 2024, ERO San Antonio reported the use of OC spray on a Jordanian national detainee'subject with a Jamaican national detainee while housed at the STIPC in Pearsall, Texas. On October 15, 2024, the detainees were involved in a physical altercation and were given verbal commands by GEO officer to seize fighting. The subject refused to comply and continued ie seeesire behavior towards the Jamaican detainee. GEO Officers gave additional commands to the subject to no avail. GEO group sergeant administered a burst of OC spray towards subject, gained compliance, and placed him in restraints. IHSC conducted a medical examination and noted a superficial abrasion with no swelling to the subject's left eyebrow and was cleared. ERO leadership was notified."
383,Use of Force,"ERO Dallas, Bluebonnet Detention Center (BBDC)","Undetermined, pending investigation",2025SIR0000790,"On October 17, 2024, ERO Dallas reported the use of force and a chemical agent on a Honduran national detainee while housed at the BDC in Anson, Texas. On October 15, 2024, the detainee failed to comply with multiple wamings from BDC staff to cease disruptive behavior, which included destroying a phone, throwing trash out of his cell, and threatening BDC staff, causing BDC staff to deploy a chemical agent to gain compliance. The detainee was placed in restraints, escorted to the medical wait for decontamination and medical evaluation, and medically cleared. ERO leadership was notified."
384,Use of Force,"ERO El Paso, Otero County Processing Center (OCPC)","Undetermined, pending investigation",2025SIR0000820,"On October 17, 2024, ERO El Paso reported the use of force on ¬ª Colombian national detainee while housed at the OCPC in Chaparral, New Mexico. On October 16, 2024, the detainee became disruptive while horse playing causing damage to property. OCPC staff members attempted to place the detainee in hand restraints, which the detainee resisted, OCPC staff placed restraints on the detainee and escorted the detainee to a Restrictive Management Unit. OCPC pedicel staff evaluated, the detainee and reported no sustained injuries. ERO leadership was notified."
385,Use of Force,"ERO Miami, Krome Service Processing Center (KSPC), ICE Health Service Corps (IHSC)","Undetermined, pending investigation",2025SIR0000802,"On October 17, 2024, ERO Miami reported the use of force on a Salvadoran national detainee while housed at the KSPC in Miami, Florida. On October 16, 2024, while in the recreation yard, the detainee threw a basketball at a KSPC staff member, and when instructed to not do it again, the detainee repeated the action. KSPC staff informed the detainee that he would face disciplinary action, in response the detainee made threats of violence against the KSPC statf member. KSPC staff attempted to restrain the detainee, to which the detainee actively resisted. KSPC staff redirected the detainee agains! the fence and secured hand restraints. Once restrained, all use of force ceased. KSPC staff escorted the detainee to IHSC for medical examination with no injures reported"
386,Use of Force,"ERO San Antonio, ICE Health Service Corps (IHSC), T. Don Hutto Detention Center (TDHDC)","Undetermined, pending investigation",2025SIR0000824,"On October 17, 2024, ERO San Antonio reported the use of force on a Guatemalan national detainee while housed at the TDHDC in Taylor, Texas. On October 16, 2024, TDHDC staff conducted a facility security check and issued verbal commands for the detainee to place his hands at the small of his back, to apply hand restraints. The detainee refused to comply with verbal commands from TDHDC staff and verbally threatened the staff, raising his hands in the air to show aggression. TDHDC staff entered the detainee's cell, placed the detainee on the floor and applied hand and leg restraints to ensure compliance. TOHDC staff escorted the detainee to the medical unit and IHSC conducted a medical examination, concluding the detainee suffered a laceration to the right finger. IHSC evaluated TDHDC staff and identified one staff member who sustained scratches to the neck and right wrist. ERO leadership was notified."
387,Use of Force,"ERO San Antonio, T. Don Hutto Detention Center (TDHDC), ICE Health Service Corps (IHSC)","Undetermined, pending investigation",2025SIR0000833,"On October 17, 2024, ERO San Antonio reported the use of force on a Venezuelan national detainee while housed at the TDHDC in Taylor, Texas. On October 16, 2024, TDHDC staff attempted to move the detainee for ph wrt staff members issued verbal commands, which the detainee refused to comply. TDHDC staff employed a use of force to take the subject to the ground and apply hand and leg restraints. TDHDC officers then escorted the detainee to HSC for medical examination and reported the detainee did not sustain any injuries,"
388,Use of Force,"ERO El Paso, ICE Health Service Corps (IHSC), El Paso Processing Center (EPC), Facility Cleaning Crew (FCC)","Undetermined, pending investigation",2025SIR0000878,"On October 18, 2024, ERO El Paso reported the use of force on a French national detainee while housed at the EPC in Et Paso, Texas. On October 17, 2024, the detainee refused EPC staff orders to submit to hand restraints and refused to leave the cell to allow EPC staff and FCC to clean the cell after the detainee flooded it. EPC staff entered the detainee's cell and used the minimum amount of force required to move the detainee off his bunk to apply hand and leg restraints and removed the detainee from the cell without further issues. IHSC conducted a medical assessment on the detainee and noted there were nd injuries, pain or discomfort reported or documented. ERO leadership was notified."
389,Use of Force,"ERO Miami, Krome Service Processing Center (KSPC), ICE Health Service Corps (IHSC)","Undetermined, pending investigation",2025SIR0000887,"On October 18, 2024, ERO Miami reported the use of force on a Peruvian national detainee while housed at the KSPC in Miami, Flerida. On October 17, 2024, the detainee became irate and began yelling, showing aggression towards KSPC staff KSPC staff gave verbal commands to the detainee to cease his actions, the detainee refused. KSPC staff then physically restrained the detainee and placed him into hand restraints. The detainee then dropped to his knees, refusing to walk, while being escorted by KSPC staff. KSPC staff placed the detainee in the restraint chair to gain compliance. IHSC medical staff evaluated the detainee, reporting no injuries. ERO leadership was notified."
390,Use of Force,"ERO Philadelphia, Moshannon Valley Processing Center (MVPC)","Undetermined, pending investigation",2025SIR0000829,"On October 18, 2024, ERO Philadelphia reported the use of force on a Salvadoran national detainee while housed at the MVPC in Philipsburg, Philadelphia, On October 16, 2024, the detainee refused to comply with verbal commands given by the MVPC officer after discovery of a weapon in the detainees' s property during a random bunk search. The MVPC officer placed the defainee against a wall and successfully secured him in restraints. While being escorted to the SMU, the detainee became combative, and MVPC officer directed him to the ground to gain control. MVPC officer placed the detainee in a wheelchair and escorted him to the SMU. The detainee was examined by medical staff and medically cleared. No injuries were reported  to KSPC staff. ERO and Joint Intake Center leadership were notified"
391,Use of Force,"ERO Los Angeles, Desert View Facility (DVF)","Undetermined, pending investigation",2025SIR0000936,"On October 19, 2024, ERO Los Angeles reported the use of oleoresin capsicum (OC) spray on a Honduran national detainee and a Norwegian national detainee while hosed at the DVF in Adelanto, California. On October 18, 2024, the detainees were in a mutual physical altercation. DVF staff issued verbal commands to cease fighting, which were ignored. DVF staff deployed a one-second burst of OC spray towards the detainees, who immediately ceased fighting and submitted to mechanical restraints. DVF staff escorted the detainees to Intake and Medical for decontamination and medical evaluation. The detainees both sustained red marks to the face and body."
392,Use of Force,"ERO Philadelphia, Pike County Correctional Facility (PCCF)","Undetermined, pending investigation",2025SIR0000952,"On October 20, 2024, ERO Philadelphia reported the use of force on a Salvadoran detainee while hosed at the PCCF in Hawley, Pennsylvania. On October 19, 2024, the detainee refused to retum to his assigned cell and refused directives to have restraints placed on him. The detainee resisted by grabbing PCCF staff as they attempted to secure him in restraints, breaking the wrist band of a PCCF staff member. PCCF staff escorted the detain to the ground and secured him in restraints. PCCF staff attempted to escort the detainee to the Intake area for a body scan when he began to actively resist by grabbing a PCCF staff member's band. The PCCF staff member escorted the detainee to the wall to obtain control, at this time the detainee became compliant after speaking with a Shift Supervisor. PCCF escorted the detainee to the intake area and completed the body scan. PCCF medical staff assessed the detainee after he stated he had wrist and knee pain, but they did not identify any injuries. The detainee was placed in the restricted housing unit pending a disciplinary hearing. ERO leadership and the ICE OPR Intake Center were notified."
393,Use of Force,"ERO Dallas, Bluebonnet Detention Center (BBDC)","Undetermined, pending investigation",2025SIR0000943,"On October 21, 2024, ERO Dallas reported the use of oleoresin capsicum (OC) spray on a Honduran detainee while housed at the BDC in Anson, Texas. On October 19, 2024, the detainee, while being unrestrained from a routine escort by BDC staff, pulled away and refused to return the restraints, claiming he had a weapon. BDC staff utilized OC spray to retrieve the restraints. BDC escorted the detainee to BDC medical where he was decontaminated, and no injuries were reported. ERO leadership was notified."
394,Use of Force,"ERO Philadelphia, Moshannon Valley Processing Center (MVPC)","Undetermined, pending investigation",2025SIR0000998,"On October 21, 2024, ERO Philadelphia reported the use of force on a Korean national detainee while housed at MVPC in Philadelphia, Pennsylvania. On the same date, the detainee refused direction to go to the intake unit to be processed out of the facility for removal. MVPC staff entered the room, and the detainee began hitting their head on the wall. MVPC staff members attempted to restrain the detainee, which the detainee resisted and pulled away. MVPC staff members placed the detainee on the ground and into restraints. The detainee was taken to the medical unit, assessed, and moved to the intake unit. The detainee was then processed out of the facility and transported to John F. Kennedy International Airport in New York, New York. ICE OPR Intake Center was notified."
395,Use of Force,"ERO Boston, ERO New Orleans, Pine Prairie ICE Processing Center (PPC)","Undetermined, pending investigation",2025SIR0001129,"On October 23, 2024, ERO Boston reported the use of force on a Haitian national detainee while housed at the PPPC in Pine Prairie, Louisiana. On the same date, the detainee refused to comply with verbal commands by the PPPC staff following an altercation with two other detainees. The detainee became physically non-compliant and combative. PPPC staff redirected the detainee to the ground to gain compliance. Once on the ground, PPPC staff placed the detainee in hand restraints and all use of force ceased. PPPC staff escorted him to the medical unit for a medical evaluation, PPPC medical staff evaluated the detainee and reported that he sustained an injury to his right facial area that happened prior to the use of force. PPPC staff did not report any additional injuries to neither staff nor detainees. PPPC placed the detainee in a cell and removed his restraints pending disciplinary charges. ERO leadership was notified."
396,Use of Force,"ERO Harlingen, El Valle Detention Facility (EVDF)","Undetermined, pending investigation",2025SIR0001095,"On October 23, 2024, ERO Harlingen reported the use of force on a Mexican national detainee while housed at the EVDF in Raymondville, Texas. On the same date, the detainee refused to comply with verbal commands by EVDF staff to drop a computer mouse from his hand during a medical evaluation. EVDF staff utilized hand techniques to gain control of the detainee. EVDF staff escorted the detainee to medical where medical staff determined that he did not sustain any injuries. ERO leadership was notified."
397,Use of Force,"ERO Atlanta, Stewart Detention Center (SDC)","Undetermined, pending investigation",2025SIR0001220,"On October 25, 2024, ERO Atlanta reported the use of oleoresin capsicum (OC) on a Venezuelan national detainee while housed at the SDC in Lumpkin, Georgia. On October 24, 2024, the detainee blocked the window to his cell with paper and refused all verbal commands from SDC to remove the paper. SDC staff assembled a five-man cell extraction team, administered a one second burst of OC spray into the cell and physically secured the detainee. SDC staff escorted the detainee to the shower area for decontamination. The detainee refused medical assessment. SDC staff placed the detainee in a detention unit."
398,Use of Force,"ERO Atlanta, Stewart Detention Center (SDC)","Undetermined, pending investigation",2025SIR0001222,"On October 25, 2024, ERO Atlanta reported the use of oleoresin capsicum (OC) spray on a Salvadoran national detainee while housed at the SDC in Lumpkin, Georgia. On October 24, 2024, the detainee refused multiple verbal commands to remove their hand from the food port of their cell after grabbing a SDC staff member's sleeve. After de-escalation techniques failed, a five- man cell extraction team was assembled. SDC staff administered one burst of OC spray into the detainee's cell. The five-man extraction team entered the detaince's cell, they observed the detainee with a bed sheet tied around his neck. SDC staff removed the bed sheet and physically secured him. SDC staff escorted the detainee to the shower area for decontamination. The detainee refused medical assessment. SDC staff placed the detainee on suicide precaution."
399,Use of Force,"ERO Miami, ICE Health Service Corps (IHSC), Krome Service Processing Center (KSPC)","Undetermined, pending investigation",2025SIR0001258,"On October 25, 2024, ERO Miami reported the use of force on a Nicaraguan national detainee while housed at the KSPC in Miami, Florida. On October 24, 2024, the detainee refused to comply with KSPC staffs orders to enter his cell, The detainee failed to follow instructions and actively resisted KSPC staffs attempts to physically restrain him and place him in the cell. The detainee commenced to kick, and deliver closed fist strikes to the face of KSPC staff members and attempted to free himself by abruptly snatching his body away from the KSPC staff members' grasp. KSPC staff redirected the detainee to the ground for placement of hand restraints. Once restrained, all use of force ceased. KSPC staff escorted the detainee to the IHSC medical staff assessed the detainee for post use of force and administered a sedative due to his continued aggressive behavior. KSPC staff members involved reported several injuries, and one officer suffered a bite to the hand. ERO leadership was notified."
400,Use of Force,"ERO New Orleans, Central Louisiana ICE Correctional Center (CLIPC)","Undetermined, pending investigation",2025SIR0001238,"On October 25, 2024, ERO New Orleans reported the use of oleoresin capsicum (OC) spray on a Colombian national detainee while housed at the CLIPC in Jena, Louisiana. On the same date, the detainee had a razor blade and was threatening selfharm. The detainee refused CLIPC staff's orders to submit to hand restraints and surrender the razor blade. CLIPC staff gave the detainee several verbal commands to comply, all of which the detainee refused, CLIPC staff dispersed a burst of OC spray into the detainees cell and the detainee continued to refuse to comply with CLIPC staffs orders. CLIPC staff initiated a second burst of OC spray into the detainees cell, he then complied and submitted to hand restraints. CLIPC staff escorted the detainee to the shower for decontamination and to CLIPC medical for evaluation. CLIPC medical staff noted no injuries to the detainee during the assessment. ERO leadership and the ICE OPR Intake Center were notified."
401,Use of Force,"ERO San Antonio, ICE Health Service Corps (IHSC), South Texas ICE Processing Center (STIPC)","Undetermined, pending investigation",2025SIR0001237,"On October 25, 2024, ERO San Antonio reported the use of force on a Mexican national detainee while housed at the STIPC in Pearsall, Texas. On the same date, STIPC staff attempted to remove the detainee from his cell due to obstructing staff view through their cell window, STIPC staff members issued verbal commands to submit to restraints, which the detainee complied. STIPC staff assembled a five-member team to enter the cell and successfully applied restraints. After extracting the detainee from the cell, the detainee began resisting, STIPC staff used a calculated use of force to take the subject to the ground and readjust hand and leg restraints. STIPC staff then escorted the detainee to STIPC medical for examination and reported the detainee did not sustain any injunes."
402,Use of Force,"ERO Seattle, ICE Health Service Corps (IHSC), Northwest ICE Processing Center (NWPIC)","Undetermined, pending investigation",2025SIR0001260,"On October 25, 2024, ERO Seattle reported the use of force on a Dominican national detainee housed at the NWIPC in Tacoma, Washington. On the same date, the detainee became combative when NWIPC staff attempted to remove him from the unit for being disruptive. During the escort, the detainee physically resisted NWIPC staff and was forced to the ground to gain compliance and bit a NWIPC staff member while being restrained. NWIPC staff escorted the detainee to the THSC medical unit for evaluation. THSC treated the detainee for a laceration to his right knee, reported no further injuries."
403,Use of Force,"ERO San Antonio, T. Don Hutto Detention Center (TDHDC), ICE Health Service Corps (IHSC)","Undetermined, pending investigation",2025SIR0001275,"On October 26, 2024, ERO San Antonio reported the use of oleoresin capsicum (OC) spray on a Venezuelan national detainee while housed at the TDHDC in Taylor, Texas. On October 25, 2024, the detainee failed to comply with TDHDC staff orders to remove feces from his cell window and submit to hand restraints, causing TDHDC staff to spray the detainee with OC spray to gain compliance. The detainee was placed in hand restraints, and escorted to the shower for decontamination, and medical evaluation. IHSC found no injuries and the detainee refused all treatment. The detainee was returned to his cell. ERO leadership was notified."
404,Use of Force,"ERO San Antonio, T. Don Hutto Detention Center (TDHDC), ICE Health Service Corps (IHSC)","Undetermined, pending investigation",2025SIR0001276,"On October 26, 2024, ERO San Antonio reported the use of force on a Venezuelan national detainee while housed at the TDHDC in Taylor, Texas. On October 25, 2024, the detainee failed to comply with TOHDC staff orders to return to his assigned unit, made verbal threats towards TDHDC staff, and resisted TDHDC staff when they attempted to apply hand restraints, causing TDHDC staff to take the detainee to the ground and apply hand and leg restraints. The detainee was escorted to IHSC for medical evaluation and no injuries were found. ERO leadership was notified."
405,Use of Force,"ERO Boston, ERO Miami, ICE Health Service Corps (IHSC), Krome Service Processing Center (KSPC)","Undetermined, pending investigation",2025SIR0001297,"On October 27, 2024, ERO Boston reported the use of oleoresin capsicum (OC) spray on a Dominican national detainee while housed at the KSPC in Miami, Florida. On October 26, 2024, the detainee failed to comply with KSPC staff commands to cease violently kicking his cell door and flooding his cell, causing KSPC staff to deploy a continuous single burst of OC spray in the detainee's facial area to gain compliance. KSPC staff applied hand restraints, escorted the detainee to the showers for decontamination, then to medical where the detainee was medically cleared by IHSC medical staff. No injuries were reported by the detainee or KSPC staff. KSPC management will initiate disciplinary proceedings against the detainee. ERO Miami notified ERO Boston of the incident. ERO leadership was notified. |"
406,Use of Force,"ERO San Antonio, T. Don Hutto Detention Center (TDHDC), ICE Health Service Corps (IHSC)","Undetermined, pending investigation",2025SIR0001326,"On October 28, 2024, ERO San Antonio reported the use of force on a Venezuelan national detainee and a Guatemalan national detainee while housed at the TDHDC in Taylor, Texas. On October 27, 2024, the detainees were involved in a physical altercation within their housing area. TDHDC staff members issued verbal commands, which the detainees refused to comply with. The Venezuelan national detainee struck one of the TDHDC staff members and TDHDC staff took the detainee to the ground and applied hand restraints. TDHDC staff escorted the detainees to THSC for medical examination and IHSC reported the detainees did not sustain any injuries. ERO leadership was notified. :"
407,Use of Force,"ERO Phoenix, ICE Health Service Corps (IHSC), Eloy Detention Center (EDC)","Undetermined, pending investigation",2025SIR0001560,"On October 31, 2024, ERO Phoenix reported the use of oleoresin capsicum (OC) spray on a Mexican national detainee and a Guatemalan national detainee, while housed at the EDC in Eloy, Arizona. On October 30, 2024, EDC staff deployed seven one-half second bursts of OC spray on the detainees to gain compliance, after both engaged in physical altercation and failed to follow EDC Staff commands to stop and separate. The detainees were removed from the area, placed in hand restraints, and escorted to the intake area showers for decontamination. The detainees were examined by IHSC medical staff, and no injuries were noted. Both detainees were placed in restrictive housing. ERO leadership and the ICE OPR Intake Center were notified."
408,Use of Force,"ERO Philadelphia, Clinton County Correctional Facility (CCCF), University of Pittsburgh Medical Center (UPMC)","Undetermined, pending investigation",2025SIR0001631,"On November 2, 2024, ERO Philadelphia reported the use of force, oleoresin capsicum (OC) spray and an electro muscular psa device (TASER) on a Dominican national detainee while housed at the CCDF in McElhattan, Pennsylvania. On the same date, the detainee tied a sheet to the top portion of his bed in his cell, climbed on top of the bed, and attempted to place the sheet around his neck. The detainee failed to comply with CCCF orders to drop the sheet and get off the bed and stated he intended to kill himself, causing CCCF staff to enter the cell and attempt to cut the sheet away from the bed and physically restrain the detainee. The detainee physically resisted CCCF staff, causing CCCF staff to deploy OC spray to gain compliance. The detainee began displaying symptoms of a seizure and was transported to medical for evaluation. The detainee was subsequently transported by emergency medical services to UPMC in Jersey Shore, Pennsylvania for evaluation. UPMC medically cleared the detainee, and CCCF staff transported the detainee to CCCF. The detainee physically resisted CCCF staff when being placed in a padded cell for suicide watch, causing CCCF staff to use a TASER on the detainee to gain compliance. CCCF staff placed the detainee on the floor, changed the detainee into a suicide smock and placed the detainee into a padded cell for suicide watch. ERO leadership and the ICE OPR Joint Intake Center were notified."
409,Use of Force,"ERO New Orleans, Winn Correctional Center (WCC)","Undetermined, pending investigation",2025SIR0001639,"On November 3, 2024, ERO New Orleans reported the use of oleoresin capsicum (OC) spray on a Mexican national detainee while housed at the WCC in Winnfield, Louisiana, On November 2, 2024, the detainee began throwing water at WCC officers add tied a string around his neck while standing on his bed and refused to comply verbal commands by WCC officers, causing WCC officers to deploy a one-second burst of OC spray to gain compliance. WCC staff placed the detainee in restraints, decontaminated the detainee and transported the detainee to medical and mental health for evaluation. ERO leadership and ICE OPR Intake Center were notified."
410,Use of Force,"ERO New Orleans, ICE Health Service Corps (IHSC), River Correctional Center (RCC)","Undetermined, pending investigation",2025SIR0001647,"On November 3, 2024, ERO New Orleans reported the use of force and deployment of oleoresin capsicum (OC) spray on a Colombian national! detainee while housed in the RCC in Ferriday, Louisiana. On the same date, RCC staff opened the subject's cell door, and the subject aggressively pushed their way out causing a confrontation by pushing an RCC staff, causing RCC staff to deploy OC spray to gain compliance. RCC staff escorted the detainee to medical for decontamination and an evaluation. The detainee sustained no injuries. ERO leadership and the ICE OPR Joint Intake Center were notified."
411,Use of Force,"ERO Harlingen, Port Isabel Detention Center (PIDC)","Undetermined, pending investigation",2025SIR0001682,"On November 4, 2024, ERO Harlingen reported the use of force on a Colombian national detainee while housed at PIDC in Los Fresnos, Texas. On November 3, 2024, the detainee became noncompliant and aggressive with PIDC staff when ordered to enter an observation room within the medical unit. PIDC staff used a hand technique to control the detainee and place him in the observation room. PIDC medical staff conducted a post medical evaluation and reported no injuries. ERO leadership was notified. i)"
412,Use of Force,"ERO Miami, ICE Health Service Corps (IHSC), Krome Service Processing Center (KSPC)","Undetermined, pending investigation",2025SIR0001677,"On November 4, 2024, ERO Miami reported the use of force on a Honduran national detainee while housed at the KSPC in Miami, Florida. On the same date, the detainee failed to follow instructions and actively resisted KSPC staffs attempts to physically restrain him and then escalated his resistance by physically pushing an KSPC staff member. KSPC staff redirected the detainee to the floor to gain compliance and placed him in hand restraints. Once restrained, all use of force ceased. KSPC staff escorted the detainee to the KSPC medical unit. IHSC medical staff assessed the detainee and medically cleared him. KSPC staff members did not report any injuries. ERO leadership was notified."
413,Use of Force,"ERO San Antonio, ICE Health Service Corps (IHSC), T. Don Hutto Detention Center (TDHDC)","Undetermined, pending investigation",2025SIR0001665,"On November 4, 2024, ERO San Antonio reported the use of force on a Colombian national detainee while housed at the +! TDHDC in Taylor, Texas. On November 3, 2024, TDHDC staff attempted to conduct a pat search on the detainee who refused to be searched and was escorted to a secure ares. While in the secure area, TDHDC staff attempted to search him, and the detainee attempted to kick a TDHDC staff member who was performing the search. TDHDC staff used the minimal necessary force to bring the detainee to the ground and placed the detainee in hand and leg restraints. Once the detainee was in. restraints, the TDHDC staff completed the search and discovered a hard piece of plastic hidden in the detainee's sock. TDHDC staff escorted the detaince to the medical unit. IHSC conducted a medical examination, concluding that the detainee suffered a minor abrasion to his right arm. The detainee was escorted to a Special Medical Unit. ERO leadership was notified."
414,Use of Force,"ERO El Paso, ICE Health Service Corps (IHSC), El Paso Processing Center (EPC)","Undetermined, pending investigation",2025SIR0001733,"On November 5, 2024, ERO El Paso reported the use of force on a Venezuelan national detainee while housed at the EPC in El Paso, Texas. On November 3, 2024, the detainee became disruptive after being involved in a physical altercation with another detainee. EPC staff escorted the detainee to processing and the detainee refused to comply with verbal commands to remove personal belongings. EPC staff members assisted the detainee to the ground and applied hand restraints. The detainee was escorted to the Special Management Unit due to his continuing disruptive behavior. IHSC medical staff evaluated the detainee and reported no sustained injuries."
415,Use of Force,"ERO Houston, ICE Health Service Corps (IHSC), Joe Corley Processing Center (JCPC)","Undetermined, pending investigation",2025SIR0001738,"On November 5, 2024, ERO Houston reported the use of force on a Brazilian national detainee while housed at the JCPC in Conroe, Texas. On the same date, JCPC staff applied a take-down technique on the detainee to gain compliance and apply restraints, after the detainee became combative during an interview. JCPC staff escorted the detainee to the medical unit for an evaluation, but he refused to undergo any type of evaluation. JCPC medical staff noted the detainee suffer no visible injunes and was medically cleared. ERO leadership was notified."
416,Use of Force,"ERO Miami, ICE Health Service Corps (IHSC), Krome Service Processing Center (KSPC)","Undetermined, pending investigation",2025SIR0001729,"On November 5, 2024, ERO Miami reported the use of force on a Cuban national detainee while housed at the KSPC in Miami, Florida. On November 4, 2024, the detainee refused to comply with instructions and actively resisted to being removed from his cell after purposely flooding it. KSPC staff entered the cell and assisted the detainee to the ground to gain compliance and placed him in hand restraints. Once restrained, KSPC staff escorted the detainee for medical assessment. IHSC medical staff assessed the detainee and medically cleared him. ERO leadership was notified."
417,Use of Force,"ERO Harlingen, El Valle Detention Facility (EVDF)","Undetermined, pending investigation",2025SIR0001784,"On November 6, 2024, ERO Harlingen reported the use of force on a Mexican national detainee while housed at EVDF in Raymondville, Texas. On November 5, 2024, the detainee became noncompliant and disregarded orders from an EVDF staff member to disengage from a physical altercation with another detainee. EVDF staff used a hand technique to control the detainee and place him in hand restraints. EVDF staff escorted the detainee to the medical unit for evaluation. The detainee was evaluated and cleared with no injuries. ERO leadership was notified."
418,Use of Force,"ERO Houston, Montgomery Processing Center (MPC), ICE Health Service Corps (IHSC)","Undetermined, pending investigation",2025SIR0001753,"On November 6, 2024, ERO Houston reported the use of force on a Honduran national while housed at the MPC in Conroe, Texas. On November 4, 2024, the detainee made inappropriate sexual gestures to a female MPC staff member while in the male holding cell of the Medical Housing Unit (MHU). MPC staff entered the cell to place the detainee in restraints to remove him from the MHU. The detainee assaulted a MPC staff member by striking him multiple times in the head and face with closed fists and his forearms. MPC staff placed restraints on the detainee and escorted him to the Restricted Housing Unit (RHU). IHSC medical staff evaluated the detainee and noted that detainee sustained a superficial abrasion to his forehead above the right eye. ERO leadership was notified,"
419,Use of Force,"ERO San Antonio, ICE Health Service Corps (IHSC), T. Don Hutto Detention Center (TDHDC)","Undetermined, pending investigation",2025SIR0001749,"On November 6, 2024, ERO San Antonio reported the use of oleoresin capsicum (OC) spray on a Venezuelan national detainee while housed at the TDHDC in Taylor, Texas, On November 5, 2024, the detainee refused his meal, wanted to be placed in the Special Medical Unit (SMU) and tried to get other detainees to join in his protest. While a TDHDC staff member escorted the detainee to SMU, he pushed passed the TDHDC staff and ran down the hall. Additional TDHDC staff members arrived and gave verbal commands to the detainee to submit to hand restraints. The detainee started making verbal threats toward TDHDC staff, stating that he wanted to fight. TDHDC staff approached the detainee to place him in hand restraints and when the detainee stood up, the detainee faced the TDHDC staff in an aggressive manner. TDHDC staff deployed a burst of OC spray and gave verbal commands to the detainee to submit to hand restraints, which he complied. TDHDC staff escorted the detaince to the medical unit and IHSC conducted a medical examination, concluding that the detainee suffered a minor abrasion to his right arm. The detainee was placed in the SMU for decontamination and housing. ERO leadership was notified."
420,Use of Force,"ERO New Orleans, Winn Correctional Center (WCC), NA","Undetermined, pending investigation",2025SIR0001833,"On November 7, 2024, ERO New Orleans reported the use of oleoresin capsicum (OC) spray on a Salvadoran national detainee while housed at the WCC in Winnfield, Louisiana. On the same date, the detainee refused to comply with verbal commands and had cut himself. WCC staff deployed a one-second burst of OC spray to keep the detainee from causing further self-harm. After the deployment of OC spray, the detainee complied with all commands and instructions. The WCC staff decontaminated the detainee and referred the detainee to medical and mental health for evaluation. ERO leadership and OPA were notified."
421,Use of Force,"ERO St Paul, Sherburne County Jail (SCJ), ICE Health Service Corps (IHSC)","Undetermined, pending investigation",2025SIR0001816,"On November 7, 2024, ERO St. Paul reported the use of oleoresin capsicum (OC) spray on a Liberian national detainee and an inmate while housed at the SCJ in Elk River, Minnesota. On November 5, 2024, the Liberian national detainee and the inmate were involved in a physical altercation. The detainee and inmate failed to comply with SCJ staff orders to cease fighting. To break up the altercation and gain compliance, SCJ staff to deploy a wide burst of OC spray. The detainee and inmate submitted to hand restraints and were escorted to medical for decontamination. The detainee and inmate were examined by IHSC medical staff and no injuries were reported. ERO leadership was notified. ."
422,Use of Force,"ERO Harlingen, Port Isabel Detention Center (PIDC)","Undetermined, pending investigation",2025SIR0001867,"On November 8, 2024, ERO Harlingen reported the use of force on a Colombian national detainee housed at the PIDC in Los Fresno, Texas. On November 7, 2024, the detainee became non-compliant when PIDC staff attempted to apply hand restrains for a scheduled removal flight. PDIC staff used hand techniques to contro! the detainee and apply hand and leg restraints. The detainee was escorted to the transportation vehicle with no further incident and no injuries were report. ERO leadership was notified."
423,Use of Force,"ERO Harlingen, Port Isabel Detention Center (PIDC)","Undetermined, pending investigation",2025STR0001867,"On November 8, 2024, ERO Harlingen reported the use of force on a Colombian national detainee housed at the PIDC in Los Fresno, Texas. On November 7, 2024, the detainee became non-compliant when PIDC staff attempted to apply hand restrains for a scheduled removal flight. PDIC staff used hand techniques to contro! the detainee and apply hand and leg restraints. The detainee was escorted to the transportation vehicle with no further incident and no injuries were report. ERO leadership was notified."
424,Use of Force,"ERO Miami, Broward Transitional Center (BTC)","Undetermined, pending investigation",2025SIR0001850,"On November 8, 2024, ERO Miami reported the use of force on a Nicaraguan national detainee while housed at the BTC in Miami, Florida. On November 1, 2024, the detainee refused to comply with verbal commands by BTC staff to surrender contraband and continued walking into his room. The BTC staff gave the detainee additional verbal commands to reveal his property box for inspection, as the detainee remained uncooperative and ignored all verbal commands while also attempting to flee the room. BTC staff utilized force to redirect detainee to his property box to retract the contraband and to gain compli- ance. The detaince attempted to run away a second time, but the BTC utilized force to physically restrain him. The detainee revealed the contraband, which was confiscated, and all use of force ceased. The detainee was examined by BTC medical staff and medically cleared, No injuries were reported to BTC staff, ERO leadership was notified."
425,Use of Force,"ERO El Paso, ICE Health Service Corps (IHSC), Otero County Processing Center (OCPC)","Undetermined, pending investigation",2025SIR0001968,"On November 10, 2024, ERO El Paso reported the use of force on a Honduran national detainee while housed at the OCPC in Chaparral, New Mexico. On November 9, 2024, the detainee engaged in a physical altercation with another unknown detainee, failed to comply with OCPC staff members to stop and resisted OCPC staff, causing OCPC staff to take the detainee to the floor, apply hand restraints on the detainee and escort the detainee to the Restrictive Management Unit. THSC evaluated the detainee and determined the detainee sustained a nose injury during the altercation but no injuries during the use of force by OCPC staff. ERO leadership was notified."
426,Use of Force,"ERO Miami, Baker County Detention Center (BCDC)","Undetermined, pending investigation",2025SIR0001949,"On November 10, 2024, ERO Miami reported the immediate use of force and deployment of Oleoresin Capsicum (OC) spray on three Guatemalan, three Honduran, one Nicaraguan, and one Cuban national detainee while housed at the BCDC in MacClenny, Florida, On November 9, 2024, BCDC staff members gave verbal orders to comply with facility count procedures. A large group of detainees began to shout threats. Due to their aggressive behavior, BCDC staff deployed OC spray in order to gain compliance and applied hand restraints. BCDC staff escorted the eight detainees for decontamination and to the BCDC Medical Unit staff for medical examination and reported no physical injuries."
427,Use of Force,"ERO San Antonio, T. Don Hutto Detention Center (TDHDC), ICE Health Service Corps (IHSC)","Undetermined, pending investigation",2025SIR0001946,"On November 10, 2024, ERO San Antonio reported a use of force on a Venezuelan national detainee housed at the TDHDC in Taylor, Texas. On November 9, 2024, the detainee attempted to break a food warmer against the wall in the Special Manage- ment Unit (SMU), refused to comply with verbal orders by TDHDC officers and lunged at TDHDC officers, causing TDHDC officers to use the minimal necessary force to bring the detainee to the ground, place him in band and leg restraints and escort the detainee back to his cell. IHSC conducted a medical examination, concluding that the detaince suffered no injuries. ERO leadership was notified."
428,Use of Force,"ERO Miami, ICE Health Service Corps (IHSC), Krome Service Processing Center (KSPC)","Undetermined, pending investigation",2024SIR0015619,"On August 22, 2024, ERO Miami reported the use of oleoresin capsicum (OC) spray on Dominican national detainee while housed at the KSPC in Miami, Florida. On August 21, 2024, KSPC staff observed the detainee attempting to pass contraband to another detainee. KSPC staff gave multiple verbal commands to the detainee to relinquish the contraband, which he did not comply. KSPC staff attempted to grab the detainee's wrist to recover the contraband. The detainee attempted to strike a KSPC staff member with a closed fist causing the KSPC staff member to fall to the ground. Additional detainees gathered around and threatened the KSPC staff. KSPC staff deployed a continuous single burst of OC spray to the facial area of the subject detainee to gain compliance. Additional KSPC staff responded, deployed MK-9 OC foggers to control the additional detainees. Once OC spray was used, the detainee ceased resisting and submitted to the placement of hand restraints. Once restrained, all use of force was ceased. KSPC staff escorted the detainees to the showers to decontaminate. IHSC staff assessed the detainee and medically cleared him. The KSPC staff involved in incident reported an injury to his right knee. KSPC management will initiate disciplinary proceedings against the detainee in relation to this incident. ERO leadership was notified."
429,Use of Force,"ERO San Antonio, ICE Health Service Corps (IHSC), T. Don Hutto Detention Center (TDHDC)","Undetermined, pending investigation",2024SIR0015664,"On August 23, 2024, ERO San Antonio reported the use of force on a Cuban national detainee while housed at the TDHDC in Taylor, Texas. On the same date, TDHDC officers were conducting a scheduled shakedown when the detainee became upset and verbally threatened officers. The detainee was non-compliant to verbal commands and attempted to pull away from officers as they attempted to escort the detainee from the dormitory. TDHDC Officers then took the detainee to the ground placed him in restraints. IHSC examined the detainee, and no injuries were found. ERO leadership was notified."
430,Use of Force,"ERO San Diego, Otay Mesa Detention Center (OMDC)","Undetermined, pending investigation",2024SIR0015728,"On August 24, 202, ERO San Diego reported the use of oleoresin capsicum (OC) on a Jamaican national detainee, while housed at the OMDC in San Diego, California. On August 22, 2024, the detainee refused to comply with OMDC staff instructions to comply with transfer for suicide observation and physically resisted OMDC staff, causing OMDC to deploy a five-man extraction team. The extraction team deployed a two-second burst of OC spray through the food port, which failed to gain compliance. The extraction team entered the cell, applied hand and leg restraints, removed the detainee from the cell and escorted the detainee to the shower area for decontamination. The detainee refused decontamination and was escorted to medical for evaluation, where an examination reported no injuries, and was placed on suicide watch. ERO leadership and the ICE OPR Intake Center were notified."
431,Use of Force,"ERO Philadelphia, Moshannon Valley Processing Center (MVPC), ICE Office of Professional Responsibility (OPR)","Undetermined, pending investigation",2024SIR0015761,"On August 26, 2024, ERO Philadelphia reported the use of oleoresin capsicum (OC) spray on three Uzbekistani national detain- ces, two Tajikistani national detainees, two Venezuclan national detainees, a Dominican national detainee, and a Kyrgyzstani national detainee, while housed at the MVPC in Philipsburg, Pennsylvania. On August 24, 2024, several detainees engaged in a physical altercation, MVPC staff entered the unit and attempted to gain control by giving the detainees multiple orders to stop and disperse. The detainees refused to comply and started throwing chairs in the direction of MVPC staff, hitting an MVPC staff member in the shoulder. MVPC staff deployed OC spray to break up the fight and to gain compliance, removed eight of the detainees from the unit, decontaminated and medically assessed them, and placed them in the special management unit pending disciplinary hearings, One detainee received a laceration to the forehead during the altercation, was treated, and was placed in the medical unit under observation, pending transfer to the special management unit. The MVPC staff member that was struck by a chair was assessed by medical staff and diagnosed with tenderness to the area. ERO leadership and the OPR Intake Center were notified."
432,Use of Force,"ERO Atlanta, Stewart Detention Center (SDC)","Undetermined, pending investigation",2024SIR0015852,"On August 28, 2024, ERO Atlanta reported the use of oleoresin capsicum (OC) spray on a Salvadoran national detainee while housed at the SDC in Lumpkin, Georgia. On August 27, 2024, the detainee refused to comply with SDC staff verbal commands while in the Restricted Housing Unit (RHU). SDC staff assembled a five-man extraction team and deployed a burst of OC into the shower cell of the detainee to gain compliance. SDC officers decontaminated the detainee and placed him into a padded cell. SDC medical staff performed a medical evaluation of the detainee and reported no injuries. SDC officers returned the detainee to his cell in the RHU. ERO leadership was notified."
433,Use of Force,"ERO Miami, Krome Service Processing Center (KSPC), ICE Health Service Corps (IHSC)","Undetermined, pending investigation",2024SIR0015870,"On August 28, 2024, ERO Miami reported the use of force on a Brazilian national detainee while housed at the KSPC in Miami, Florida. On August 27, 2024, while in the KSPC Behavioral Health Unit, KSPC officers instructed the detainee to comply with relocating to the Special Management Unit, pending disciplinary charges. The detainee became irate, made verbal threats, and became combative, flailing his arms towards the KSPC officers. KSPC officers redirected the detainee to the ground to gain compliance and to apply restraints. Once restrained, all use of force ceased. The detainee was examined : by IHSC staff and noted no injuries. KSPC staff did not report any injuries. ERO leadership was notified."
434,Use of Force,"ERO San Antonio, Karmes County Immigration Processing Center (KCIPC), South Texas ICE Processing Center (STIPC)","Undetermined, pending investigation",2024SIR0015915,"On August 28, 2024, ERO San Antonio reported the use of force on a Dominican national detainee housed at the KCIPC in Kames City, Texas. On August 27, 2024, the detainee became belligerent and hostile towards the KCIPC staff, swinging a chair at them. KCIPC staff was able to deescalate the situation and exit the room. While escorting the detainee to medical, they again failed to comply with orders and KCIPC staff took the detainee to the ground and restrained him. KCIPC medical staff evaluated and cleared the detainee, During the use of force, a KCIPC staff sustained a minor cut to their finger. ERO leadership was notified."
435,Use of Force,"ERO Buffalo, ICE Health Service Corps (IHSC), Buffalo Federal Detention Facility (BFDF)","Undetermined, pending investigation",2024SIR0016091,"On September 2, 2024, ERO Buffalo reported the use of oleoresin capsicum (OC) spray on a Venezuelan national detainee while housed at the BFDF in Batavia, New York. On September 1, 2024, the detainee refused to leave the Special Housing Unit law library because he did not want to go back to his cell and wanted a different cell. The detainee refused to comply with BFDF officer verbal commands, became irate, and grabbed the law library computer and held it above his head, and attempted to throw the computer at the door where the BFDF officer was standing. The BFDF officer deployed a one second burst of OC spray, however, the computer blocked the OC spray. A second one second burst was deployed, which had its intended affect. The detainee then complied with verbal commands and placed his hands in the door trap where the restraints were applied. IHSC medical staff examined and cleared the detainee of any injuries. ERO leadership was notified."
436,Use of Force,"ERO Atlanta, Stewart Detention Center (SDC)","Undetermined, pending investigation",2024SIR0016124,"On September 3, 2024, ERO Atlanta reported the use of oleoresin capsicum (OC) spray on a Salvadoran national detainee while housed at the SDC in Lumpkin, Georgia, On September 1, 2024, the detainee refused to comply with SDC staff verbal commands in the Restricted Housing Unit (RHU). SDC staff assembled a five-man extraction team and deployed a burst of OC spray into the detainee's cell to gain compliance, SDC staff decontaminated the detainee and placed him into a padded cell. SDC medical staff performed a medical evaluation and cleared the detainee of any injuries and SDC staff retumed him fo the RHU. ERO leadership was notified."
437,Use of Force,"ERO San Antonio, ICE Health Service Corps (IHSC), T. Don Hutto Detention Center (TDHDC)","Undetermined, pending investigation",2024SIR0016107,"On September 3, 2024, ERO San Antonio reported the use of force on a Honduran national detainee while housed at the TDHDC in Taylor, Texas. On September 2, 2024, the detainee attempted suicide by ingesting a sharp object and refused to comply with verbal commands. TDHDC officers took the detainee to the ground and applied hand and leg restraints. THSC evaluated the detainee, and no injuries were found. The detainee was taken to a local hospital, evaluated by emergency staff, and no foreign object was found. The detainee has been placed on suicide watch. ERO leadership was notified."
438,Use of Force,"ERO Washington, ICE Health Service Corps (IHSC), Farmville Detention Center (FDC)","Undetermined, pending investigation",2024SIR0016155,"On September 4, 2024, ERO Washington reported the use of force on five ICE detainees, two Honduran nationals, one Salvadoran national, one Colombian national, and one Nicaraguan national, while housed at the FDC in Farmville, Virginia. On September 3, 2024, FDC officers observed and responded to verbal and multiple physical altercations between the detainees. FDC officers deployed three separate bursts of oleoresin capsicum to the facial area of the detainees to gain compliance. FDC officers subsequently placed the detainees in restraints and escorted them to medical for an evaluation. One detainee was transported to a local hospital for lacerations around the right eye and later released. FDC officers placed the detainees in restrictive housing pending further investigation, disciplinary hearings, and potential criminal charges. ERO leadership was notified."
439,Use of Force,"ERO Philadelphia, Moshannon Valley Processing Center (MVPC), ICE Office of Professional Responsibility (OPR)","Undetermined, pending investigation",2024SIR0016195,"On September 5, 2024, ERO Philadelphia reported the use of oleoresin capsicum (OC) spray on a Liberian national while housed at the MVPC in Philipsburg, Pennsylvania, On September 5, 2024, MVPC officers were alerted that the detainee was causing a disturbance in his housing unit. The detainee started yelling at MVPC officers, who informed the detainee he was going to be placed in the Special Management Unit (SMU) due to his behavior and then gave him a direct order to submit to restraints. The detainee refused to comply with orders given, and a three second burst of OC spray was deployed to gain compliance. The detainee was placed in restraints, decontaminated, assessed by MVPC medical staff, and cleared of any significant injuries. The detainee was placed in SMU due to this incident. ERO leadership and the OPR Intake Center were notified."
440,Use of Force,"ERO Denver, Denver Contract Detention Facility (DCDF), ICE Office of Professional Responsibility (OPR)",State of Colorado,2024SIR0016288,"On September 6, 2024, ERO Denver reported the use of force on a Haitian national, while housed at the DCDF in Aurora, Colorado. On the same date, DCDF staff responded to a disturbance in the Medical Unit at the DCDF, at which time the detainee forcibly pushed the door open after a DCDF officer unlocked the cell door to serve his meal. An altercation ensued and the detainee physically assaulted a DCDF officer with his fists. Multiple DCDF officers responded and attempted to gain control of the detainee, at which time the detainee bit a DCDF officer on his right forearm breaking skin. DCDF officers placed the detainee on the bed with wrist and leg restraints and subsequently placed him into a restraint wheelchair. DCDF staff escorted the detainee to the medical examination room where medical staff confirmed the detainee had no injuries. One DCDF officer reported an injury to their arm from the bite. The detainee is currently pending charges of assault and disruption of the facility. ERO leadership and the OPR Intake Center were notified."
441,Use of Force,"ERO Phoenix, Central Arizona Florence Correctional Complex (CAFCC)","Undetermined, pending investigation",2024SIR0016252,"On September 6, 2024, ERO Phoenix reported the use of force and deployment of oleoresin capsicum (OC) spray on a Mexican national detainee and a Jordanian national detainee while housed at the CAFCC in Florence, Arizona. On September 5, 2024, the detainees engaged in a mutual physical altercation with each other, failing to comply with verbal orders from CAFCC officers to stop and separate, A CAFCC officer deployed OC spray to gain compliance and separate the detainees. CAFCC officers then directed both detainees to the ground to apply hand restraints. CAFCC officers escorted the detainees for medical. evaluation, reporting no injuries. ERO leadership was notified."
442,Use of Force,"ERO San Antonio, South Texas ICE Processing Center (STIPC), ICE Health Service Corps (IHSC)","Undetermined, pending investigation",2024SIR0016285,"On August 28, 2024, ERO San Antonio reported the use of oleoresin capsicum (OC) spray on a Colombian national detainee housed at the STIPC in Pearsall, Texas. On September 5, 2024, while in a cell in the Medical Housing Unit (MHU) the detainee refused to follow STIPC officer verbal commands. Five STIPC officers entered the room, placed the detainee on the ground, applied hand and leg restraints, placed him on a medical gumey, and removed him from the cell. IHSC was unable to conduct a medical assessment due to the detainee remaining noncompliant. STIPC officers returned the detainee to his cell, removed his clothing, and dressed him in a medical smock. STIPC officers then returned the detainee to the MHU, removed the leg restraints, and exited the cell. The detainee refused to follow verbal commands to allow the removal of the hand restraints and began banging his head on the window. A STIPC officer administered one burst of OC spray to gain compliance. Once compliance was gain, the restraints were removed, and the detainee was escorted for decontamination. Neither the detainee nor STIPC staff sustained any injuries. ERO leadership was notified."
443,Use of Force,"ERO San Diego, San Luis Regional Detention Center (SLRDC), Special Operations Response Team (SORT)","Undetermined, pending investigation",2024SIR0016329,"On September 7, 2024, ERO San Diego reported the use of oleoresin capsicum (OC) on a Georgian national detainee, while housed at the SLRDSC in San Luis, Arizona. On September 6, 2024, an SLRDSC Detention Officer (DO) observed the detainee walk towards the shower area in the medical unit and began to choke himself and hit his head on the shower floor. The SLRDSC DO gave verbal commands to the detainee, who refused to follow orders. The SLRDSC SORT approached the detainee and gave him multiple verbal commands to stop harming himself to no avail. The SLRDSC SORT deployed a three second burst of OC spray, gained compliance, and placed the detainee in restraints. SLRDSC staff decontaminated the detainee and provided medical treatment, and upon recommendation from SLRDSC medical staff, the detainee was transported to a local hospital via ambulance for further evaluation and treatment. ERO leadership and the ICE OPR Intake Center were notified."
444,Use of Force,"ERO Miami, ICE Health Service Corps (IHSC), Krome Service Processing Center (KSPC)","Undetermined, pending investigation",2024SIR0016345,"On September 8, 2024, ERO Miami reported the use of force on two Dominican national detainees and a Jamaican national detainee, while housed at the KSPC in Miami, Florida. On September 7, 2024, two detainees were engaged in a physical altercation inside their housing unit. The detainees failed to comply with verbal commands by KSPC staff to stop fighting. One of the Dominican national detainees grabbed and attempted to tackle a KSPC staff member and failed to comply with KSPC staff orders to release the staff member, causing KSPC staff to place the detainee in hand restraints to gain compliance. The other Dominican national detainee and Jamaican national detainee jumped off their bunks and moved towards the KSPC staff members in an aggressive manner, causing KSPC staff to put the Jamaican national detainee on the floor and put the other Dominican national detainee against a wall and apply hand restraints to both detainees to gain compliance. THSC staff assessed all three detainees and medically cleared them. KSPC officers did not report any injuries. KSPC management are initiating disciplinary procedures against the detainees."
445,Use of Force,"ERO Miami, ICE Health Service Corps (IHSC), Broward Transitional Center (BTC)","Undetermined, pending investigation",2024SIR0016365,"On September 9, 2024, ERO Miami reported the use of force on a Nicaraguan national detainee, while housed at the BTC in Pompano Beach, Florida. On September 8, 2024, a BTC officer questioned the detainee regarding sunglasses he was wearing were authorized. Based on his answer, BTC officers advised the detainee that they were going to escort him to the medical unit to verify if the sunglasses were prescribed and authorized. During escort, the detainee became non-compliant and actively resisting BTC officer commands. BTC officers redirected the detainee to the wall lifting him off the ground. Additional BTC officers responded to intervene and neutralize the situation. BTC officers gained control of the detainee and placed him in an escort carry position. BTC officers escorted the detainee to the BTC intake processing area without further incident. BTC medical staff assessed the detainee and medically cleared him with minor scratches. BTC officers reported no injuries. BTC management initiated disciplinary procedures against the detainee. ERO leadership was notified. :"
446,Use of Force,"ERO Atlanta, Stewart Detention Center (SDC)","Undetermined, pending investigation",2024SIR0016434,"On September 10, 2024, ERO Atlanta reported the use of oleoresin capsicum (OC) spray on a Salvadoran national detainee, while housed at the SDC in Lumpkin, Georgia. On the same date, the detainee refused to comply with SDC officer verbal commands to uncover his obstructed cell window. SDC officers deployed a burst of OC spray into the detainee's cell to gain compliance. SDC officers entered the detainee's cell, gained control of him, and placed him into mechanical handcuffs. SDC officers decontaminated the detainee and escorted him to medical for evaluation, where be was cleared of any injuries. ERO leadership was notified."
447,Use of Force,"ERO Detroit, ICE Office of Professional Responsibility (OPR), St. Clair County Jail (SCCJ)","Undetermined, pending investigation",2024SIR0016397,"On September 10, 2024, ERO Detroit reported the use of force on a Salvadoran national detainee while housed at the SCCT in Port Huron, Michigan. On September 9, 2024, the detainee became aggressive and started violently kicking the cell door and kneeing the cell window. SCC) staff gave verbal orders for the detainee to place his bands on the wall, but he refused to comply. SCCJ staff entered the cell and assisted the detainee to the ground, placing him in hand restraints. The detainee actively continued to resist to the application of hand restraints, and SCC) staff placed the detainee in a restraint chair to prevent injuries and damage to the cell. SCCJ medica! staff evaluated the detaince and reported a small scratch on the detainee's elbow. ERO leadership and the OPR Intake Center were notified."
448,Use of Force,"ERO Harlingen, ERO New Orleans, El Valle Detention Facility (EVDF)","Undetermined, pending investigation",2024SIR0016461,"On September 10, 2024, ERO Harlingen reported the use of force on a Brazilian national detainee, while housed at the EVDF in Raymondville, Texas. On the same date, the detainee became noncompliant with instructions to prepare for a scheduled transfer flight. EVDF staff executed a cell-extraction of the detainee and placed him in hand and leg restraints. EVDF staff oe the subject to medical for post use-of-force medical evaluation and clearance. The subject suffered a superficial tch to his forehead. ERO leadership was notified."
449,Use of Force,"ERO Philadelphia, Moshannon Valley Processing Center (MVPC)","Undetermined, pending investigation",2024SIR0016487,"On September 11, 2024, ERO Philadelphia reported the use of oleoresin capsicum (OC) on a Salvadoran national detainee housed at the MVPC in Philipsburg, Pennsylvania. On the same date, MVPC staff responded to the Special Management Unit (SMU) for a detainee causing self-harm and witnessed the detainee cutting across his chest with a sharpened spoon. The detainee refused direct orders from MVPC staff to drop the object and comply with restraints. MVPS staff deployed OC spray to gain compliance of the detainee. The detainee was directed to drop the object and comply with restraints, or another OC spray would be deployed. Again, the detainee refused, and MVPC staff deployed OC spray to gain compliance. The detainee dropped the object and complied and MVPC staff successfully secured restraints on the detainee. Medical staff assessed the detainee for injuries and determined he did not sustain any significant injuries. The detainee was placed in a wheelchair, covered with a blanket, and moved to the medical infirmary to be housed for observation. ERO leadership and the OPR Intake Center were notified."
450,Use of Force,"ERO Houston, Montgomery Processing Center (MPC), ICE Health Service Corps (IHSC)","Undetermined, pending investigation",2024SIR0016652,"On September 14, 2024, ERO Houston reported the use of oleoresin capsicum (OC) spray on a Nicaraguan national while housed at the MPC in Conroe, Texas. On September 13, 2024, the detainee failed to comply with MPC orders to remove obstructing paper from his cell window and refused to submit to the application of hand restraints, causing MPC staff to assem- ble a five-person extraction team and administer two bursts of OC into the cell, The extraction team entered the cell, applied hand and leg restraints, and escorted the detainee to a vacant cell for decontamination. MPC medical staff evaluated the detainee and noted no injuries. ERO leadership was notified."
451,Use of Force,"ERO Philadelphia, Moshannon Valley Processing Center (MVPC)","Undetermined, pending investigation",2024SIR0016657,"On September 14, 2024, ERO Philadelphia reported the use of force and deployment of oleoresin capsicum (OC) spray on two Dominican national detainees and a Venezuelan national detainee while housed at the MVPC in Philipsburg. Pennsylvania. On September 13, 2024, MVPC staff deployed OC spray on the recreation yard to break up a fight between the detainees. MYPC applied hand restraints, decontaminated the detainees, and escorted them to medical for evaluation. No injuries were reported, and the detainees were placed in segregation. ERO leadership and the ICE OPR Intake Center were notified."
452,Use of Force,"ERO San Antonio, South Texas ICE Processing Center (STIPC), ICE Health Service Corps (IHSC)","Undetermined, pending investigation",2024SIR0016663,"On September 14, 2024, ERO San Antonio reported the use of oleoresin capsicum (OC) spray on a Honduran national detainee while housed at the STIPC in Pearsall, Texas. On September 13, 2024, STIPC staff applied a burst of OC spray into a cell to stop a detainee from ingesting batteries. The detainee was placed in hand restraints, escorted to the showers for decontamination, placed on a gurney and transported to medical for evaluation. IHSC examined the detainee and noted no injuries. No injuries were reported by STIPC staff. ERO leadership was notified."
453,Use of Force,"ERO Harlingen, El Valle Detention Facility (EVDF)","Undetermined, pending investigation",2024SIR0016673,"On September 15, 2024, ERO Harlingen reported the use of force on a Mexican national detainee while housed at the EVDF in Raymondville, Texas. On September 14, 2024, the detainee disregarded EVDF staff commands to disengage with another detainee with which he was having a physical altercation, causing EVDF staff to use hand techniques to gain compliance. EVDF medical staff evaluated the detainee and reported superficial scratches and redness to the face, neck, and hands of the detainee from the physical altercation. ERO leadership was notified."
454,Use of Force,"ERO Houston, Joe Corley Processing Center (JCPC)","Undetermined, pending investigation",2024SIR0016678,"On September 15, 2024, ERO Houston reported the use of force on a Sudanese national detainee while housed at the JCPC in Conroe, Texas. On September 14, 2024, the detainee began running towards JCPC staff, failed to obey JCPC staff commands to stop, physically resisted and attempted to assault JCPC staff, causing JCPC staff to first put the detainee against a wall and then on to the floor and apply hand restraints. The detainee was escorted to medical for evaluation, where no injuries were noted. ERO leadership and the ICE OPR Intake Center were notified"
455,Use of Force,"ERO Houston, ICE Health Service Corps (IHSC), Montgomery Processing Center (MPC)","Undetermined, pending investigation",2024SIR0016685,"On September 15, 2024, ERO Houston reported the use of oleoresin capsicum (OC) spray on a Honduran national detainee while housed at the MPC in Conroe, Texas. On the same date, the detainee failed to comply with multiple commands by MPC staff to stop kicking his cell door, remove his mattress from the cell window, and submit to hand restraints through the tray slot, causing MPC staff to assemble an extraction team and deploy two bursts of OC spray through the tray slot. The detainee refused to submit to hand restraints, causing MPC staff to deploy a third burst of OC spray through the tray slot. The extraction team entered the cell, placed the detainee on the floor, applied hand and leg restraints, escorted the detainee to the restricted 5 Ot unit for decontamination, and to the medical unit where the detainee was evaluated and cleared. ERO leadership was ified."
456,Use of Force,"ERO Miami, ICE Health Service Corps (IHSC), Krome Service Processing Center (KSPC)","Undetermined, pending investigation",2024SIR0016686,"On September 15, 2024, ERO Miami reported the use of force on a Venezuelan national detainee while housed at the KSPC in Miami, Florida. On the same date, the detainee failed to comply with KSPC staff commands to turn in his meal tray and leave the cafeteria. The detainee physically resisted KSPC staff by pulling away from them and throwing himself on the floor when they took the meal tray from him and applied a custodial touch to gain compliance, dragging a KSPC staff member to the floor with him, and continued to physically resist KSPC staff efforts to apply hand restraints to gain compliance, causing KSPC staff to place the detainee first against the wall and then on the floor to apply hand restraints. The detainee was evaluated by medical, who noted several bruises and scratches on the detainee's body. The detainee kicked a KSPC staff member several times in the groin during the incident, but the staff member did not report any injuries. ERO leadership was notified."
457,Use of Force,"ERO Atlanta, Stewart Detention Center (SDC)","Undetermined, pending investigation",2024SIR0016731,"On September 17, 2024, ERO Atlanta reported the use of oleoresin capsicum (OC) spray on a Venezuelan national detainee while housed at the SDC in Lumpkin, Georgia. On September 16, 2024, the detainee refused to comply with SDC officer verbal commands to uncover the window on his cell door and to remove the bedsheet tied to it to prevent cell entry. SDC officers assembled a five-man extraction team and deployed a single burst of OC into the cell. SDC officers forced entry into the cell by pulling on the door until the bedsheet ripped. SDC officers placed the detainee in handcuffs and escorted him to the shower for decontamination and then to medical. SDC medical staff performed a medical evaluation of the detainee and reported no injuries, and the detainee was subsequently transferred to segregated housing. ERO leadership was notified."
458,Use of Force,"ERO Buffalo, Buffalo Federal Detention Facility (BFDF), ICE Health Service Corps (IHSC)","Undetermined, pending investigation",2024SIR0016735,"On September 17, 2024, ERO Buffalo reported the use of oleoresin capsicum (OC) spray on a Syrian national detainee housed at the BFDF in Batavia, New York. On September 16, 2024, the detainee removed a broom handle and broke the window of the cell. BFDF officers deployed a one second burst of OC spray in the cell, but the detainee avoided contamination, and BFDF officers deployed two additional bursts of OC spray. The detainee continued to resist and when BCFC officers entered the cell using a shield, the detainee attempted to strike officers with the broom handle. A BFDF officer deployed an additional burst of OC spray, which was effective, and officers placed hand restraints on the detainee and escorted him to the shower for decontamination. IHSC evaluated the detainee and reported no injuries. No injuries to the BFDF officers were reported. ERO"
459,Use of Force,"ERO Harlingen, El Valle Detention Facility (EVDF)","Undetermined, pending investigation",2024SIR0016773,"On September 17, 2024, ERO Harlingen reported the use of force on a Honduran national detainee while housed at the EVDF in Raymondville, Texas. On September 16, 2024, the detainee refused to comply with an EVDF officer verbal commands to disengage from a physical altercation with two other detainees. EVDF contract security staff utilized hand techniques to gain control and separate him from the other detainees. EVDF officers escorted the detainee to medical evaluation and clearance, and the detainee did not sustain any injuries. ERO leadership was notified."
460,Use of Force,"ERO Philadelphia, Moshannon Valley Processing Center (MVPC), ICE Office of Professional Responsibility (OPR)","Undetermined, pending investigation",2024SIR0016720,"On September 17, 2024, ERO Philadelphia reported the use of force and deployment of oleoresin capsicum (OC) spray on a Colombian national detainee while housed in MVPC in Philipsburg, Pennsylvania. On September 16, 2024, MVPC officers responded to the Special Management Unit after the detainee covered his window and tied a bed sheet around his neck. MVPC officers gave verbal orders for the detainee to submit to restraints, but they refused to comply. MVPC officers deployed OC spray to gain compliance and apply hand restraints. Once the detainee was in restraints, MVPC officers escorted them to medical for decontamination and an evaluation. The detainee sustained no injuries and was placed into the Segregated Management Unit. ERO leadership and the OPR Intake Center were notified. ."
461,Use of Force,"ERO St Paul, ERO Omaha, Polk County Jail (PCJ)","Undetermined, pending investigation",2024SIR0016747,"On September 17, 2024, ERO St. Paul reported the use of oleoresin capsicum (OC) spray on a Mexican national detainee, housed at the PCJ in Des Moines, lowa. On September 16, 2024, the detainee was involved in an altercation with another detainee. PCJ officers administered OC to gain control of the altercation. PCJ officers escorted the detainee to the showers for decontamination. PCJ medical staff evaluated the detainee and medically cleared him of any injuries. ERO leadership was notified."
462,Use of Force,"ERO Detroit, Seneca County Jail (SCJ)","Undetermined, pending investigation",2024SIR0016810,"On September 18, 2024, ERO Detroit reported the use of electro muscular discharge device (EMMD) on a Liberian national detainee housed at the SCJ in Tiffin, Ohio. On September 16, 2024, the detainee refused SCJ officer commands to remove a towel from his head and began to fight with an SCJ officer. Additional SJC officers responded but the detainee continued to refuse commands and was taken to the ground where he continued to resist and threatened officers. At this point, an SCJ officer used their EMMD to perform a contact stun, and officers were able handcuff the detainee. SCJ medical staff evaluated and cleared the detainee. The detaince was escorted to segregation block and continued to resist officers and threaten them Two SCJ officers went to a local hospital for evaluation. ERO leadership was notified."
463,Use of Force,"ERO Philadelphia, Moshannon Valley Processing Center (MVPC), ICE Office of Professional Responsibility (OPR)","Undetermined, pending investigation",2024SIR0016787,"On September 18, 2024, ERO Philadelphia reported the use of force and deployment of oleoresin capsicum (OC) spray on a Colombian national detainee while housed in MVPC in Philipsburg, Pennsylvania. On September 17, 2024, MVPC officers: responded to the Special Management Unit after the detainee broke the sprinkler head in his cell. MVPC officers gave verbal orders for the detainee to submit to restraints, but he refused to comply. MVPC officers deployed OC spray to gain compliance, but this appeared to be effective, and officers entered his cell to apply hand and leg restraints, MVPC officers escorted the detainee to medical for decontamination and medical evaluation, where it as determined he did not sustain any significant injuries. ERO leadership and the OPR Intake Center were notified."
464,Use of Force,"ERO Philadelphia, Moshannon Valley Processing Center (MVPC), ICE Office of Professional Responsibility (OPR)","Undetermined, pending investigation",2024SIR0016857,"On September 19, 2024, ERO Philadelphia reported the use of force on a British national detainee, while housed in MVPC in Philipsburg, Pennsylvania. On September 18, 2024, the detainee pulled away from MVPC officers, while they were attempting to remove restrains, and entered the cell with the restraint still on one of his wrists. MVPC officers issued verbal commands to the detainee, but the detainee refused to comply, and oleoresin capsicum spray was deployed to gain compliance. However, the detainee remained combative and MVPC officers entered the cell, took the detainee to the floor, reapplied the hand restraints, and decontaminated him. MVPC medical staff assessed and cleared the detainee of any significant injuries. ERO leadership and the OPR Intake Center were notified."
465,Use of Force,"ERO San Antonio, T. Don Hutto Detention Center (TDHDC), ICE Health Service Corps (IHSC)",Executive Office for Immigration Review,2024SIR0016957,"On September 20, 2024, ERO San Antonio reported the use of physical force on a Haitian national detainee, while housed at the TDHDC in Taylor, Texas. On the same date, the detainee became non-compliant when asked to enter his dorm by a TDHDC officer and attempted to pull away. The TDHDC officer used reasonable and necessary force to safely control the detainee and restrained him with hand and leg restraints. The officer then escorted the detainee to medical where he was cleared of any injuries by IHSC. The detainee was then returned to the SMU. ERO leadership was notified."
466,Use of Force,"ERO El Paso, ICE Health Service Corps (IHSC), El Paso Processing Center (EPC)","Undetermined, pending investigation",2024SIR0016975,"On September 21, 2024, ERO El Paso reported the use of force on an Eritrean national detainee housed at the EPC in El Paso, Texas. On September 20, 2024, EPC officers escorted the detainee to processing pending disciplinary for stealing food from other detainees in the mess hall. Once in processing, the detainee disregarded EPC officers' verbal commands to surrender his locker key and became combative. EPC officers performed a take down and placed the detainee on the floor. The detainee continued to resist, kicking and assaulting an EPC officer. EPC officers gained control of the detainee, applied restraints, and escorted him to the Special Housing Unit to be placed in a padded cell. Once in the padded cell, the detainee began to bang his head on the wall. Due to the detaince's continued resistance, ERO Supervisory staff approved EPC officers to utilize the restraint chair to minimize any further self-harm. IHSC staff evaluated and cleared the detainee of any injuries. ERO El Paso and THSC staff will continue to monitor the detainee and provide updates, as necessary. ERO leadership was notified."
467,Use of Force,"ERO El Paso, Torrance County Detention Facility (TCDF)","Undetermined, pending investigation",2024SIR0016977,"On September 21, 2024, ERO El Paso reported the use of force on a Salvadoran national detainee while housed at the TCDF im Estancia, New Mexico. On the same date, the detainee attempted self-harm by making scratches on his wrist with the intention to create cuts. TCDF staff gave the detainee multiple directives to give them the item he was using to scratch himself with, to which he did not comply. TCDF staff ordered the detainee to stand up and place his hand on the wall to which he refused. TCDF staff attempted contact with the detainee to remove his rosary and prevent any further self-harm, to which the detainee began actively resisting, refusing all directives, and pulling away. TCDF staff regained control of the detainee's extremities and escorted him to the medical unit. Medical staff removed his rosary and uniform and placed him on one-to-one medical watch. The detainee will be seen by mental health and continue to be seen daily. TCDF medical staff evaluated and cleared the detainee of any injuries, and no injuries were reported by TCDF staff. ERO leadership was notified."
468,Use of Force,"ERO Richmond, ERO Washington D.C., Caroline Detention Facility (CDF), Spotsylvania Hospital (SH)","Undetermined, pending investigation",2024SIR0017005,"On September 23, 2024, ERO Richmond reported the use of oleoresin capsicum (OC) spray on two Salvadoran national jetainees while housed in CDF in Bowling Greene, Virginia. On the same date, CDF staff observed and responded to a physical altercation between the detainees and gave verbal commands to cease fighting. The detainees failed to initially comply and continued fighting. To gain compliance, CDF staff deployed a single burst of OC spray to the facial area of the detainees. CDF staff then gave verbal commands again to the detainees to cease fighting. The detainees failed to comply and continued fighting. CDF staff deployed another single burst of OC to the facial area of the detainees to gain compliance. One of the detainees began to comply with the staff's commands, but the second detainee struck the first detainee on the right side of the face with a closed fist. CDF staff deployed a third single burst of OC to the facial area of the second detainee who then complied with the verbal commands to cease fighting. CDF staff placed the detainees in restraints and escorted them to medical for evaluation and decontamination. Detainee two was transported to the SH in Fredericksburg, Virginia, for a laceration to his lip and a possible broken nose. The detainee was treated and returned to CDF. CDF staff placed the detainees in restrictive housing pending further investigation and disciplinary hearings. ERO leadership was notified."
469,Use of Force,"ERO Miami, Krome Service Processing Center (KSPC), ICE Health Service Corps (IHSC)","Undetermined, pending investigation",2024SIR0017074,"On September 25, 2024, ERO Miami reported the use of force on a Jamaican national detainee while housed at the KSPC in Miami, Florida. On September 24, 2024, while seated on the floor of his room the detainee began banging his head against the wall. KSPC Detention Officers (DOs)observed the detainee's behavior, called on the radio for assistance, entered the room, and issued verbal commands to the detainee to cease his behavior, to no avail. KSPC DOs secured the detainee's right arm and guided him to a mattress located on the floor. While on the floor, KSPC DOs continued to give the detainee verbal commands . to cease his self-injuring behavior. The detainee began banging his head on the floor. An KSPC DO placed his arm between | the detaince's head and the floor to prevent self-harm. IHSC medical staff administered a sedative to the detainee, and KSPC DOs safely placed him in hand restraints. The detainee continued to slightly resist, therefore KSPC DOs decided to place him in a restraint chair. Once restrained and placed in the restraint chair, all force ceased. IHSC medical staff assessed the detainee for post use of force injuries and medically cleared him. ERO leadership was notified."
470,Use of Force,"ERO Miami, Krome Service Processing Center (KSPC), ICE Health Service Corps (IHSC)","Undetermined, pending investigation",2024SIR0017056,"On September 25, 2024, ERO Miami reported the use of force involving oleoresin capsicum (OC) spray on two Guatemalan national detainees, two Honduran national detainees, one Dominican national detainee, one Cuban national detainee, and one Mexican national detainee while housed at the KSPC in Miami, Florida. On September 23, 2024, the detainees failed to comply with KSPC staff orders to cease disruptive behavior after the postponement of recreational activity due to inclement weather and attempted to strike a KSPC officer with a closed fist, causing the KSPC officer to deliver a one second burst of OC spray. The detainees continued to violently resist the KSPC officer and arriving KSPC officers deployed wide bursts of OC spray into the area to gain compliance. The detainees were placed in hand restraints and escorted to the shower area for decontamination. One of the Guatemalan national detainees continued to resist while being decontaminated, causing KSPC officers to attempt to place a custodial touch on the detainee, when he abruptly bit a KSPC staff member. The detainees were examined by IHSC staff and medically cleared. KSPC staff reported one officer injury. KSPC is initiating disciplinary proceedings against all seven detainees for this incident. ERO leadership was notified."
471,Use of Force,"ERO Buffalo, ERO Champlain, Buffalo Federal Detention Facility (BFDF), Clinton County Jail (CCJ)","Undetermined, pending investigation",2025SIR0001978,"On November 11, 2024, ERO Buffalo reported the use of oleoresin capsicum (OC) spray on a Venezuelan national detainee while housed at the CC) in Plattsburgh, New York. On November 10, 2024, the detainee pulled a sprinkler head in his preclassification cell and CCJ staff requested ERO Buffalo to transfer him to the BFDF, On the same date, the detainee threatened self-harm, scratched his arms, threw buman feces, and failed to comply with CCJ staffs commands to cease his behavior A CCI staff deployed a burst of OC spray to gain compliance. On November 11, 2024, ERO Champlain transferred the detainee to the BFDF. ERO leadership was notified. ."
472,Use of Force,"ERO El Paso, ICE Health Service Corps (IHSC), El Paso Processing Center (EPC)","Undetermined, pending investigation",2025SIR0001988,"On November 11, 2024, ERO El Paso reported the use of force on a Lebanese national detainee while housed at the EPC in El Paso, Texas. On November 10, 2024, while at sick call, the detainee refused to comply with EPC staff orders to sit down and be evaluated by IHSC medical staff for a toothache. The detainee became verbally confrontational towards IHSC medical staff and demanded pain medication. IHSC medical staff terminated the detaince's consultation after the detainee refused to sitdown. The detainee refused orders from EPC staff to depart the room, and verbally threatened an EPC staff member with bodily harm. The EPC staff attempted to restrain the detainee causing the detainee and the EPC staff member to fall on the floor. Additional EPC staff members arrived and placed hand restraints on the detainee and escorted him to the processing department. IHSC medical staff assessed the detainee and reported no injuries, ERO leadership was notified."
473,Use of Force,"ERO San Francisco, Golden State Annex (GSA), ICE Health Service Corps (IHSC)","Undetermined, pending investigation",2025SIR0001985,"On November 11, 2024, ERO San Francisco reported the use of oleoresin capsicum (OC) spray on a Mexican national detainee while housed at the GSA in McFarland, Califomia. On November 10, 2024, the detainee became combative and noncompliant with GSA staff in the intake area. GSA staff utilized a one-second burst of OC to gain compliance. The detainee became compliant, and GSA staff applied restrains in the detainee using the minimal amount of force necessary. GSA staff escorted the detainee to medical for decontamination. GSA medical staff cleared the detainee for Restricted Housing Unit placement. ERO leadership and IHSC were notified."
474,Use of Force,"ERO Miami, ICE Health Service Corps (IHSC), Krome Service Processing Center (KSPC)","Undetermined, pending investigation",2025SIR0001992,"On November 12, 2024, ERO Miami reported the use of force on a Nicaraguan national detainee while housed at the KSPC in Miami, Florida. On November 11, 2024, the detainee became upset and attempted to leave the SMU dayroom escorted by KSPC staff. As KSPC staff entered the detainee's cells, be began yelling and pulling away from KPSC staff who was attempting to remove hand restraints. KPSC staff directed the detainee to the wall, and the detainee became combative and began to kick and spit at the KPSC staff. KPSC staff placed a spit mask on the detainee and placed him in a four-point restraint chair to gain compliance. KPSC staff and IHSC medical staff assessed the detainee and reported no injuries. ERO leadership was notified."
475,Use of Force,"ERO San Antonio, T. Don Hutto Detention Center (TDHDC), ICE Health Service Corps (IHSC)","Undetermined, pending investigation",2025SIR0002007,"On November 12, 2024, ERO San Antonio reported the use of force and oleoresin capsicum (OC) spray on a Venezuelan national detainee housed at the TDHDC in Taylor, Texas, On November 11, 2024, the detainee refused to follow TDHDC staffs verbal orders to return to his cell in the Special Management Unit (SMU), As TDHDC staff approached the detainee, he climbed over the railing and dropped to the lower tier to abscond. TDHDC staff took the detainee to the ground and applied hand restraints. TDHDC staff escorted the detainee to medical and IHSC conducted a medical examination and concluded the detainee suffered no injuries. TDHDC staff escorted the detainee to the SMU, and when placed into the cell, the detainee spit and kicked TDHDC staff. An extraction team arrived, and the detainee refused submit to hand restraints. The detainee displayed a broken piece of the sink in his hand and continued to make verbal threats. TDHDC staff deployed a burst of OC spray into the detainee's cell and placed the detainee in hand restraints. IHSC conducted a medical examination, concluding the detainee suffered no injuries and decontaminated the detainee. ERO leadership was notified."
476,Use of Force,"ERO Miami, ICE Health Service Corps (IHSC), Krome Service Processing Center (KSPC)","Undetermined, pending investigation",2025SIR0002050,"On November 13, 2024, ERO Miami reported the use of force on a Guatemalan national detainee while housed at the KSPC in Miami, Florida. On November 12, 2024, the detainee refused to comply with the KSPC staff orders to submit to hand restraints for escort to the KSPC medical housing unit for a psychiatric evaluation. The detainee made threats of physical violence to KSPC staff, positioned himself in a combative posture, struck a KSPC staff member in the face, and attempted to exit his housing unit forcibly. KSPC staff, redirected the detainee to the ground, placed him in restraints and a 4-point restraining chair, to avoid self-injury or further injury to KSPC staff. KSPC staff transported the detainee for the IHSC psychiatric evaluation and a medical assessment for post use of force injuries, The detainee was cleared of any injuries then referred to a local hospital to be evaluated for active psychosis. The KSPC staff member involved in the use of force incident suffered injuries to his left eye, nosebleed, and upper lip laceration. The KSPC staff member declined to be transported to a hospital emergency room. ERO leadership was notified."
477,Use of Force,"ERO Phoenix, Central Arizona Florence Correctional Complex (CAFCC)","Undetermined, pending investigation",2025SIR0002079,"On November 13, 2024, ERO Phoenix reported the use of oleoresin capsicum (OC) on a Salvadoran national detainee housed at the CAFCC in Florence, Arizona. On November 12, 2024, the detainee refused CAFCC staffs verbal commands to submit to restraints and displayed aggression towards CAFCC staff. CAFCC staff deployed a burst of OC spray on the detainee after he became combative. CAFCC staff escorted the detainee to restrictive housing unit to be evaluated by CAFCC medical staff and for a decontamination shower. No injuries to the detainee or CAFCC staff were reported."
478,Use of Force,"ERO New Orleans, ICE Health Service Corps (IHSC), Winn Correctional Center (WCC)","Undetermined, pending investigation",2025SIR0002156,"On November 14, 2024, ERO New Orleans reported the use of oleoresin capsicum (OC) spray on a Honduran national detainee while housed at the WCC in Winnfield, Louisiana. On the same date, the detainee refused to come out of his cell and became non-compliant with WCC staff. WCC staff noticed the detainee had a handcrafted weapon and gave multiple command to comply with orders. The detainee refused to follow orders. WCC assembled a five-man extraction team, deployed the OC spray, entered the cell, and gained compliance. The extraction team placed the detainee in restraints. WCC staff escorted the detainee for decontamination and for evaluation by IHSC medical staff. ERO leadership and the ICE OPR Intake Center were notified."
479,Use of Force,"ERO San Antonio, ICE Health Service Corps (IHSC), T. Don Hutto Detention Center (TDHDC)","Undetermined, pending investigation",2025SIR0002112,"ON November 14, 2024, ERO San Antonio reported the use of force on a Venezuelan national detainee while housed at the TDHDC in Taylor, Texas. On November 13, 2024, the detainee refused to follow verbal commands to submit to hand restraints for transfer into a different cell. TDHDC staff called in additional staff to assist in moving the detainee. TDHDC staff entered the cell and assisted the detainee to the ground to gain compliance and placed the detainee in hand restraints. The detainee was escorted to IHSC medical for evaluation and no injuries were reported."
480,Use of Force,"ERO Seattle, ICE Health Service Corps (IHSC), Northwest ICE Processing Center (NWPIC)","Undetermined, pending investigation",2025SIR0002120,"On November 14, 2024, ERO Seattle reported the use of force on a dual Bahamian and Jamaican national detainee while housed at the NWIPC in Tacoma, Washington. On November 13, 2024, the detainee became physically combative with NWIPC staff while being escorted to the intake unit. NWIPC staff ordered the detainee to submit to restraints and assisted him to the ground to gain control. The detainee continued to actively resist and assaulted an NWIPC staff member. NWIPC staff gained control, applied the restraints, and escorted the detainee to the restricted housing unit. IHSC medically assessed the detainee and the NWIPC staff member and reported minor injuries."
481,Use of Force,"ERO Washington D.C., Farmville Detention Center (FDC), ICE Health Service Corps (IHSC)","Undetermined, pending investigation",2025SIR0002178,"On November 15, 2024, ERO Washington, D.C. reported the use of force on a Chinese national while housed at the FDC in Farmville, Virginia. On November 14, 2024, FDC staff issued a Code Red at the indoor recreation area due to a physical altercation between three detainees. FDC staff responded and separated the detainees. During escort from the area, the Chinese national detainee pulled away from the FDC escort and ran towards another detainee involved in the prior altercation. FDC staff used an immediate use of force, escorted the detainee to the ground, placed him in restraints and escorted him to FDC medical. FDC medical staff evaluated and cleared the detainee and him placed in the restricted housing unit. ERO leadership was notified."
482,Use of Force,"ERO Harlingen, El Valle Detention Facility (EVDF)","Undetermined, pending investigation",2025SIR0002235,"On November 16, 2024, ERO Harlingen reported the use of force on a Mexican national detainee while housed at the EVDF in Raymondville, Texas, On November 15, 2024, the detainee failed to obey EVDF staff orders to disengage from a physical altercation with another detainee, causing EVDF staff to utilize hand techniques to gain compliance. EVDF staff escorted the detainee to medical for evaluation. EVDF medical staff evaluated the detainee and reported superficial scratches and redness to the detainee's face, neck, and hands. ERO leadership was notified."
483,Use of Force,"ERO Harlingen, El Valle Detention Facility (EVDF)","Undetermined, pending investigation",2025SIR0002252,"On November 17, 2024, ERO Harlingen reported the use of force on a Mexican national detainee while housed at the EVDF in Raymondville, Texas. On November 16, 2024, the detainee refused to comply with EVDF officer's orders to comply with a re-housing assignment. EVDF officers utilized hand techniques to gain control of the detainee to apply hand and leg restraints. EVDF officers escorted the detainee to EVDF medical staff for evaluation. EDVF medical staff determined that the detainee did not sustain any injuries. ERO leadership was notified."
484,Use of Force,"ERO Harlingen, Hidalgo County Jail (HCJ)","Undetermined, pending investigation",2025SIR0002260,"On November 17, 2024, ERO Harlingen reported the use of Oleoresin Capsicum (OC) on a Mexican national detainee while housed at the HCJ in Harlingen, Texas. On November 16, 2024, the detainee refused to depart from an ERO Harlingen holding room area, comply with directives, and verbally threatening ERO Harlingen staff. Officers used OC spray to gain control of the detainee. ERO Harlingen escorted the detainee to a local hospital in McAllen, Texas. The detainee was cleared for release and custodial transfer arrangements. ERO leadership was notified."
485,Use of Force,"ERO Harlingen, Port Isabel Detention Center (PIDC)","Undetermined, pending investigation",2025SIR0002261,"On November 17, 2024, ERO Harlingen reported the use of force on a Mexican national detainee while housed at PIDC in Los Fresnos, Texas. On the same date, the detainee became noncompliant with PIDC staff's orders to permit the application of hand restraints in preparation for transport. PIDC staff used a hand technique to control the detainee and apply hand restraints. PIDC medical staff conducted a post medical evaluation. The detainee sustained no injuries. ERO leadership was notified."
486,Use of Force,"ERO Houston, ICE Health Service Corps (IHSC), Montgomery Processing Center (MPC)","Undetermined, pending investigation",2025SIR0002309,"On November 18, 2024, ERO Houston reported the use of oleoresin capsicum (OC) on a Honduran national detainee and a Salvadoran national detaince housed at the MPC in Conroe, Texas. On the same date, the detainees created a disturbance while in their shared cell in the MPC restricted housing unit. The detainees placed one of their issued mattresses against the windows and blocked the view for MPC staff MPC staff gave verbal orders to remove the mattress from the window. The detainees refused to comply with verbal orders and MPC staff deployed a one-second burst of OC into the cell. The detainees complied . with MPC verbal orders and submitted to hand restraints. MPC staff removed the detainees from the cell and escorted them to the decontamination area. The detainees were examined by IHSC medical staff, and no injuries were reported."
487,Use of Force,"ERO Philadelphia, Moshannon Valley Processing Center (MVPC)","Undetermined, pending investigation",2025SIR0002281,"On November 18, 2024, ERO Philadelphia reported the use of force on a Haitian national detainee while housed at MVPC in Philadelphia, Pennsylvania, On November 17, 2024, MVPC staff were called to a unit for a physical altercation between the Haitian national and another detainee. MVPC staff attempted to remove the detainee from the pod, the detainee became atively resistant and combative. MVPC staff were forced to place the detainee on the ground to apply hand and leg restraints to gain compliance. MVPC medical staff assessed the detainee for injunes and determined no injuries were sustained. ERO leadership and the ICE OPR Intake Center was notified."
488,Use of Force,"ERO Philadelphia, Pike County Correctional Facility (PCCF)","Undetermined, pending investigation",2025SIR0002292,"On November 18, 2024, ERO Philadelphia reported the use of force on a Salvadoran detainee while housed at the PCCF in Hawley, Pennsylvania. On November 17, 2024, PCCF staff ordered the detainee to move away from a county inmate's cell. The detainee refused to obey the order, and a different county inmate began to yell at the detainee, resulting in the detainee running into the inmate's cell and began to argue with the inmate. PCCF staff escorted the detainee away from the inmate and x hee common area. The detainee threatened the PCCF staff member and sttempted to headbutt the PCCF staff member, The CF staff placed the detainee on the ground and attempted to place restraints on the detainee. The detainee struck the PCCF staff member in the head and bit an additional PCCF staff member's knee. The PCCF staff secured the detainee in hand and leg restraints and escorted the detainee to the Restricted Housing Unit. A body scan revealed an object in the detainee's mouth, which was an altered domino piece. PCCF medical staff assessed the detainee and provided treatment for an abrasion above his right ankle, a cut above his left ankle, and an abrasion on his forehead. The detainee was placed in the restricted housing: unit pending a disciplinary bearing. Three PCCF staff members sustained minor abrasions from the use of force event. ERO leadership and the ICE OPR Intake Center were notified."
489,Use of Force,"ERO Philadelphia, Pike County Correctional Facility (PCCF)","Undetermined, pending investigation",2025SIR0002361,"On November 19, 2024, ERO Philadelphia reported the use of force on a Liberian national detainee while housed at the PCCF in Hawley, Pennsylvania. On the same date, the detainee was engaged in a physical altercation with another detainee, PCCF staff gave verbal orders to stop fighting. The detainee refused to comply. PCCF staff took the detainee to the ground to gain compliance and apply restraints. PCCF staff escorted the detainee to medical for evaluation. PCCF medical staff evaluated the detainee and reported no injuries. ERO leadership and the ICE OPR Intake Center were notified."
490,Use of Force,"ERO Phoenix, ICE Health Service Corps (IHSC), Eloy Detention Center (EDC)","Undetermined, pending investigation",2025SIR0002352,"On November 19, 2024, ERO Phoenix reported the use of oleoresin capsicum (OC) spray on an Indian national detainee while housed at the EDC in Eloy, Arizona. On November 18, 2024, the detainee was attempting self-harm when EDC staff ordered him to stop, The detainee refused to comply. EDC staff deployed OC spray to gain compliance, entered the cell to apply restraints and escorted the detainee to the shower for decontamination and medical evaluation. THSC medical staff evaluated the detainee and reported no injuries. ERO leadership and the ICE OPR Intake Center were notified."
491,Use of Force,"ERO San Antonio, ICE Health Service Corps (IHSC), T. Don Hutto Detention Center (TDHDC)","Undetermined, pending investigation",2025SIR0002334,"On November 19, 2024, ERO San Antonio reported the use of force on a Mexican national detainee while housed at the TDHDC in Taylor, Texas. On November 18, 2024, the detainee refused to be escorted from K-Pod to a Special Management Unit s a pending investigation. While being escorted, the detainee placed his foot on the wall, to prevent his movement and combative. TDHDC staff used the minimal necessary force to bring the detainee to the ground and place him in hand restraints to gain compliance. IHSC conducted a medical examination of the detainee and reported no injuries. The detainee was relocated to another cell pending a disciplinary investigation. ERO leadership was notified."
492,Use of Force,"ERO Houston, ICE Health Service Corps (IHSC), Montgomery Processing Center (MPC)","Undetermined, pending investigation",2025SIR0002441,"On November 20, 2024, ERO Houston reported the use of oleoresin capsicum (OC) on a Salvadoran national detainee housed at the MPC in Conroe, Texas. On November 18, 2024, the detainee was causing a disturbance from within his assigned cell. The detainee refused orders from MPC staff to exit the cell to allow for repairs to be made. MPC staff utilized OC spray to gain compliance and place the detainee in hand restraints. MPC staff escorted the detainee for decontamination and medical eval- uation. THSC medical staff evaluated the detainee, noting no injuries."
493,Use of Force,"ERO Philadelphia, Moshannon Valley Processing Center (MVPC)","Undetermined, pending investigation",2025SIR0002387,"On November 20, 2024, ERO Philadelphia reported the use of force on an Ecuadorian national detainee while housed at the MVPC in Philipsburg, Pennsylvania. On November 19, 2024, the detainee refused to return to his cell. MVPC staff attempted to escort the detainee back to his cell and the detainee became combative. MVPC staff took the detainee to the ground to gain compliance and apply hand and leg restraints. MVPC staff escorted the detainee to medical for evaluation. MVPC medical staff evaluated the detainee, reporting no injuries. ERO leadership and the ICE OPR Intake Center were notified."
494,Use of Force,"ERO El Paso, ICE Health Service Corps (IHSC), Torrance County Detention Facility (TCDF)","Undetermined, pending investigation",2025SIR0002506,"On November 21, 2024, ERO El Paso reported the use of force on a Venezuelan national while housed at the TCDF in Estancia, New Mexico. On the same date, the detainee became combative in the medical unit by using a chair as a weapon. TCDF staff took the detainee to the floor and applied hand restraints. IHSC medical staff evaluated the detainee and reported no injuries. ERO leadership was notified."
495,Use of Force,"ERO Los Angeles, Santa Ana Sub Office","Undetermined, pending investigation",2025SIR0002475,"On November 21, 2024, ERO Los Angeles reported the use of force on a Mexican national detainee while preparing for removal in Santa Ana, California. On November 20, 2024, the detainee refused to comply with ERO officers orders to be finger- printed. The detainee physically resisted and refused to provide his fingerprints and assumed an aggressive stance. ERO afficers gained control of the detainee, took him to the ground, and applied restraints. While the detainee was restrained, ERO officers effectively collected the right index fingerprint for removal processing. The detainee was escorted to the transportation van and removed to Mexico without further incident. No injuries were reported. ERO leadership and the ICE OPR Intake Center were notified."
496,Use of Force,"ERO Miami, Krome Service Processing Center (KSPC), ICE Health Service Corps (IHSC)","Undetermined, pending investigation",2025SIR0002519,"On November 21, 2024, ERO Miami reported the use of oleoresin capsicum (OC) spray, on a Bahamian national detainee and efeparma ep national detainee while housed at the KSPC in Miami, Florida. On November 20, 2024, the detainees engaged it a physical altercation in the holding cell. KSPC staff gave verbal orders to cease fighting and attempted to intervene by separating the detainees. KSPC staff deployed OC spray to gain compliance. The detainees ceased fighting and were placed in hand restraints and escorted to showers for decontamination. The detainees were examined by IHSC medical staff, and no injuries were reported. KSPC staff did not report any injuries. ERO leadership was notified."
497,Use of Force,"ERO Seattle, ICE Health Service Corps (IHSC), Northwest ICE Processing Center (NWPIC)","Undetermined, pending investigation",2025SIR0002483,"On November 21, 2024, ERO Seattle reported the use of force on a Honduran national detainee while housed at the NWIPC in Tacoma, Washington. On November 20, 2024, the detainee became combative when NWIPC staff attempted escort the detainee from his cell to the medical unit. The detainee began to kick the NWIPC staff. The NWIPC staff carried the detainee to the medical unit cell and applied restraints. IHSC evaluated the detainee and reported no injuries."
498,Use of Force,"ERO Detroit, ICE Health Service Corps (IHSC), Calhoun County Jail (CCJ)","Undetermined, pending investigation",2025SIR0002620,"On November 23, 2024, ERO Detroit, reported the use of force on a Venezuelan national detainee while housed at the CCI in Battle Creek, Michigan. On the same date, the detainee refused CCJ staff orders to stop kicking the cell door. CCJ staff gave the detainee verbal orders to place his hands through the hatch to apply handcuffs, in which he complied; however, be actively resisted. After securing the detainee in handcuffs, CCJ staff entered the cell, gained control of the detainee, and guided him into the restraint chair. As CCJ staff started to secure the detainee's leg to a strap, the detainee spat on CCS staff and physically resisted. To gain control, a CCJ staff member delivered two strikes to the detaince's superficial peroneal while another CCJ staff member delivered three short open hand strikes to the detainee's left brachial plexus tie in to attempt to gain compliance and head control. Upon gaining control, CCJ staff applied a spit mask on the detainee. CCJ medical staff evaluated the detainee and noted no injuries. The detainee informed the CCJ medical staff that he had head, neck, and arm pain. THSC will followup, as necessary. ERO headquarters and the ICE OPR Intake Center were notified."
499,Use of Force,"ERO Miami, Krome Service Processing Center (KSPC), ICE Health Service Corps (IHSC)","Undetermined, pending investigation",2025SIR0002618,"On November 23, 2024, ERO Miami reported the use of oleoresin capsicum (OC) spray, on a Mexican national detainee while housed at the KSPC in Miami, Florida, On November 22, 2024, the detainee damaged the dayroom area television and becoming combative. KSPC staff gave verbal orders to the detainee to cease the belutvior and submit to restraints, which were disregarded. KSPC staff deployed OC spray in the detaince's facial area, however, the behavior continued. Additional KSPC staff responded and placed the detainee in hand restraints. The detainee was escorted to showers for decontamination. The detainee was examined by IHSC staff and noted no injuries. KSPC staff did not report any injuries."
500,Use of Force,"ERO Miami, ICE Health Service Corps (IHSC), Krome Service Processing Center (KSPC)","Undetermined, pending investigation",2025SIR0002622,"On November 23, 2024, ERO Miami reported the use of oleoresin capsicum (OC) spray on a Jamaican national detainee while housed at the KSPC in Miami, Florida. On November 22, 2024, the detainee ignored KSPC verbal commands to return to his assigned area for an evening count. The detain became irate, and began yelling profanities, while also being confronta- tional. KSPC staff ordered the detainee to cease his disruptive behavior and to submit to hand restraints, KSPC staff attempted to apply an escort hold to gain control of the detainee and the detainee pulled away and slapped the KSPC staff's hands. Based on these aggressive actions, a KSPC staff deployed a single burst of OC spray, directed the detainee to the ground and applied hand restraints. While being escorted to the KSPC processing area for decontamination, the detainee became noncompliant and actively resisted. KSPC staff directed the detainee to the ground, applied leg restraints, placed him in a four-point restraint chair and applied a spit mask. Once fully restrained, all use of force ceased. IHSC medical staff assessed the detainee for post use of force and medically cleared him. ERO leadership was notified."
501,Use of Force,"ERO Philadelphia, Moshannon Valley Processing Center (MVPC)","Undetermined, pending investigation",2025SIR0002617,"On November 23, 2024, ERO Philadelphia reported the use of force on a Mexican national detainee while housed at the MVPC in Philipsburg, Pennsylvania. On November 22, 2024, the detainee refused to comply with MVPC staff orders to return the unit phone he had pulled into his cell, MVPC staff placed the detainee on the ground, gained compliance and applied hand and leg restraints. MVPC staff escorted the detainee to medical unit for an evaluation and MVPC medical staff reported the detainee had no injuries. ERO leadership and the ICE OPR Intake Center were notified."
502,Use of Force,"ERO Miami, ICE Health Service Corps (IHSC), Broward Transitional Center (BTC), Fort Lauderdale Behavioral Hospital (FBH)","Undetermined, pending investigation",2025SIR0002624,"On November 24, 2024, ERO Miami reported the use of force on an Israeli national detainee, while housed at the FBH in Oakland Park, Florida. On November 23, 2024, the detainee refused to return two razors provided to him that were unau- thorized in the facility, resisted FBH staff and became combative, causing FBH staff to put the detainee on the floor to gain compliance and retrieve the razors. FBH medical staff assessed the detainee and medically cleared him. No injuries to FBH staff were reported. ERO leadership was notified."
503,Use of Force,"ERO Miami, ICE Health Service Corps (IHSC), Krome Service Processing Center (KSPC)","Undetermined, pending investigation",2025SIR0002627,"On November 24, 2024, ERO Miami reported the use of oleoresin capsicum (OC) spray on a Nicaraguan national detainee, while housed at the KSPC in Miami, Florida. On November 23, 2024, the detainee engaged in a verbal altercation with a KSPC officer, refused multiple verbal commands to submit to hand restraints and return to his assigned cell, and began yelling at KSPC officers, threatening them and began climbing the recreation area fence, causing KSPC officers to deploy OC spray to the detainee's facial area to gain compliance and cause the detainee to cease resisting and submit to the placement of hand restraints. KSPC officers escorted the detainee to the shower area for decontamination, IHSC medical staff assessed the detainee and medically cleared him. KSPC officers did not report any injuries. KSPC management will initiate disciplinary procedures against the detainee in relation to this incident. ERO leadership was notified,"
504,Use of Force,"ERO Miami, Krome Service Processing Center (KSPC), ICE Health Service Corps (IHSC)","Undetermined, pending investigation",2025SIR0002650,"On November 24, 2024, ERO Miami reported the use of force on a Nicaraguan national detainee while housed at the KSPC in Miami, Florida. On November 23, 2024, the detainee failed to comply with commands from KSPC officers in the Special Management Unit (SMU) to stop attempting to cover a CCTV camera and step down off a table. The detainee began yelling at the KSPC officers and jumped off the table, hitting his face on the floor. The detainee complied with KSPC officers to sit in a four-point restraint chair, and KSPC officers applied restraints securing his upper extremities. IHSC medical staff medically cleared the detainee. No injuries to KSPC officers were reported. KSPC management will initiate disciplinary procedures against the detainee in relation to this incident. ERO leadership was notified."
505,Use of Force,"ERO Philadelphia, Moshannon Valley Processing Center (MVPC)","Undetermined, pending investigation",2025SIR0002646,"On November 24, 2024, ERO Philadelphia reported the use of force on a Mexican national detainee while housed at the MVPC in Philipsburg, Pennsylvania. On November 23, 2024, the detainee became non-compliant in a medical exam room, causing MVPC officers to place the detainee on the floor and apply hand and leg restraints to gain compliance. MVPC medical staff assessed the detainee and determined no significant injuries were sustained. ERO leadership and the ICE OPR Intake Center were notified."
506,Use of Force,"ERO San Antonio, ICE Health Service Corps (IHSC), South Texas ICE Processing Center (STIPC)","Undetermined, pending investigation",2025SIR0002634,"On November 24, 2024, ERO San Antonio reported the use of oleoresin capsicum (OC) spray on a Haitian national detainee, while housed at the STIPC in Pearsall, Texas. On November 23, 2024, the detainee began throwing a chair on a multipurpose room window and banging his head on the window, causing STIPC officers to administer a burst of OC spray to prevent further injury and gain compliance. STIPC officers escorted the detainee to the shower area for decontamination. IHSC staff medically cleared the detainee. STIPC officers did not report any injuries. ERO leadership was notified."
507,Use of Force,"ERO San Antonio, ICE Health Service Corps (IHSC), T. Don Hutto Detention Center (TDHDC)","Undetermined, pending investigation",2025SIR0002636,"On November 24, 2024, ERO San Antonio reported the use of force on a Venezuelan national detainee while housed at the TDHDC in Taylor, Texas. On November 23, 2024, while receiving medication from TDHDC medical staff turned toward 2 TDHDC officer, threw water at the officer and grabbed the TDHDC officer's arm, causing additional TDHDC officers to fespand and place the detainee on the floor and apply hand restraints. The detainee bit a TDHDC officer's left hand but did not break skin, TDHDC officers escorted the detainee to the medical unit for evaluation. IHSC medical staff medically cleared the detainee. The detainee was placed in the Special Management Unit (SMU). ERO leadership was notified."
508,Use of Force,"ERO New Orleans, Winn Correctional Center (WCC), ICE Health Service Corps (IHSC)","Undetermined, pending investigation",2025SIR0002737,"On November 26, 2024, ERO New Orleans reported the use of oleoresin capsicum (OC) spray on a Russian national detainee while housed at the WCC in Winnfield, Louisiana. On the same date, the detainee took actions of self-harm by superficially cutting his left forearm after refusing all orders by WCC staff. The detainee continued to refuse WCC staff orders and pro- . ceeded to hold a razor blade making gestures of self-harm. The detainee failed to comply with WCC staff orders to drop the razor blade, causing WCC staff to administer a burst of OC spray in the detainee's cell to gain compliance and apply hand restraints. WCC staff escorted the detainee to the shower for decontamination and to medical for evaluation. Medical staff evaluated the detainee, noting three superficial lacerations to his left forearm. The detainee was medically cleared and taken to the segregation management unit under suicide watch. ERO leadership and the ICE OPR Intake Center were notified."
509,Use of Force,"ERO El Paso, ICE Health Service Corps (IHSC), El Paso Processing Center (EPC)","Undetermined, pending investigation",2025SIR0002799,"On November 27, 2024, ERO El Paso reported the use of force on a Venezuelan national detaince while housed at the EPC in El Paso, Texas. On November 26, 2024, the detainee displayed belligerent behavior and refused to comply with EPC staff orders. The detainee cursed and made hand gestures to EPC staff. EPC staff attempted to escort the detainee, when the detainee pushed and struck an EPC staff member on the right cheek of the face. EPC staff performed a takedown and placed the detainee on the floor. EPC staff applied restraints and escorted the detainee to the processing area. THSC medical staff conducted a medical assessment on the detainee and reported no injuries. ERO El Paso and IHSC staff will continue to monitor the detainee and provide updates as necessary. ERO leadership was notified."
510,Use of Force,"ERO El Paso, El Paso Processing Center (EPC), ICE Health Service Corps (IHSC)","Undetermined, pending investigation",2025SIR0002800,"On November 27, 2024, ERO El Paso reported the use of force on a Venezuelan national detainee while housed at the EPC in El Paso, Texas. On the same date, the detainee refused to return to his cell after refusing to speak to the disciplinary committee. The detainee spat on an EPC staff member, which led to EPC staff to take the detainee to the ground, apply hand restraints and gain compliance. IHSC medical staff evaluated the detainee and reported no injuries. ERO leadership was notified."
511,Use of Force,"ERO El Paso, ICE Health Service Corps (IHSC), El Paso Processing Center (EPC)","Undetermined, pending investigation",2025SIR0002824,"On November 28, 2024, ERO El Paso reported the use of force on a Venezuelan national detainee while housed at the EPC im El Paso, Texas. On November 27, 2024, the detainee refused to comply EPC staff orders to adjust his uniform. The detainee responded with vulgar language. EPC staff attempted to apply a come-along escort technique, and the detainee resisted. EPC staff performed a takedown and assisted the detainee to the floor. EPC staff gained control of the detainee, applied restraints, and escorted him to the processing area. IHSC medical staff conducted ¬ª medical assessment of the detainee and determined that the detainee sustained a laceration to the right wrist, soreness and scratches to the right side of his face by the eyebrow area. ERO leadership was notified."
512,Use of Force,"ERO Los Angeles, Desert View Facility (DVF)","Undetermined, pending investigation",2025SIR0002859,"On November 30, 2024, ERO Los Angeles reported the deployment of oleoresin capsicum (OC) spray on a Canadian national detainee and a Guatemalan national detainee while housed at the DVF in Adelanto, California. On November 29, 2024, DVF staff observed the two detainees engage in a physical altercation in the dormitory. The detainees complied with orders by DVF staff to stop fighting and DVF staff applied mechanical restraints. The Canadian national began spitting on and kneeing DVF staff while being escorted to another unit, causing the DVF staff officers to fall to the floor. The detainee failed to obey multiple verbal commands by DVF staff to stop, causing DVF staff to deploy a once second burst of OC spray to regain compliance. DVF staff escorted both detainees to medical assessment, and the Canadian national was decontaminated. DVF medical staff reported both detainees sustained marks to their face and body consistent with that of a physical altercation and were medically cleared. No injuries were reported by DVF staff. ERO leadership was notified."
513,Use of Force,"ERO Miami, Baker County Detention Center (BCDC)","Undetermined, pending investigation",2025SIR0002836,"On November 30, 2024, ERO Miami reported the deployment of oleoresin capsicum (OC) spray on a Mexican national detainee and a Mauritanian national detainee while housed at the BCDC in MacClenny, Florida. On November 28, 2024, BCDC staff observed the two detainees engage in a physical altercation in the dormitory. The detainees failed to respond to multiple verbal commands by BCDC staff to stop fighting, causing BCDC staff to deploy OC spray in order to gain compliance and apply hand restraints. BCDC staff escorted the detainees for decontamination and to the BCDC medical unit for medical examination and reported no injuries. ERO leadership was notified."
514,Use of Force,"ERO Miami, ICE Health Service Corps (IHSC), Krome Service Processing Center (KSPC)","Undetermined, pending investigation",2025SIR0002875,"On December 1, 2024, ERO Miami reported the use of oleoresin capsicum (OC) spray on two Cuban national detainees and a Jamaican national detainee, while housed at the KSPC in Miami, Florida. On November 30, 2024, the detainees engaged in a physical altercation in the cafeteria and refused multiple verbal commands by KSPC staff to stop fighting, causing KSPC staff to deploy OC spray to gain compliance. All detainees ceased fighting, disengaged, and submitted to the placement of hand restraints. Five other detainees in the vicinity received collateral exposure to the OC spray. KSPC staff escorted all detainees exposed to OC to the shower area for decontamination. All exposed detainees were assessed by IHSC medical staff and medically cleared. KSPC officers who were exposed to OC spray did not report any injuries. KSPC management will initiate disciplinary procedures against the three detainees in relation to this incident. ERO leadership was notified."
515,Use of Force,"ERO Harlingen, El Valle Detention Facility (EVDF)","Undetermined, pending investigation",2025SIR0002902,"On December 2, 2024, ERO Harlingen reported the use of force on a Salvadoran national detainee while housed at EVDF in Raymondville, Texas. On December 1, 2024, the detainee became argumentative and damaged equipment. EVDF staff apply hand and leg restraints. EVDF staff escorted the detainee to EVDF medical and reported no injuries. ERO leadership was reported."
516,Use of Force,"ERO San Antonio, ICE Health Service Corps (IHSC), South Texas ICE Processing Center (STIPC)","Undetermined, pending investigation",2025SIR0003023,"On December 4, 2024, ERO San Antonio reported the use of force on a Venezuelan national detainee while housed at STIPC in Pearsall, Texas. On December 3, 2024, the detainee engaged in a verbal confrontation with a Nicaraguan national detainee then physically assaulted him by kicking and striking with a closed fist in the legs and face, STIPC staff responded, performed a takedown on the Venezuelan national detainee, applied hand restraints, and escorted the detainee to medical for evaluation. IHSC medical staff noted no injuries to either detainee and STIPC staff."
517,Use of Force,"ERO Seattle, ICE Health Service Corps (IHSC), Northwest ICE Processing Center (NWPIC)","Undetermined, pending investigation",2025SIR0003063,"On December 4, 2024, ERO Seattle reported the use of force on a Honduran national detainee while housed at the NWIPC in Tacoma, Washington. On November 30, 2024, the detainee refused verbal orders from NWIPC staff to submit to restraints while being removed from his cell after starting a fire. NWIPC staff carried the detainee out of the cell and placed him on the floor to apply hand and leg restraints. IHSC medical staff evaluated the detainee and reported no injuries."
518,Use of Force,"ERO Houston, ICE Health Service Corps (IHSC), Montgomery Processing Center (MPC), Conroe Police Department (CPD)","Undetermined, pending investigation",2025SIR0003082,"On December 5, 2024, ERO Houston reported the use of force on an Afghani national detainee, while housed at the MPC in Conroe, Texas. On December 4, 2024, while being escorted, the detainee assaulted a MPC staff member by kicking them. MPC staff initiated a hard technique to get the detainee to the ground. THSC medical staff responded, conducted a physical assessment, and cleared the detainee of injuries. ERO leadership and CPD were notified."
519,Use of Force,"ERO Houston, Joe Corley Processing Center (JCPC)","Undetermined, pending investigation",2025SIR0003137,"On November 6, 2024, ERO Houston reported the use of force on a Brazilian national detainee while housed at the JCPC in Conroe, Texas. On December 5, 2024, the detainee became aggressive and refused to leave the intake area. JCPC staff attempted to place the detainee on the wall to gain compliance, but the detainee fled, jumped on the benches, and refused to comply with JCPC commands to stop the behavior. JCPC staff took the subject to the ground and applied leg and hand restraints. JCPC staff escorted the detainee to the medical unit for an evaluation and determined that he needed treatment beyond first aid at local ER due to swelling of the right eye. ERO leadership was notified."
520,Use of Force,"ERO Seattle, ICE Health Service Corps (IHSC), Northwest ICE Processing Center (NWPIC)","Undetermined, pending investigation",2025SIR0003168,"On December 6, 2024, ERO Seattle reported the use of force on a Canadian national detainee while housed at the NWIPC in Tacoma, Washington. On the same date, the detainee left the medical examination unit and ran past NWIPC staff to enter an unauthorized area. The detainee physically resisted NWPIC staff's attempt to regain contro! by holding onto a desk to prevent movement. The detainee was ultimately removed from the desk, placed in restraints, and escorted by NWIPC staff to her assigned housing unit. IHSC medical staff evaluated the detainee and reported no injuries. ERO leadership was notified."
521,Use of Force,"ERO Seattle, ICE Health Service Corps (IHSC), Northwest ICE Processing Center (NWPIC)","Undetermined, pending investigation",2025SIR0003174,"On December 6, 2024, ERO Seattle reported the use of force on a Honduran national detainee while housed at the NWIPC in Tacoma, Washington. On December 5, 2024, the detainee attempted self-harm by tying a sheet like a noose and placed it around his neck while in his cell in the restricted housing unit. NWIPC staff gave the detainee verbal commands to surrender his clothing and be placed in a suicide smock, the detainee resisted and NWIPC staff members assisted the detainee to the ground, applied restraints and escorted the detainee to the medical housing unit. IHSC medical evaluated the detainee and reported no injuries. ERO leadership was notified."
522,Use of Force,"ERO Miami, Baker County Detention Center (BCDC)","Undetermined, pending investigation",2025SIR0003204,"On December 7, 2024, ERO Miami reported the use oleoresin capsicum (OC) spray on a Mexican national detainee and a Haitian national detainee while housed at the BCDC in MacClenny, Florida. On December 6, 2024, BCDC staff observed the detainees engaged in a physical altercation, when BCDC officers gave the detainees verbal commands to stop but they refused to comply. BCDC staff deployed a single burst of OC spray in the general area where both detainees were fighting. The detainees ceased all resistance and submitted to being placed in hand restraints. BCDC staff escorted the detainees to the shower area for decontamination. BCDC medical unit examined and evaluated the detainees. No injuries to the detainee or BCDC staff members were reported. BCDC staff initiated disciplinary procedures against the detainee."
523,Use of Force,"ERO San Antonio, T. Don Hutto Detention Center (TDHDC), ICE Health Service Corps (IHSC)","Undetermined, pending investigation",2025SIR0003213,"On December 7, 2024, ERO San Antonio reported the use of oleoresin capsicum (OC) spray on 4 Mexican national detainee while housed at the TDHDC in Taylor, Texas. On December 6, 2024, TDHDC staff received a tip that the detainee was con- cealing a makeshift weapon in his cell and attempted to conduct a search. TDHDC staff gave verbal orders for the detainee to exit the cell and submit to hand restraints, the detainee refused, TDHDC staff members deployed one burst of OC spray, gained compliance and applied hand restraints. TDHDC staff escorted the detainee for decontamination and medical evaluation. THSC reported no injuries. The search of the cell did not reveal any weapons but found contraband in the cell. ERO leadership was notified."
524,Use of Force,"ERO Miami, ICE Health Service Corps (IHSC), Krome Service Processing Center (KSPC)","Undetermined, pending investigation",2025SIR0003234,"On December 8, 2024, ERO Miami reported the use of force on a Cuban national detainee while housed at the KSPC in Miami, : Florida. On December 7, 2024, the detainee urinated in the feeding area inside the KSPC cafeteria. KSPC staff instructed the detainee to cease urinating and submit for placement of hand restraints, which he refused to comply, and actively resisted KSPC staff members attempts to place him in hand restraints. KSPC staff redirected the detainee to the ground for placement of hand restraints. While on the ground, the detainee continued to actively resist. Despite resistance, KSPC staff was able to apply hand restraints. Once restrained, all use of force ceased. IHSC medical staff assessed the detainee, post use of force, and medically cleared him. KSPC staff involved in the incident did not report any injuries. KSPC management will initiate disciplinary procedures against the detainee in relation to this incident."
525,Use of Force,"ERO Houston, ICE Health Service Corps (IHSC), Joe Corley Processing Center (JCPC)","Undetermined, pending investigation",2025SIR0003353,"On December 10, 2024, ERO Houston reported the use of force on a Nicaraguan national detainee housed at the JCPC in Conroe, Texas, On December 9, 2024, the detainee refused orders from JCPC staff to enter the suicide watch cell due to a suicide attempt earlier in the day. JCPC staff placed the detainee in restraints, put him on a gurney, and transported him to the suicide cell. The detainee was examined by IHSC staff and noted no injuries. ERO leadership was notified."
526,Use of Force,"ERO Miami, Krome Service Processing Center (KSPC), ICE Health Service Corps (IHSC)","Undetermined, pending investigation",2025SIR0003336,"On December 10, 2024, ERO Miami reported the use of force on a Brazilian national detainee while housed at the KSPC in Miami, Florida. On December 9, 2024, the detainee became upset with KSPC staff during an escort to his housing unit. KSPC staff gave the detainee multiple verbal commands to cease his behavior and continue walking. The detainee verbalized threats to the KSPC staff, and became actively resistant, moving away from the KSPC staff's escort. KSPC staff assisted the detainee to the ground to gain compliance and apply hand restraints. IHSC medical staff evaluated the detainee and reported no injuries. ERO leadership was notified."
527,Use of Force,"ERO Harlingen, El Valle Detention Facility (EVDF)","Undetermined, pending investigation",2025SIR0003422,"On December 11, 2024, ERO Harlingen reported the use of force on a Venezuelan national detainee while housed at EVDF in Raymondville, Texas. On December 11, 2024, the detainee became noncompliant with EVDF staff orders to enter a medical observation room. EVDF staff utilized hand techniques, gained control, and apply hand/leg restraints. EVDF staff escorted the detainee to medical for post use-of-force medical evaluation and clearance. EVDF medical did not report any injuries to the detainee or EVDF staff."
528,Use of Force,"ERO New York, ICE Health Service Corps (IHSC), Buffalo Federal Detention Facility (BFDF)","Undetermined, pending investigation",2025SIR0003504,"On December 12, 2024, ERO New York reported the use of oleoresin capsicum (OC) spray on a Guatemalan national detainee while housed at the BFDF in Batavia, New York. On December 11, 2024, the detainee was involved in an altercation with other detainees. BFDF staff gave verbal orders for the detainee to cease the aggressive behavior and comply with commands, the detainee refused to comply. BFDF staff deployed OC spray to gain compliance and to apply hand restraints. IHSC medical staff evaluated the detainee and reported no injuries."
529,Use of Force,"ERO San Antonio, ICE Health Service Corps (IHSC), South Texas ICE Processing Center (STIPC)","Undetermined, pending investigation",2025SIR0003505,"On December 12, 2024, ERO San Antonio reported the use of oleoresin capsicum (OC) spray on a Mexican national detainee, while housed at the STIPC in Pearsall, Texas. On the same date, the detainee was observed conducting self-harm. STIPC staff administered two bursts of OC spray and applied hand restraints to prevent further injury and to gain compliance. STIPC staff escorted the detainee to the showers for decontamination. IHSC medical staff assessed the detainee, observed superficial cuts, and medically cleared him. STIPC staff did not report any injuries. ERO leadership was notified."
530,Use of Force,"ERO Washington D.C., Farmville Detention Center (FDC)","Undetermined, pending investigation",2025SIR0003430 / 2025SIR0003433 / 2025SIR0003445 / 2025SIR0003446 / 2025SIR0003447 / 2025SIR0003468,"On December 12, 2024, ERO Washington, D.C. reported the use of oleoresin capsicum (OC) spray on six detainees, a Mexican national, a Salvadoran national, a Guatemalan national, a Sudanese national, an Iraqi national, and a Nicaraguan national while housed at the FDC in Farmville, Virginia. On December 5, 2024, FDC staff issued a Code Red in Dormitory #4 after observing a verbal altercation between two detainees. The verbal altercation turned into a large-scale physical altercation | amongst multiple detainees and FDC staff responded. Multiple FDC staff deployed OC spray to gain control of the incident and compliance. FDC medical staff evaluated and medically cleared the detainees involved. FDC staff placed the detainees. in the restricted housing unit (RHU) pending further investigation into the physical altercation. ERO leadership and the ICE OPR Intake Center were notified."
531,Use of Force,"ERO Seattle, ICE Health Service Corps (IHSC), Northwest ICE Processing Center (NWPIC)","Undetermined, pending investigation",2025SIR0003566,"On December 13, 2024, ERO Seattle reported the use of force on a Nicaraguan national detainee while housed at the NWIPC in Tacoma, Washington. On the same date, the detainee refused staff orders to surrender to restraints to be relocated to intake for an investigation regarding an altercation among detainees. The detainee became resistant and combative. NWIPC staff placed the detainee on the ground to gain control, applied restraints, and escorted him to the restricted housing unit. THSC medical staff evaluated the detainee and reported no injuries to neither the detainee nor to the NWIPC staff involved. ERO leadership was notified."
532,Use of Force,"ERO Houston, ICE Health Service Corps (IHSC), Montgomery Processing Center (MPC)","Undetermined, pending investigation",2025SIR0003580,"On December 14, 2024, ERO Houston reported the use of oleoresin capsicum (OC) spray on a Salvadoran national detainee and a Guatemalan national detainee housed at the MPC in Conroe, Texas. On December 13, 2024, the detainees were causing a disturbance from within their assigned cells and refused orders from MPC staff to remove their arms from the food tray slots. MPC staff utilized OC spray to gain compliance and placed the detainees in hand restraints. MPC staff escorted the detainees for decontamination and medical evaluation. IHSC medical staff evaluated the detainees, noting no injuries."
533,Use of Force,"ERO San Antonio, ICE Health Service Corps (IHSC), T. Don Hutto Detention Center (TDHDC)","Undetermined, pending investigation",2025SIR0003581,"On December 14, ERO San Antonio reported the use of force on a Guatemalan national detainee while housed at the TDHDC in Taylor, Texas. On December 13, 2024, the detainee refused to follow verbal commands to pass through the metal detector and kicked TDHDC staff member, causing TDHDC staff to call for additional staff members to assist with putting the detainee on the floor and applying hand restraints. IHSC evaluated the detainee and reported no injuries."
534,Use of Force,"ERO Seattle, ERO Tacoma, ICE Health Service Corps (IHSC), Northwest ICE Processing Center (NWPIC)","Undetermined, pending investigation",2025SIR0003643,"On December 16, 2024, ERO Seattle reported the use of force on a Colombian national detainee while housed at the NWIPC in Tacoma, Washington. On December 15, 2024, the detainee refused NWIPC staff orders to remove the window coverings during an inspection of his cell and refused to submit to hand restraints. NWIPC staff entered his cell and pinned the detainee to the ground to gain control and apply restraints. IHSC evaluated the detainee and reported no injuries. Two NWIPC staff members sustained injuries during the incident. ERO leadership was notified."
535,Use of Force,"ERO El Paso, ICE Health Service Corps (IHSC), Otero County Processing Center (OCPC), Del Sol Medical Center","Undetermined, pending investigation",2025SIR0003699,"On December 17, 2024, ERO El Paso reported the use of force on a Venezuelan national detainee while housed at the OCPC in Chaparral, New Mexico. On December 16, 2024, the detainee refused to comply with orders given by OCPC staff to step outside into the hallway. The detainee ignored the request, and the Incident Command System was activated. The detainee actively resisted OCPC staff who attempted to apply a come-along escort technique. OCPC staff performed a takedown and placed the detainee on the floor. The detainee kicked one OCPC staff member in the head before OCPC staff gained control of the detainee, applied restraints, and escorted him to the Restrictive Housing Unit. THSC conducted a medical assessment on the detainee and determined that detainee would be sent to Del Sol Medical Emergency Room to nule out possible nb fracture. ERO FI Paso and IHSC staff will continue to monitor the detainee and provide updates, as necessary. ERO leadership was notified."
536,Use of Force,"ERO New Orleans, ICE Health Service Corps (IHSC), Oakdale Processing Center (OPC), River Correctional Center (RCC)","Undetermined, pending investigation",2025SIR0003846,"On December 19, 2024, ERO New Orleans reported the use of oleoresin capsicum (OC) spray on two Russian national detain- ees, four Tajikistanis national detainees, and two Uzbekistanis national detainees, housed at the OPC in Fernday, Louisiana. On December 18, 2024, RCC staff reassigned a detainee to another dorm for being non-complaint towards staff. Upon removing the detainee from the dorm, eight other detainees picked up a bench and began using it as a battering ram against the dorm door. RCC staff responded to the incident and gave several verbal orders to cease. The detainees refused all orders, and ROC staff deployed a one second burst of OC into the dorm. The detainees then complied, and RCC staff secured the area. The detainees were taken to medical, where they were examined, decontaminated, and cleared of any injunes. THSC will continue to monitor his medical condition. ERO leadership and ICE OPR Intake Center were notified."
537,Use of Force,"ERO Seattle, ICE Health Service Corps (IHSC), Northwest ICE Processing Center (NWPIC)","Undetermined, pending investigation",2025SIR0003842,"On December 19, 2024, ERO Seattle reported the use of force on a Honduran national detainee while housed at the NWIPC in Tacoma, Washington. On the same date, the detainee refused NWIPC staff orders and became resistant and combative. NWIPC staff placed the detainee on the ground to gain control and placed him in a chair until he calmed down. IHSC evaluated the detainee for injuries and reported no injuries to neither the detainee nor to the NWIPC staff involved. ERO leadership was notified."
538,Use of Force,"ERO Phoenix, Central Arizona Florence Correctional Complex (CAFCC)","Undetermined, pending investigation",2025SIR0003953,"On December 21, 2024, ERO Phoenix reported the use of oleoresin capsicum (OC) on a Honduran national detainee while housed at the CAFCC in Florence, Arizona. On the same date, CAFCC staff deployed an intermediate use OC spray on the detainee through a cell door food port, to stop him from committing self-harm by hitting his head against the cell door. The detainee refused verbal commands to comply with directives and refused submission to restraints. CAFCC staff then entered ~ the detaince's cell and applied restraints. CAFCC medical staff then cleared the detainee of any significant injuries. The detainee refused decontamination and CAFCC staff retumed him to his restrictive housing unit. ERO leadership was notified."
539,Use of Force,"ERO Miami, ICE Health Service Corps (IHSC), Krome Service Processing Center (KSPC)","Undetermined, pending investigation",2025SIR0003979,"On December 22, 2024, ERO Miami reported the use of force on a Cuban national detainee while housed at the KSPC in Miami, Florida. On the same date, KSPC staff instructed the detainee prepare for transfer to the KSPC medical housing unit, and the detainee stated that he would not comply and then placed himself on the ground. KSPC staff attempted to place him into hand restraints at which point he became combative. To gain compliance, KSPC staff attempted to place him into a 4-point restraint chair, but he actively resisted placement by dropping his body weight. KSPC staff placed a spit mask on the detainee and proceeded to utilize the minimal amount of force needed to involuntarily lift and secure him into the 4-point restraining chair. Once secured in the 4-point restraint chair, all use of force ceased. IHSC medical staff assessed the detainee for post use of force and medically cleared him. A KSPC staff member reported a non-assault inflicted postural strain to her nght hand and arm. The KSPC staff member accepted to be transferred to a local hospital emergency room for treatment. KSPC management will initiate disciplinary procedures against the detainee in relation to this incident. ERO leadership was notified. ,"
540,Use of Force,"ERO Seattle, Northwest ICE Processing Center (NWPIC)","Undetermined, pending investigation",2025SIR0003962,"On December 22, 2024, ERO Seattle reported the use of force on a Honduras national detainee while housed at the NWIPC in Tacoma, Washington. On December 21, 2024, the detainee was causing self-harm. NWIPC staff attempted to place the detainee into restraints, at which time he became combative and continued self-harming behavior. NWIPC staff escorted the detainee to medical holding cell, where he slammed his head into a wall, and received a cut to his forehead. NWIPC staff transported the detainee to a local hospital for evaluation and treatment. The detainee became aggressive and combative towards NWIPC and hospital staff. NWIPC performed a takedown and held the detainee on the floor until hospital security arrived to assist. During the use of force incident, the detainee spit in the face of two NWIPC staff members. The detainee was discharged from the hospital and transported back to NWIPC without further incident. ERO leadership was notified."
541,Use of Force,"ERO Miami, ICE Health Service Corps (IHSC), Krome Service Processing Center (KSPC)","Undetermined, pending investigation",2025SIR0004014,"On December 23, 2024, ERO Miami reported the use of force on a Haiti national detainee while housed at the KSPC in Miami, Florida. On the same date, KSPC staff directed the detainee to submit to restraints, at which time he became combative and physically grabbed KSPC staff by their sleeves to subdue them. KSPC staff placed the detainee onto the floor and into restraints to gain control The detainee was escorted to IHSC medical for evaluation and sent to hospital for mental evaluation. ERO leadership was notified."
542,Use of Force,"ERO San Antonio, ICE Health Service Corps (IHSC), T. Don Hutto Detention Center (TDHDC)","Undetermined, pending investigation",2025SIR0003993,"On December 23, 2024, ERO San Antonio reported the use of oleoresin capsicum (OC) spray on a Nicaragua national detainee while housed at the TDHDC in Taylor, Texas. On December 22, 2024, the detainee refused to follow verbal commands to submit to hand restraints after breaking a plastic chair in their cell. TDHDC staff deployed OC spray into the cell resulting in thejdetainee submitting to hand restraints. The detainee was decontaminated and escorted to IHSC medical for evaluation. The detainee refused all medical assistance and was placed in the special management unit. ERO leadership was notified."
543,Use of Force,"ERO San Antonio, ICE Health Service Corps (IHSC), South Texas ICE Processing Center (STIPC)","Undetermined, pending investigation",2025SIR0004059,"On December 24, 2024, ERO San Antonio reported the use of force on a Honduran national detainee while housed at STIPC in Pearsall, Texas. On the same date, the detainee exited his assigned housing area in an unauthorized manner. STIPC staff gave the detainee verbal commands to cease the behavior, assisted him to the ground and applied hand restraints. STIPC staff escorted the detainee to medical for evaluation. IHSC staff noted no injuries."
544,Use of Force,"ERO Philadelphia, Moshannon Valley Processing Center (MVPC)","Undetermined, pending investigation",2025SIR0004071,"On December 25, 2024, ERO Philadelphia reported the use of force on a Chinese national detainee housed at the MVPC in Philipsburg, Pennsylvania. On December 24, 2024, MVPC staff were called to medical due to the detainee stating to the nurse that he was going to harm himself and refusing to submit to being placed in a suicide smock. MVPC staff responded and were forced to place the detainee on the ground to apply hand and leg restraints. Once MVPC staff secured the detainee, they cut off his clothing and placed him into a suicide smock. MVPC medical staff attempted to evaluate the detainee for injuries, but he refused. ERO leadership and the ICE OPR Intake Center were notified."
545,Use of Force,"ERO Phoenix, ICE Health Service Corps (IHSC), Eloy Detention Center (EDC), Banner Casa Grande Medical Center (BCGMC)","Undetermined, pending investigation",2025SIR0004067,"On December 25, 2024, ERO Phoenix reported the use of oleoresin capsicum (OC) spray on two Mexican national detainees while housed at the EDC in Eloy, Arizona. On December 24, 2024, the detainees refused to follow verbal commands to stop fighting and submit to hand restraints. EDC staff deployed OC spray on the detainees to gain compliance. The detainees complied and submitted to hand restraints. Both detainees refused decontamination and EDC staff escorted medical for eval-_ uation. IHSC evaluated the detainees and cleared one of them of injuries. EDC staff escorted the detainees to restrictive housing. The other detaince sustained a small laceration over his eye resulting from the fight. EDC staff transported the injured detainee to the BCGMC in Casa Grande, Arizona. The detainee was transported back to EDC after treatment from BCGMC. IHSC medically cleared the detainee and EDC staff escorted him to restrictive housing. ERO leadership was notified."
546,Use of Force,"ERO Miami, Krome Service Processing Center (KSPC), Larkin Community Hospital - Behavioral Health  Services (LCH-BHS)","Undetermined, pending investigation",2025SIR0004119,"On December 27, 2024, ERO Miami reported the use of force on a Honduran national detainee while housed at the LCH-BHS in Hollywood, Florida. On the same date, KSPC staff gave verbal command to the detainee to cease his disruptive behavior. The detainee did not comply and tried to walk out of his assigned housing unit. KSPC staff attempted to place hand restraints on the detainee to gain compliance to escort back to the housing unit. The detainee aggressively resisted and struck a KPSC staff member in the head with the hand restraint. KPSC staff put the detainee on the ground to gain compliance and apply hand restraints. LCH-BHS medical staff evaluated the detainee, reporting no injuries. ERO leadership was notified."
547,Use of Force,"ERO Philadelphia, Moshannon Valley Processing Center (MVPC)","Undetermined, pending investigation",2025SIR0004115,"On December 28, 2024, ERO Philadelphia reported the use of force on a Nicaraguan national detainee while housed at the MVPC in Philipsburg, Pennsylvania. On December 27, 2024, the detainee became non-complaint as he was being escorted to a special management unit bearing. MVPC staff placed the detainee on the ground and applied hand and Jeg restraints. MVPC medical staff assessed the detainee and determined no significant injuries were sustained. ERO leadership and the ICE OPR Intake Center were notified."
548,Use of Force,"ERO Miami, Krome Service Processing Center (KSPC)","Undetermined, pending investigation",2025SIR0004136,"On December 29, 2024, ERO Miami reported the use of force on a Venezuelan national detainee while housed at the KSPC in Miami, Florida. On the same date, while conducting a mass search in house, a KSPC officer observed contraband in the detainee's hand. The KSPC officer attempted to retrieve the contraband from the detainee, but he refused by walking away and ignored verbal commands to surrender the contraband. The KSPC officer applied a custodial touch to detainee's right upper arm when he abruptly pulled away from his grasp. The detainee attempted to strike the KSPC officer with a closed fist to the chest area, but did not make contact. KSPC officers redirected the detainee to the floor and secured him by placing him in hand restraints. Once restrained, all force ceased. KSPC officers involved in this incident did not report any injuries. KSPC management will initiate disciplinary procedures against the detainee in relation to this incident. KSPC management will initiate disciplinary procedures against the detainee in relation to this incident. ERO leadership was notified."
549,Use of Force,"ERO New Orleans, River Correctional Center (RCC)","Undetermined, pending investigation",2025SIR0004132,"On December 29, 2024, ERO New Orleans reported the use of oleoresin capsicum (OC) spray on an Egyptian national detainee housed at the RCC in Ferriday, Louisiana. On December 28, 2024, the detainee attempted to force his way out of his cell in the segregation unit after an RCC officer unlocked the door to remove a laundry cart. RCC officers gave several verbal orders to cease his actions, all of which he refused. RCC officers deployed a burst of OC spray to the detainee, and he still refused to comply. RCC officers then initiated a second burst of OC spray to the detainee, and he complied. RCC officers secured the cell door and attempted to place hand restraints on the detainee after the incident. The detainee refused to submit to hand restraints, and to be escorted to medical for evaluation and decontamination. RCC medical staff evaluated the detainee at his cell and reported no injuries. RCC medical staff also evaluated RCC staff and reported no injuries. ERO leadership and ICE OPR Intake Center were notified."
550,Use of Force,"ERO Miami, ICE Health Service Corps (IHSC), Krome Service Processing Center (KSPC)","Undetermined, pending investigation",2025SIR0004167,"On December 30, 2024, ERO Miami reported the use of force on a Nicaraguan national detainee while housed at the KSPC in Miami, Florida. On the same date, while being escorted to the recreation area, the detainee engaged in a physical altercation with a Jamaican national detainee. A KSPC officer gave them multiple verbal commands to cease fighting, to no avail. Additional KSPC officers arrived at the site to de-escalate the situation and to separate both detainees. The detainee resisted the KSPC officers attempt to separate them and struck a KSPC officer in the face multiple times. Due to detainee's violent behavior and to create distance, the KSPC officer used strikes to gain control. Once additional KSPC officers arrived, they were able to de-escalate the situation and place the detainee in hand restraints. Once restrained, all use of force ceased. IHSC medical staff assessed the detainee for post use of force and medically cleared him. KSPC officers involved in the incident did not report any injuries. KSPC management will initiate disciplinary procedures against the detainee in relation to this incident. ERO leadership was notified."
551,Use of Force,"ERO San Francisco, ICE Health Service Corps (IHSC), Golden State Annex (GSA)","Undetermined, pending investigation",2025SIR0004163,"On December 30, 2024, ERO San Francisco reported the use of oleoresin capsicum (OC) spray on a Mexican national detainee while housed at the GSA in McFarland, California. On the same date, the detainee became combative and non-compliant. The detainee struck the GSA officer with a closed fist on top of the head in the main corridor while being escorted back to his cell. Several GSA officers responded which resulted in a GSA officer utilizing a burst of OC spray to gain compliance. After exposure to the OC spray, the detainee became compliant, and GSA officers were able to restrain the detaince using minimal amount of force. GSA officers escorted the detainee to the medical unit for decontamination. GSA medical staff cleared the detainee for restricted housing unit placement. ERO leadership and IHSC were notified."
552,Use of Force,"ERO Dallas, Bluebonnet Detention Center (BBDC)","Undetermined, pending investigation",2025SIR0004196,"On December 31, 2024, ERO Dallas reported the use of force on a Venezuelan national detainee while housed at the BBDC in Anson, Texas. On December 30, 2024, during a confrontation with the detainee, BBDC staff gave verbal commands to exit his top bunk. The detainee continued to be non-compliant and BBDC staff removed him from the top bunk of the bed, placing him against a wall, and applied hand and leg restraints. BBDC staff exited the cellblock and escorted the detainee to the medical unit. BBDC medical staff cleared the detainee of any injuries. ERO leadership was notified."
553,Use of Force,"ERO Phoenix, ICE Health Service Corps (IHSC), Eloy Detention Center (EDC)","Undetermined, pending investigation",2025SIR0004185,"On December 31, 2024, ERO Phoenix reported the use of oleoresin capsicum (OC) spray on a Mexican national detainee while housed at the EDC in Eloy, Arizona. On December 30, 2024, the detainee refused to follow verbal commands to return to his cell after becoming confrontational with EDC staff in the dayroom area. EDC staff deployed four one-second bursts of OC spray to gain compliance. The detainees failed to comply. EDC staff then deployed a fifth 1-2 second burst of OC spay and gave directives to the detainee to submit to hand restraints, which he complied. The detainee refused decontamination. EDC staff escorted the detainee to medical for evaluation. IHSC staff evaluated the detainee and noted no injuries. EDC staff escorted the detainee back to his cell in restrictive housing and removed the restraints without further incident. ERO leadership and the ICE OPR Intake Center were notified,"
554,Use of Force,"ERO Phoenix, ICE Health Service Corps (IHSC), Eloy Detention Center (EDC)","Undetermined, pending investigation",2025SIR0004213,"On January 1, 2025, ERO Phoenix reported the use of oleoresin capsicum (OC) spray on an Angolan national datainee while housed at the EDC in Eloy, Arizona. On December 31, 2024, the detainee became aggressive towards EDC staff and refused multiple verbal commands to calm down and submit to hand restraints. The detainee began punching the wall and then began approaching EDC staff in a threatening manner, yelling and refusing to comply with submission orders to hand restraints. EDC staff deployed a !-2 second burst of OC spay and gave directives to the detainee to submit to hand restraints, which he con- tinued to not comply with. An additional EDC staff member arrived to assist, and they were able to place the detainee in hand restraint. EDC staff escorted the detainee to medical for evaluation. IHSC staff evaluated the detainee and noted no injuries. EDC staff escorted the detainee back to his cell in restrictive housing and removed the restraints without further incident. ERO leadership and the ICE OPR Intake Center were notified."
555,Use of Force,"ERO St Paul, ICE Health Service Corps (IHSC), Kandiyohi County Jail (KCJ)","Undetermined, pending investigation",2025SIR0004211,"On January 1, 2025, ERO St. Paul reported the deployment of oleoresin capsicum (OC) spray and a muscular discharge device (EMMD) on a Cuban national detainee and an Ivorian national detainee while housed at the KCJ in Willmar, Minnesota. On December 31, 2024, KCJ staff observed the two detainees engaged in a physical altercation. KCJ staff gave multiple verbal commands to stop fighting which was ignored. KCJ staff deployed OC spray and an EMMD in order to gain compliance. KCJ staff escorted the detainees for decontamination and to the KCJ medical unit for a medical examination who reported no injuries to either detainee. ERO leadership and IHSC were notified."
556,Use of Force,"ERO Detroit, Seneca County Jail (SCJ)","Undetermined, pending investigation",2025SIR0004228,"On January 2, 2025, ERO Detroit reported the use of an Electro-Muscular Disruption Device (EMDD) on a Congolese national detainee housed at the SCJ in Tiffin, Ohio. On January 1, 2025, the detainee the brandished a weapon in his cell, a sharpened pencil. The detainee refused SCJ staff orders to drop the weapon and ran towards SCJ staff holding up a mattress in one hand and the sharpened pencil in the other hand. SCJ staff knocked the mattress out of his hand and deployed the EMDD which failed to penetrate. SCJ staff regained compliance from the detainee and SCJ medical staff assessed and determined the detainee did not sustain any injuries. SCJ staff also did not sustain any injuries. ERO leadership and the ICE OPR Intake Center were notified."
557,Use of Force,"ERO Dallas, Prairieland Detention Center (PDC)","Undetermined, pending investigation",2025SIR0004277,"On January 3, 2025, ERO Dallas reported the use of oleoresin capsicum (OC) spray on an Indian national detainee while housed at the PDC in Alvarado, Texas. On December 31, 2024, during a confrontation with the detainee, PDC staff gave verbal commands, as he continued to be non-compliant. PDC staff utilized OC spray to gain compliance and placed the detainee in restraints without incident. PDC staff conducted decontamination and PDC medical staff cleared the detainee of any injuries. ERO leadership was notified."
558,Use of Force,"ERO El Paso, ICE Health Service Corps (IHSC), El Paso Processing Center (EPC)","Undetermined, pending investigation",2025SIR0004285,"On January 3, 2025, ERO El Paso reported the use of force on a Liberian national detainee while housed at the EPC in El Paso, Texas. On the same date, the detainee refused to comply with orders given by an EPC staff after his milk was confiscated. The wletainee ignored the request and responded by tossing his meal tray and approaching EPC staff. While EPC staff was attempting to secure the detainee's hands, the detainee struck an EPC staff member in the face on the right cheek area. EPC staff performed a takedown and gained control of the detainee while on the ground after applying hand restraints. Additional EPC staff assisted the detainee to his feet. During the incident, he spat on the EPC staff and a spit mask was placed on him. EPC staff escorted him to the processing area. IHSC medical staff evaluated the detainee, reporting no injuries. ERO leadership was notified."
559,Use of Force,"ERO Phoenix, ICE Health Service Corps (IHSC), Eloy Detention Center (EDC)","Undetermined, pending investigation",2025SIR0004288,"On January 3, 2025, ERO Phoenix reported the use of oleoresin capsicum (OC) spray on a Mexican national detainee while housed at the EDC in Eloy, Arizona. On January 2, 2025, the detainee refused multiple verbal commands after being placed on suicide watch and slammed her closed fist against the cell door window. After continued non-compliance, EDC staff deployed three-second burst of OC spray into the detainee's cell three times. EDC's extraction team then entered the detainee's cell jand gained compliance by placing her in hand and leg restraints. EDC staff escorted the detainee to the showers, where she refused decontamination multiple times. IHSC staff evaluated the detainee and noted no injuries. EDC staff escorted the detainee back to his cell in restrictive housing and removed the restraints without further incident. ERO leadership and the ICE OPR Intake Center were notified."
560,Use of Force,"ERO San Antonio, ICE Health Service Corps (IHSC), T. Don Hutto Detention Center (TDHDC)","Undetermined, pending investigation",2025SIR0004289,"On January 3, 2025, ERO San Antonio reported the use of oleoresin capsicum (OC) spray on a Nicaragua national detainee while housed at TDHDC in Taylor, Texas. On the same date, the detainee destroyed an electronic communication tablet and refused to turn over the broken pieces as ordered. TDHDC staff attempted unsuccessfully to utilize verbal de-escalation tactics, and the detainee refused to comply. TDHDC staff then disbursed OC into his cell and the detainee submitted to hand restraints. The detainee was decontaminated in the shower with and was escorted to THSC. THSC staff noted no injuries."
561,Use of Force,"ERO Harlingen, El Valle Detention Facility (EVDF)","Undetermined, pending investigation",2025SIR0004296,"On January 4, 2025, ERO Harlingen reported the use of force on a Russian national detainee while housed at EVDF in Raymondville, Texas. On January 3, 2025, the detainee was noncompliant with EVDF staff orders to submit to hand restraints. EVDF staff escorted the detainee to medical for a medical evaluation and was cleared. No injuries to the detainee or EVDF staff were reported."
562,Use of Force,"ERO Houston, ICE Health Service Corps (IHSC), Montgomery Processing Center (MPC)","Undetermined, pending investigation",2025SIR0004294,"On January 4, 2025, ERO Houston reported the use of oleoresin capsicum (OC) spray on a Nicaraguan national detainee while housed at the MPC in Conroe, Texas. On January 3, 2025, MPC staff observed detainees engage in a physical altercation The detainee refused to submit to hand restraints and approached MCP staff in an aggressive manner. MPC staff deployed OC spray in order to gain compliance and submitted hand restraints. MPC staff escorted the detainees for decontamination and to THSC for medical examination and reported no physical injuries. ERO leadership was notified."
563,Use of Force,"ERO Miami, ICE Health Service Corps (IHSC), Krome Service Processing Center (KSPC)","Undetermined, pending investigation",2025SIR0004304,"On January 4, 2025, ERO Miami reported the use of force on a Brazilian national detainee while housed at the KSPC in Miami, Florida. On January 3, 2025, KSPC staff conducted a shakedown of the detaince's assigned single detention cell. The detainee became irate and engaged in an argument with KSPC staff. KSPC staff gave the detainee multiple verbal commands to cease his behavior, to no avail. The detainee became belligerent and verbalized threats towards the KSPC staff. The detainee became combative and resisted placement in hand restraints. KSPC staff redirected the detainee to the ground to place hand and leg restraints on the detainee to gain compliance. The detainee attempted to spit on the KSPC staff. KSPC staff placed a spit mask on him. Once restrained, all use of force ceased. IHSC medical staff evaluated the detainee, reporting no injuries) ERO leadership was notified."
564,Use of Force,"ERO San Antonio, T. Don Hutto Detention Center (TDHDC), ICE Health Service Corps (IHSC)","Undetermined, pending investigation",2025SIR0004316,"On January 5, 2025, ERO San Antonio reported the use of oleoresin capsicum (OC) spray on a Nicaraguan national detainee while housed at the TDHDC in Taylor, Texas. On January 4, 2025, TDHDC staff members observed the detainee damaging a toilet and using a pipe off the toilet to damage a cell window. The detainee failed to comply with TDHDC staff orders to stop and submit to hand restraints, causing TDHDC staff to deploy OC in the cell to gain compliance. The detainee was decontaminated and escorted to medical for evaluation, and medically cleared by IHSC."
565,Use of Force,"ERO Harlingen, El Valle Detention Facility (EVDF)","Undetermined, pending investigation",2025SIR0004342,"On January 6, 2025, ERO Harlingen reported the use of oleoresin capsicum (OC) spray on a Mexican national detainee while boused at the EVDF in Raymondville, Texas, On the same date, the detainee became noncompliant with EVDF staff's orders to comply with a re-housing assignment, began causing damage to facility property, and threatened staff. An ERO Deportation Officer (DO) responded to the situation and gave verbal commands to the detainee to cease his behavior. The DO deployed a burst of OC towards the face of the detainee. The detainee ceased his actions and became compliant with verbal commands. The DO and EVDF staff utilized hand techniques to gain control of the detainee and apply hand restraints. EVDF staff escorted the detaince to the showers for decontamination and to medical staff for evaluation. EDVF medical staff determined : that the detaince did not sustain any injuries. ERO leadership was notified."
566,Use of Force,"ERO Miami, ICE Health Service Corps (IHSC), Krome Service Processing Center (KSPC)","Undetermined, pending investigation",2025SIR0004352,"On January 6, 2025, ERO Miami reported the use of force on a Mexican national detainee while housed at the KSPC in Miami, Florida. On the same date, KSPC staff members conducted an inspection on the detainee's assigned dormitory. KSPC staff gave the.detainee multiple verbal commands to remain seated while they conducted the search, to no avail. AKSPC staff member attempted to apply an escort hold to guide the detainee to his assigned bed, but the detainee became aggressive and slapped the KSPC staff member on the hand. KSPC staff redirected the detainee to the ground for placement of hand restraints. Once restrained, all use of force ceased. IHSC medical staff assessed the detainee for post use of force and medically cleared him. KSPC staff involved in this incident did not report any injuries. ERO leadership was notified."
567,Use of Force,"ERO Harlingen, El Valle Detention Facility (EVDF)","Undetermined, pending investigation",2025SIR0004410,"On January 7, 2025, ERO Harlingen reported the use of oleoresin capsicum (OC) spray on a Mexican national detainee while housed at the EVDF in Raymondville, Texas. On the same date, the detainee attempted self-harm by tying two socks together, forming a noose, and placing it around his neck while securing the other end to an overhead sprinkler guard. An EVDF staff member responded to the situation and delivered verbal commands to the detainee to cease his behavior. The EVDF staff member deployed a burst of OC toward the face of the detainee. The detaince ceased his actions and became compliant with verbal commands. The EVDF staff member utilized hand techniques to gain control of the detainee and apply hand restraints. EVDP staff escorted the detaince to the showers for decontamination and to the medical staff for evaluation. EDVF medical staff determined that the detainee did not sustain any injuries. ERO leadership was notified."
568,Use of Force,"ERO Houston, ICE Health Service Corps (IHSC), Montgomery Processing Center (MPC)","Undetermined, pending investigation",2025SIR0004368,"On January 7, 2024, ERO Houston reported the use of oleoresin capsicum (OC) spray on a Guatemalan national detainee housed at the MPC in Conroe, Texas. On January 6, 2025, the detainee struck the inside of a cell door in the restricted housing unit with an unknown metal object. The detainee refused orders from MPC staff to relinquish the unknown metal object. An MPC extraction team assembled and gave the detainee final commands to relinquish the unknown metal object, but he failed to comply. MPC staff utilized OC spray to gain compliance. The detainee approached the cell door and submitted to hand restraints. MPC staff escorted the detainees for decontamination and medical evaluation. THSC medical staff evaluated the detainees and no injuries to the detainee were reported. ERO Leadership was notified"
569,Use of Force,"ERO Houston, ICE Health Service Corps (IHSC), Montgomery Processing Center (MPC)","Undetermined, pending investigation",2025SIR0004376,"On January 7, 2025, ERO Houston reported the use of oleoresin capsicum (OC) spray on a Guatemalan national detainee while housed at the MPC in Conroe, Texas, On January 6, 2025, the detainee struck the inside of a cell door in the restricted housing unit with a food tray after receiving his lunch. MPC staff gave him commands to relinquish the food tray, but he refused and kept dtriking the door. After continued non-compliance, an extraction team assembled and gave the detainee final commands to relinquish the food tray, but he failed to comply. MPC staff then administered a one-second burst of OC on the detainee. Soon after exposure to the OC, the detainee approached the cell door and submitted to hand restraints. MPC staff removed him from his cell and relocated him to another cell within the RHU after being medically cleared by IHSC. The detainee was decontaminated. No MPC staff members sustained any injuries from this incident. ERO Leadership was notified."
570,Use of Force,"ERO Denver, Denver Contract Detention Facility (DCDF)","Undetermined, pending investigation",2025SIR0004417,"On January 8, 2025, ERO Denver reported the use of force on a Salvadoran national while housed at the DCDF in Aurora, Colorado. On January 7, 2025, the detainee refused to comply with ERO Deportation Officers (DO) instructions, during procedures for a scheduled ICE Air Operation removal. The detainee threatened to kill everyone in the area and their fam- ilies. ERO DOs escorted the detainee to a vacant holding cell where the detainee resisted and pushed a ERO DO. An ERO DO performed a controlled takedown and applied wrist restraints on the detainee. All use of force ceased. DCDF medical conducted a medical assessment of the detainee and reported no injuries. ERO leadership and the ICE OPR Intake Center were notified."
571,Use of Force,"ERO Miami, ICE Health Service Corps (IHSC), Krome Service Processing Center (KSPC)","Undetermined, pending investigation",2025SIR0004443,"On January 8, 2025, ERO Miami reported the use of oleoresin capsicum (OC) on a Haitian national detainee while housed at the KSPC in Miami, Florida. On January 7, 2025, the detainee physically intervened in a fight between two other detainees and proceeded to assault one of the detainees. A KSPC staff member deployed a single burst of OC spray to the facial area of the detainee. The detainee ceased fighting, disengaged, and submitted to the placement of hand restraints. Once restrained, all use of force ceased. KSPC staff immediately escorted the detainee to the KSPC processing shower area to effect decontamination. IHSC medical staff assessed the detainee for post use of force and medically cleared him. KSPC staff involved did not report any injuries. Management will initiate disciplinary procedures against the detainee in relation to this incident. ERO leadership was notified."
572,Use of Force,"ERO San Antonio, ICE Health Service Corps (IHSC), South Texas ICE Processing Center (STIPC)","Undetermined, pending investigation",2025SIR0004444,"On January 8, 2025, ERO San Antonio reported the use of force on a Honduran national detainee while housed at STIPC in Pearsall, Texas. On January 7, 2025, the detainee engaged in a physical altercation with another detainee and failed to comply with an STIPC staff verbal commands to stop fighting. STIPC staff responded, performed a takedown on the detainee, and applied hand restraints to gain control and prevent injuries. STIPC staff placed the detainee on s gumey and leg restraints were applied. The detainee was escorted to medical for evaluation. IHSC staff conducted a medical examination and cleared the detainee for placement into restricted housing. There were no injuries reported for the detainee or any STIPC staff from the use of force. ERO leadership was notified."
573,Use of Force,"ERO Dallas, Bluebonnet Detention Center (BBDC)","Undetermined, pending investigation",2025SIR0004499,"On January 9, 2025, ERO Dallas reported the use of force on a Honduran national detainee while housed at the BBDC in Anson, Texas. On the same date, during a confrontation, BBDC staff gave verbal commands to the detainee as he continued to be non-compliant. BBDC staff directed the detainee to the ground to gain compliance and placed him in restraints. BBDC staff escorted the detainee to the medical unit. BBDC medical staff cleared the detainee of any injuries. ERO leadership was notified."
574,Use of Force,"ERO Seattle, ICE Health Service Corps (IHSC), Northwest ICE Processing Center (NWPIC)","Undetermined, pending investigation",2025SIR0004508,"On January 9, 2025, ERO Seattle reported the use of force on a Canadian national detainee while housed at the NWIPC in Tacoma, Washington. On January 8, 2025, ERO Seattle Deportation Officers read the detainee an Emergency Temporary Restraining Order to Provide Involuntary Medical Treatment court order authorizing the medical treatment. The detainee refused to comply with NWIPC staffs multiple verbal order to allow IHSC medical staff to take his vitals, draw blood, and documenting his weight. NWIPC staff entered the detainee's cell and placed him into a wheelchair where he was moved to the medical housing unit to obtain his weight. The detainee was then moved to the medical isolation unit where he was transferred onto a medical bed. NWIPC staff placed the detainee into four-point soft restraints without incident. IHSC medical staff was able to safely administer a blood draw and take vitals from the detainee without further incident. NWIPC staff returned the detainee to his cell in the medical housing unit and the four-point restraint system was removed without further incident. ERO Seattle and IHSC medical staff will continme to monitor the detainee's care and custody. ERO leadership was notified. ."
575,Use of Force,"ERO Atlanta, Folkston ICE Processing Center (FDRIPC)","Undetermined, pending investigation",2025SIR0004538,"On January 10, 2025, ERO Atlanta reported the use of oleoresin capsicum (OC) on a Honduran national detainee while housed at the FIPC in Folkston, Georgia. On January 9, 2025, the detainee kicked the food slot door off his dorm door and then began to throw water and other items at FIPC staff members, interfering with their duties. FIPC staff issued the detainee several verbal commands, but the detainee failed to comply with verbal commands, and the FIPC staff administered one burst of OC spray. FIPC staff then issued additional verbal commands to the detainee to stop throwing items, and the detainee com- plied. FIPC staff placed the detainee in hand restraints and escorted him to medical for evaluation and decontamination. ERO leadership was notified."
576,Use of Force,"ERO Atlanta, Folkston ICE Processing Center (FDRIPC)","Undetermined, pending investigation",2025SIR0004544,"On January 10, 2025, ERO Atlanta reported the use of force on a Jamaican national detainee while housed at the FIPC in F√©lkston, Georgia. On January 9, 2025, the detainee refused to comply with FIPC staff and walk to the restrictive housing area interring with staff duties, The detainee refused to comply and in an aggressive manner, asserted his unwillingness to be placed in solitary confinement, walked willingly to the restrictive housing. Following an escort technique attempt by FIPC staff, FIPC staff members used a takedown technique and assisted the detainee onto the ground, securing him with restraints on both his hands and feet. FIPC staff escorted the detainee to medical for further evaluation. FIPC medical determined the detainee's condition did not require transfer to an outside medical care provider. FIPC staff placed the detainee in segregated housing. ERO leadership was notified. |"
577,Use of Force,"ERO Miami, ICE Health Service Corps (IHSC), Krome Service Processing Center (KSPC)","Undetermined, pending investigation",2025SIR0004584,"On January 12, 2025, ERO Miami reported the use of oleoresin capsicum (OC) spray on a Colombian national detainee, a Mexican national detainee, and a Cuban national detainee, while housed at the SPC in Miami, Florida. On January 11, 2025, the Colombian national detainee physically intervened in a fight between the two other detainees and proceeded to assault one of the detainees. Based on these aggressive actions, KSPC staff deployed a single burst of OC spray to the facial area of all three detainees. KSPC staff redirected the Colombian national detainee to the ground after he resisted efforts to place him in hand restraints. Post OC deployment, the other two detainees ceased fighting, disengaged, and submitted to the placement of hand restraints. Once they were restrained, all use of force ceased. KSPC staff immediately escorted the detainees to the KSPC processing shower area for decontamination. IHSC medical staff evaluated the detainees and medically cleared them. KSPC staff did not report any injuries. KSPC management will initiate disciplinary procedures against the detainees in relation to this incident. ERO leadership was notified."
578,Use of Force,"ERO Philadelphia, Pike County Correctional Facility (PCCF)","Undetermined, pending investigation",2025SIR0004619,"On January 13, 2025, ERO Philadelphia reported the use of force on a Turkish national detainee while housed at the PCCF in Hawley, Pennsylvania. On the same date, the detainee became physically noncompliant by pulling away from PCCF staff and refusing verbal commands, when they attempted to escort him from a housing unit to the intake unit of the facility. PCCF staff placed the detainee up against a table in a housing unit and secured him in hand and leg restraints to gain compliance before resuming the escort. When the escort resumed, the detainee continued to physically resist the PCCF staff by attempting to pull away. PCCF staff issued further verbal commands to the detainee to comply, but he continued the behavior. PCCF staff assisted the detainee to the ground to gain compliance. The detainee became compliant after PCCF staff gave him additional verbal commands and escorted him to the intake unit. PCCF medical staff evaluated the detainee and cleared him of any injuries. PCCF staff did not report any injuries. ERO leadership and the ICE OPR Intake Center were notified."
579,Use of Force,"ERO Boston, Wyatt Detention Center (WDC)","Undetermined, pending investigation",2025SIR0004642,"On January 14, 2025, ERO Boston reported the use of force on a Djiboutian national detainee while housed at the WDC in Central Falls, Rhode Island. On January 2, 2025, the detainee became combative, kicking and spitting at WDC staff, a WDC staff member delivered a closed fist strike to the detainee to gain compliance. The detainee was relocated to the restrictive - housing unit. No injuries were reported. ERO leadership was notified."
580,Use of Force,"ERO El Paso, ICE Health Service Corps (IHSC), El Paso Processing Center (EPC)","Undetermined, pending investigation",2025SIR0004695,"On January 14, 2025, ERO El! Paso reported the use of force on a Venezuelan national detainee while housed at the EPC in El Paso, Texas. On January 13, 2025, the detainee was involved in a physical altercation and refused to comply with verbal orders given by EPC officers. The detainee became actively resistant as EPC officers attempted to restrain him and had assisted him to the floor. EPC officers used pain compliance techniques to deescalate the detainee's resistance and placed him in restraints. IHSC medical staff evaluated the detainee, reporting no injuries, ERO leadership was notified."
581,Use of Force,"ERO Houston, ICE Health Service Corps (IHSC), Montgomery Processing Center (MPC)","Undetermined, pending investigation",2025SIR0004693,"On January 14, 2025, ERO Houston reported the use of force on a Mexican national detainee housed at the MPC in Conroe, Texas. On the same date, MPC staff noticed that the detainee had covered his cell door with a mattress preventing staff from seeing inside. When an MPC staff supervisor instructed a staff member to remove the mattress, the detainee threw milk on the staff member, The supervisor stepped between the detainee and the staff member, and the detainee struck the supervisor on the face. MPC staff placed the detainee on the floor and applied restraints. MPC staff then escorted the detainee to medical where he was cleared of injuries. ERO Leadership was notified"
582,Use of Force,"ERO Detroit, Calhoun County Jail (CCJ)","Undetermined, pending investigation",2025SIR0004739,"On January 15, 2025, ERO Detroit reported the use of force on a Venezuelan national detainee, while housed at the CCJ in Battle Creek, Michigan. On January 14, 2025, the detainee refused CCI staff orders to stop hitting his head against the cell wall while in administrative segregation. CCJ staff secured the detainee to the ground for his safety when he attempted to tum towards a CC) staff member. Upon gaining control, CCJ staff placed the detainee in the restraint chair. CCJ medical staff checked the straps on the restraint chair for proper application and treated the detainee for a minor laceration of his forehead and left hand. ERO leadership and the ICE OPR Intake Center were notified."
583,Use of Force,"ERO Buffalo, Buffalo Federal Detention Facility (BFDF), ICE Health Service Corps (IHSC)","Undetermined, pending investigation",2025SIR0004778,"On January 16, 2025, ERO Buffalo reported the use of oleoresin capsicum (OC) spray on a Venezuelan national detainee housed at the BEDF in Batavia, New York. On January 15, 2025, the detainee became agitated upon learning that he would receive an additional disciplinary infraction and refused to return the hand restraints and became non-compliant. The detainee slipped one cuff off his left wrist, struck the window of his cell to attempt to break it, and started pulling the shelf off the wall. BFDF staff issued multiple warnings for the detainee to comply with orders, but he refused to submit to restraints. The detainee continued to refuse all BFDF commands. BFDF staff deployed one burst of OC spray in the cell, but it had little to no effect. BFDF staff then deployed a second burst of OC spray, entered the cell, and used the minimum force required to gain control of the situation and successfully placed the detainee in hand restraints. The detainee was escorted to the medical followed by an evaluation by IHSC with no injuries to report. He was rehoused and restraints were removes. No injuries to the BFDF staff members were reported. ERO leadership was notified."
584,Use of Force,"ERO Seattle, ICE Health Service Corps (IHSC), Northwest ICE Processing Center (NWPIC)","Undetermined, pending investigation",2025SIR0004838,"On January 16, 2025, ERO Seattle reported the use of force on a Canadian national detainee housed at the NWIPC in Tacoma, Washington. On the same date, NWIPC staff member and an IHSC medical staff gave three separate orders to the detainee to comply with the medical procedures and if he failed to comply, use of force had been authorized. The detainee failed to comply with NWIPC staff orders. NWIPC staff entered the cell and placed the detainee into a wheelchair where he was moved to the medical housing unit to obtain his weight. The detainee was then moved to the medical isolation unit where he was transferred onto a medical bed NWIPC staff placed the detainee into four-point soft restraints without incident. THSC staff was able to safely administer a blood draw and take vitals on the detainee without further incident. The NWIPC staff returned the detainee to his cell in the medical housing unit and the four-point restraint system was removed from the detainee without further incident. ERO Seattle and IHSC will continue to monitor the detainee's care and custody. ERO leadership was notified,"
585,Use of Force,"ERO Harlingen, El Valle Detention Facility (EVDF), Valley Baptist Medical Center (VBMC)","Undetermined, pending investigation",2025SIR0004911,"On January 17, 2025, ERO Harlingen reported the use of force on a Russian national detainee, housed at the EVDF in Ray- mondville, Texas. On January 3, 2025, the detainee became noncompliant and aggressive with EVDF staff's orders to remain in a wheelchair and not to exit the emergency room. EVDF staff used hand techniques to gain control of the detainee and placed him on a medical gumey to gain control. EVDF staff restrained the detainee to the medical gumey. EVDF staff escorted the detainee to medical, where the detainee was evaluated, and no injuries were reported. ERO Leadership was notified"
586,Use of Force,"ERO San Antonio, ICE Health Service Corps (IHSC), South Texas ICE Processing Center (STIPC)","Undetermined, pending investigation",2025SIR0004907,"On January 17, 2025, ERO San Antonio reported the use of force on a Venezuelan national detainee, while housed at STIPC in Pearsall, Texas. On January 16, 2025, the detainee attempted to engaged in a physical altercation with another detainee, and STIPC staff members intervened by positioning themselves between the two detainees, the Venezuelan national detainee continued to advance towards the other detainee. STIPC staff responded, assisted the detainee to the ground and applied hand restraints to gain control. The detainee was then escorted to medical for evaluation. THSC staff conducted a medical examination and cleared the detainee for placement into restricted housing. There were no injuries reported for the detainee or any STIPC staff from the use of force. ERO leadership was notified."
587,Use of Force,"ERO Miami, ICE Health Service Corps (IHSC), Krome Service Processing Center (KSPC)","Undetermined, pending investigation",2025SIR0004936,"On January 18, 2025, ERO Miami reported the use of oleoresin capsicum (OC) spray on a Jamaican national detainee and a Honduran national detainee, while housed at the KSPC in Miami, Florida. On January 17, 2025, both detainees engaged in a physical altercation inside their assigned dormitory. KSPC staff responded and attempted to separate both detainees while also issuing multiple verbal commands to cease their action, to no avail. KSPC staff deployed a single burst of OC spray to the facial area of both detainees. Post OC deployment, the detainees ceased fighting, disengaged, and submitted to the placement of hand restraints. KSPC staff escorted the detainee for decontamination and medical evaluation. HSC medical staff then cleared the detainee of any significant injuries). KSPC management will initiate disciplinary procedures against the three detainces in relation to this incident. ERO leadership was notified."
588,Use of Force,"ERO Miami, ICE Health Service Corps (IHSC), Krome Service Processing Center (KSPC)","Undetermined, pending investigation",2025SIR0004939,"On January 18, 2025, ERO Miami reported the use of force on a Bahamian national detainee, while housed at the KSPC Miami, Florida. On January 17, 2025, the detainee physically assaulted another detainee and actively resisted KSPC staff's attempt to place him in hand restraints. KSPC staff redirected the detainee to the ground and applied hand restraints. Once restrained. all use of force ceased. IHSC medical staff assessed and medically cleared the detainee. KSPC management will initiate disciplinary procedures against the three detainees in relation to this incident. ERO leadership was notified."
589,Use of Force,"ERO Philadelphia, Moshannon Valley Processing Center (MVPC)","Undetermined, pending investigation",2025SIR0004917,"On January 18, 2025, ERO Philadelphia reported the use of oleoresin capsicum (OC) spray on two Honduran national detainees, one Liberian national detainee, one Gambian national detainee, one Jamaican national detainee, one Guatemalan national detainee, one Ecuadorian national detainee, and one Brazilian detainee, while housed at the MVPC in Phillipsburg, Penssylvania. On January 17, 2025, MVPC staffs responded to multiple residents fighting, which resulted in the assault of # staff member. MVPC staff deployed OC in an area saturation method to gain compliance. The injured MVPC staff member was evaluated and cleared) MVPC staff decontaminated the detainees. The MVPC medical staff assessed the detainees and determined one Honduran national detainee needed to be housed in medical for observation and received staples to his bead. MVPC staff placed all other detainees in the Segregation Management Unit due to this incident. ERO Philadelphia notified the ICE OPR Intake Center."
590,Use of Force,"ERO Philadelphia, Moshannon Valley Processing Center (MVPC)","Undetermined, pending investigation",2025SIRO004981,"On January 20, 2025, ERO Philadelphia reported the use of oleoresin capsicum (OC) spray on a Venezuelan national detainee housed at MVPC in Philipsburg, Pennsylvania. On January 19, 2025, MVPC staff were escorting the detainee to his cell while restrained when he pulled away from the MVPC staff. The detainee flipped his restraints to the front of his body and then covered his cell window. An MVPC staff member arrived at the cell and tried to gain compliance. MVPC staff opened the food slot with a shield and the detainee began throwing items and attempting to kick staff thru the food slot. MVPC staff then deployed a burst of OC into the cell. MVPC staff entered the cell and gained control. The detainee was decontaminated, medically assessed, and placed in a clean cell. ERO leadership and the ICE OPR Intake Center were notified."
591,Use of Force,"ERO Atlanta, Stewart Detention Center (SDC)","Undetermined, pending investigation",2025SIR0005026,"On January 21, 2025, ERO Atlanta reported the use of oleoresin capsicum (OC) spray on a Venezuelan national detainee, while housed at the SDC in Lumpkin, Georgia. On January 20, 2025, SDC staff deployed two bursts of OC spray into the housing unit of the detainee, to retrieve an unauthorized item from inside of her cell after refusing to comply with verbal commands. SDC staff escorted the detainee to decontamination and to medical for an evaluation, with no injuries reported. No SDC staff : reported any injures."
592,Use of Force,"ERO El Paso, ICE Health Service Corps (IHSC), El Paso Processing Center (EPC)","Undetermined, pending investigation",2025SIR0005019,"On January 21, 2025 ERO El Paso reported the use of force on a French national detainee while housed at the EPC in El Paso, Texas. On January 20, 2025, the detainee refused to comply to EPC staff verbal commands, when detainee exited the line where detainees were being issued laundry and razors and walked behind the EPC staff's desk to retrieve a towel from a box without authorization. EPC staff ordered the detainee to retum the towel, but the detainee ignored the request. EPC staff continuing to issue Verbal orders and staff arrived to assist and attempted to persuade the detainee to comply. After a few minutes of noncompliance, EPC staff performed a takedown and assisted the detainee to the floor. During the takedown one EPC staff member was struck in the face by the detainee. EPC staff gained control of the detainee, applied restraints, and escorted him to the processing area. IHSC conducted a medical assessment on the detainee and no injuries were documented. ERO leadership and the ICE OPR Intake Center were notified."
593,Use of Force,"ERO Philadelphia, Pike County Correctional Facility (PCCF)","Undetermined, pending investigation",2025SIR0005040,"On January 21, 2025, ERO Philadelphia reported the use of force on an Ivorian national detainee, while housed at the PCCF in Hawley, Pennsylvania. On January 19, 2025, a PCCF staff member entered the detainee's cell to clean it, and the detainee attacked the PCCF staff by running toward him, attempting to punch him. The PCCF staff blocked the punch and attempted to physically restrain the detainee, but he physically resisted and continued to punch at the PCCF staff To gain control of the detainee, the PCCF staff made several hand strikes and eventually took him to the ground as additional PCCF staff arrived. PCCF staff regained control of the detainee, placed him in restraints, and escorted him to the medical for evaluation. PCCF medical staff assessed the detainee and did not report any injuries. PCCF staff did not report any injuries. ERO leadership and the ICE OPR Intake Center were notified."
594,Use of Force,"ERO Chicago, Boone County Jail (BCJ)","Undetermined, pending investigation",2025SIR0005090,"On January 22, 2025, ERO Chicago reported the use of force on a Moroccan national detainee, while housed at the BCJ in Burlington, Kentucky. On the same date, BCJ staff escorted the detainee to medical for evaluation where medical staff cleared the detainee. No injuries were reported. ERO leadership was notified."
595,Use of Force,"ERO Seattle, ICE Health Service Corps (IHSC), Northwest ICE Processing Center (NWPIC)","Undetermined, pending investigation",2025SIR0005070,"On January 22, 2025, ERO Seattle reported the use of force on a Canadian national detainee housed at the NWIPC in Tacoma, Washington. NWIPC staff escorted the detainee to the medical isolation unit. No injuries were reported. ERO leadership was notified."
596,Use of Force,"ERO Harlingen, Port Isabel Detention Center (PIDC)","Undetermined, pending investigation",2025SIR0005196,"On January 23, 2025, ERO Harlingen reported the use of force on a Colombian national detainee, while housed at the PIDC in Los Fresnos, Texas. On the same date, PIDC staff escorted the detainee to medical for evaluation where PIDC medical staff cleared the detainee. No injuries were reported. ERO leadership and the ICE OPR Intake Center were notified."
597,Use of Force,"ERO Houston, ICE Health Service Corps (IHSC), Montgomery Processing Center (MPC)","Undetermined, pending investigation",2025SIR0005147,"On January 23, 2025, ERO Houston reported the use of force on a Mexican national detainee, while housed at the MPC in Conroe, Texas. MPC staff escorted him to ISHC for medical evaluation. No injuries were reported from this event. ERO leadership was notified."
598,Use of Force,"ERO Seattle, Northwest ICE Processing Center (NWPIC)","Undetermined, pending investigation",2025SIR0005149,"On January 23, 2025, ERO Seattle reported the use of force on a Mexican national detainee, while housed at the NWIPC in Tacoma, Washington. No injuries were reported. ERO leadership and the ICE OPR Intake Center were notified."
599,Use of Force,"ERO Harlingen, Port Isabel Detention Center (PIDC)","Undetermined, pending investigation",2025SIR0005287,"On January 24, 2025, ERO Harlingen reported the use of force on a Colombian national detainee assigned to PIDC in Los Fresnos, Texas, while located at a local hospital in Harlingen, Texas. No injuries were reported. ERO leadership was notified."
600,Use of Force,"ERO Philadelphia, Pike County Correctional Facility (PCCF)","Undetermined, pending investigation",2025SIR0005213,"On January 24, 2025, ERO Philadelphia reported the use of oleoresin capsicum on an Ivorian national detainee, while housed at the PCCF in Hawley, Pennsylvania. PCCF staff escorted him for decontamination and medical evaluation. No injuries were reported. ERO leadership was notified."
601,Use of Force,"ERO Miami, Krome Service Processing Center (KSPC)","Undetermined, pending investigation",2025SIR0005305,"On January 25, 2025, ERO Miami reported the use of force on a Brazilian national detainee assigned to KSPC in Miami, Florida. No injuries were reported. ERO leadership was notified."
602,Use of Force,"ERO Philadelphia, Clinton County Correctional Facility (CCCF)","Undetermined, pending investigation",2025SIR0005357,"On January 26, 2025, ERO Philadelphia reported the use of force on an Ethiopian national detainee housed at the CCCF in McElhattan, Pennsylvania. CCCF staff escorted the detainee to medical for evaluation. No injuries were reported. CCCF staff sustained minor injuries. ERO leadership and the ICE OPR Intake Center were notified."
603,Use of Force,"ERO Philadelphia, Moshannon Valley Processing Center (MVPC)","Undetermined, pending investigation",2025SIR0005360,"On January 26, 2025, ERO Philadelphia reported the use of force on a Venezuelan national detainee housed at the MVPC in Philipsburg, Pennsylvania. MVPC staff escorted the detainee to medical for evaluation. No injuries were reported. ERO leadership and the ICE OPR Intake Center were notified."
604,Use of Force,"ERO St Paul, ICE Health Service Corps (IHSC), Freeborn County Jail (FCJ)","Undetermined, pending investigation",2025SIR0005334,"On January 26, 2025, ERO St. Paul reported the deployment of a muscular discharge device on a Honduran national detainee housed at the FCJ in Albert Lea, Minnesota. FCJ staff escorted the detainee to medical for evaluation. The detainee refused medical treatment. ERO leadership and IHSC were notified."
605,Use of Force,"ERO Miami, ICE Health Service Corps (IHSC), Krome Service Processing Center (KSPC)","Undetermined, pending investigation",2025SIR0005374,"On January 27, 2025, ERO Miami reported the use of force on a Honduran national detainee housed at the KSPC in Miami, Florida. KSPC staff escorted the detainee to medical for evaluation where IHSC medical staff assessed and cleared the detainee. No injuries were reported for the officers or detainee. ERO leadership was notified."
606,Use of Force,"ERO Atlanta, Folkston ICE Processing Center (FDRIPC)","Undetermined, pending investigation",2025SIR0005442,"On January 28, 2025, ERO Atlanta reported the use of force on a Jamaican national detainee housed at the FIPC in Folkston, Georgia. No injuries were reported. ERO leadership was notified."
607,Use of Force,"ERO Harlingen, El Valle Detention Facility (EVDF)","Undetermined, pending investigation",2025SIR0005465,"On January 28, 2025, ERO Harlingen reported the use of force on a Venezuelan national detainee housed at the EVDF in Raymondville, Texas. EVDF staff escorted the detainee for medical evaluation, where it was discovered, the detainee sustained injuries above their right eye and right cheek, due to an altercation with another detainee. ERO leadership was notified."
608,Use of Force,"ERO Phoenix, Eloy Detention Center (EDC), ICE Health Service Corps (IHSC)","Undetermined, pending investigation",2025SIR0005436,"On January 28, 2025, ERO Phoenix reported the use of force on a Mexican national detainee housed at the EDC in Eloy, Arizona. EDC staff attempted to escort the detainee to medical for evaluation but refused. IHSC medical staff assessed the detainee through the cell door. No injuries were reported. ERO leadership and ICE OPR Intake Center were notified."
609,Use of Force,"ERO El Paso, ICE Health Service Corps (IHSC), ERO El Paso’s Special Response Team (SRT), ERO El Paso’s Crisis Negotiation Team (CNT), ICE Office of Professional Responsibility (OPR), El Paso Processing Center (EPC), El Paso Fire Department (EPFD), Emergency Medical Services (EMS)","Undetermined, pending investigation",2025SIR0005512,"On January 29, 2025, ERO El Paso reported the use of force on six Venezuelan national detainees housed at the EPC in El Paso, Texas. The detainees were escorted to medical for evaluation and decontamination. There were no injuries. ERO leadership and OPR were notified."
610,Use of Force,"ERO San Antonio, ERO New Orleans, Pine Prairie ICE Processing Center (PPC)","Undetermined, pending investigation",2025SIR0005641,"On January 30, 2025, ERO San Antonio reported the use of oleoresin capsicum (OC) on a Nicaraguan national detainee while housed at the PPIPC in Pine Prairie, Louisiana. No injuries were reported. ERO leadership was notified."
611,Use of Force,"ERO Boston, Plymouth County Correctional Facility (PCCF)","Undetermined, pending investigation",2025SIRO007327,"On February 27, 2025, ERO Boston reported that use of oleoresin capsicum (OC) spray on two Brazilian national detainees housed at the PCCF in Plymouth, Massachusetts. No injuries were reported. ERO leadership was notified."
612,Use of Force,"ERO Harlingen, El Valle Detention Facility (EVDF)","Undetermined, pending investigation",2025SIRO007203,"On February 25, 2025, ERO Harlingen reported the use of force on a Columbian national detainee, housed at the EVDF in Raymondville, Texas. There injuries were reported. ERO leadership was notified."
613,Use of Force,"ERO Miami, Broward Transitional Center (BTC)","Undetermined, pending investigation",2025SIR0007146,"On February 25, 2025, ERO Miami reported the use of force on a Nicaraguan national detainee while housed at the BTC in Miami, Florida. No injuries were reported. ERO leadership was notified."
614,Use of Force,"ERO Chicago, ICE Health Service Corps (IHSC), Boone County Jail (BCJ)","Undetermined, pending investigation",2025SIR0007404,"On February 28, 2025, ERO Chicago reported the use of oleoresin capsicum (OC) spray on a Moroccan national detainee housed at the BCJ in Burlington, Kentucky. BCJ staff escorted the detainee to IHSC for medical examination. No injuries were reported. ERO leadership and the ICE OPR Joint Intake Center were notified."
615,Use of Force,"ERO El Paso, ICE Health Service Corps (IHSC), El Paso Processing Center (EPC)","Undetermined, pending investigation",2025SIRO007470,"On February 28, 2025, ERO El Paso reported the use of force on a Venezuelan national detainee housed the EPC in El Paso, Texas. IHSC medical staff assessed the detainee for injuries. No injuries were reported. ERO leadership was notified."
616,Use of Force,"ERO Miami, Krome Service Processing Center (KSPC)","Undetermined, pending investigation",2025SIR0007478,"On February 28, 2025, ERO Miami reported the use of force on a Bahamian national detainee housed at the KSPC in Miami, Florida. No injuries were reported. ERO leadership was notified."
617,Use of Force,"ERO New Orleans, Central Louisiana ICE Correctional Center (CLIPC)","Undetermined, pending investigation",2025SIR0007459,"On February 28, 2025, ERO New Orleans reported the use of force on a Haitian national detainee housed at the CLIPC in Jena, Louisiana. Superficial injuries to the detainee were reported. ERO leadership was notified."
618,Use of Force,"ERO Seattle, ICE Health Service Corps (IHSC), Northwest ICE Processing Center (NWPIC)","Undetermined, pending investigation",2025SIR0007456,"On February 28, 2025, ERO Seattle reported the use of force on a Venezuelan national detainee housed at the NWIPC in Tacoma, Washington. No injuries were reported. ERO leadership and the ICE OPR Intake Center were notified."
619,Use of Force,"ERO Houston, ICE Health Service Corps (IHSC), Limestone County Detention Center (LCDC)","Undetermined, pending investigation",2025SIR0007495,"On March 1, 2025, ERO Houston reported the deployment of oleoresin capsicum (OC) spray on a Venezuelan national detainee while housed at the LCDC in Groesbeck, Texas. The detainee sustained a laceration on the inside of the left forearm and was placed on suicide watch. ERO leadership was notified."
620,Use of Force,"ERO Miami, Baker County Detention Center (BCDC)","Undetermined, pending investigation",2025SIR0007448,"On March 1, 2025, ERO Miami reported the use of oleoresin capsicum (OC) on a Venezuelan national detainee while housed at the BCDC in MacClenny, Florida. No injuries were reported. ERO leadership was notified."
621,Use of Force,"ERO San Antonio, ICE Health Service Corps (IHSC), T. Don Hutto Detention Center (TDHDC)","Undetermined, pending investigation",2025SIR0007505,"On March 1, 2025, ERO San Antonio reported the use of force on a Venezuelan national detainee while housed at the TDHDC in Taylor, Texas. There were no injuries reported. ERO leadership was notified."
622,Use of Force,"ERO Chicago, ICE Health Service Corps (IHSC), Boone County Jail (BCJ)","Undetermined, pending investigation",2025SIR0007500,"On March 3, 2025, ERO Chicago reported the use of oleoresin capsicum spray on a Moroccan national housed at the BCJ in Burlington, Kentucky. BCJ medical staff evaluated the detainee and cleared him with no injuries No injuries were reported. ERO leadership, IHSC, and the ICE OPR Intake Center were notified."
623,Use of Force,"ERO Miami, Krome Service Processing Center (KSPC)","Undetermined, pending investigation",2025SIR0007605,"On March 3, 2025, ERO Miami reported the use of oleoresin capsicum spray on a Nicaraguan national detainee and a Colombian national detainee housed at the KSPC in Miami, Florida. The detainees were escorted for decontamination and medical evaluation. No injuries were reported. ERO leadership was notified."
624,Use of Force,"ERO Harlingen, El Valle Detention Facility (EVDF)","Undetermined, pending investigation",2025SIRO007704,"On March 5, 2025, ERO Harlingen reported the use of force on a Mexican national detainee, housed at the EVDF in Raymondville, Texas. The detainee sustained a laceration on the head from the altercation. ERO leadership was notified."
625,Use of Force,"ERO Philadelphia, Moshannon Valley Processing Center (MVPC)","Undetermined, pending investigation",2025SIRO007722,"On March 5, 2025, ERO Philadelphia reported the use of force on an Antiguan national detainee housed at the MVPC in Philipsburg, Pennsylvania. No injuries were reported. ERO leadership and the ICE OPR Intake Center were notified."
626,Use of Force,"ERO San Antonio, ICE Health Service Corps (IHSC), South Texas ICE Processing Center (STIPC)","Undetermined, pending investigation",2025SIR0007734,"On March 5, 2025, ERO San Antonio reported the use of force on a Honduran national detainee, while housed at the STIPC in Pearsall, Texas. The detainee received minor scrapes on the left hand. ERO leadership was notified."
627,Use of Force,"ERO New Orleans, HSI Houston, Alexandria Staging Facility (ASF)",District of New Orleans,2025SIR0007821,"On March 6, 2025, ERO New Orleans reported the use of force on a Honduran national detainee, housed at the ASF in Alexandria, Louisiana. One ERO New Orleans Deportation Officer sustained an abrasion and swelling to their left eye. ERO leadership, HSI Houston, and ICE OPR Intake Center were notified."
628,Use of Force,"ERO New York, ICE Health Service Corps (IHSC), Nassau County Jail (NCJ)","Undetermined, pending investigation",2025SIR0007818,"On March 6, 2025, ERO New York reported the use of oleoresin capsicum (OC) on a Chinese national detainee, housed at the NCJ in East Meadow, New York. No staff injuries were reported, and the detainee claimed no injury other than OC exposure. ERO leadership and IHSC were notified."
629,Use of Force,"ERO Seattle, ICE Health Service Corps (IHSC), Northwest ICE Processing Center (NWPIC)","Undetermined, pending investigation",2025SIR0007824,"On March 6, 2025, ERO Seattle reported the use of force on an Armenian national detainee housed at the NWIPC in Tacoma, Washington. The detainee suffered minor self-inflicted injuries to both hands during the incident. ERO leadership was notified."
630,Use of Force,"ERO Harlingen, El Valle Detention Facility (EVDF)","Undetermined, pending investigation",2025SIRO007890,"On March 7, 2025, ERO Harlingen reported the use of force on a Venezuelan national detainee, housed at the EVDF in Raymondville, Texas. No injuries were reported. ERO leadership was notified."
631,Large Scale Use of Force,"ERO El Paso, ICE Health Service Corps (IHSC), Torrance County Detention Facility (TCDF)","Undetermined, pending investigation",2025SIR0007921,"On March 8, 2025, ERO El Paso reported the use of oleoresin capsicum spray on 65 detainees housed at the TCDF in Estancia, New Mexico. No injuries were reported. ERO leadership was notified."
632,Use of Force,"ERO Miami, Krome Service Processing Center (KSPC)","Undetermined, pending investigation",2025SIR0007951,"On March 8, 2025, ERO Miami reported the use of oleoresin capsicum spray on a Dominican national detainee and a Haitian national detainee housed at the KSPC in Miami, Florida. No injuries were reported. ERO leadership was notified."
633,Use of Force,"ERO Phoenix, Eloy Detention Center (EDC)","Undetermined, pending investigation",2025SIRO007936,"On March 8, 2025, ERO Phoenix reported the use of oleoresin capsicum on a Senegalese national detainee, housed at the EDC in Eloy, Arizona. No injuries were reported. ERO leadership was notified."
634,Use of Force,"ERO Dallas, Cimarron Correctional Facility (CCF)","Undetermined, pending investigation",2025SIR0007963,"On March 9, 2025, ERO Dallas reported the use of force on a Venezuelan national detainee while housed at the CCF in Cushing. Oklahoma. CCF staff escorted the detainee to medical and no injuries were reported. ERO leadership and the ICE OPR Intake Center were notified."
635,Use of Force,"ERO El Paso, ERO Albuquerque, Cibola County Correctional Center (CCCC)","Undetermined, pending investigation",2025SIR0007982,"On March 10, 2025, ERO El Paso reported the use of force on two Venezuelan national detainees and a Cuban national detainee, all housed at the CCCC in Milan, New Mexico. CCCC staff transported a Venezuelan national detainee to a local hospital for evaluation of a finger fracture. ERO leadership was notified."
636,Use of Force,"ERO Miami, ICE Health Service Corps (IHSC), Krome Service Processing Center (KSPC)","Undetermined, pending investigation",2025SIRO007955,"On March 10, 2025, ERO Miami reported the use of oleoresin capsicum spray on a Dominican national detainee and a Haitian national detainee housed at the KSPC in Miami, Florida. The detainees were decontaminated using water and no injuries were reported. IHSC medical staff assessed the detainees for post use of force and medically cleared them. One KSPC officer involved reported an injury. ERO leadership was notified."
637,Use of Force,"ERO New Orleans, Central Louisiana ICE Correctional Center (CLIPC)","Undetermined, pending investigation",2025SIR0008025,"On March 10, 2025, ERO New Orleans reported the use of oleoresin capsicum on a Mexican national detainee and a Salvadoran national detainee, both housed at the CLIPC in Jena, Louisiana. The CLIPC staff escorted the detainees to medical for decontamination, and the medical evaluation. No injuries were reported. ERO leadership was notified."
638,Use of Force,"ERO Detroit, ICE Health Service Corps (IHSC), Calhoun County Jail (CCJ)","Undetermined, pending investigation",2025SIR0008056,"On March 11, 2025, ERO Detroit reported the use of force on a Colombian national detainee while housed at the CCJ in Battle Creek, Michigan. CCJ staff escorted the detainee for medical examination and reported no injuries. ERO leadership, IHSC, and the ICE OPR Intake Center were notified."
639,Use of Force,"ERO Harlingen, Port Isabel Detention Center (PIDC)","Undetermined, pending investigation",2025SIR0008092,"On March 11, 2025, ERO Harlingen reported the use of force on an Afghan national detainee, housed at the PIDC in Los Fresnos, Texas. PIDC contract officers escorted the detainee to medical for an evaluation where they cleared the detainee of any injuries. ERO leadership was notified."
640,Use of Force,"ERO Philadelphia, Moshannon Valley Processing Center (MVPC)","Undetermined, pending investigation",2025SIR0008033,"On March 11, 2025, ERO Philadelphia reported the use of force on a Jamaican national detainee housed at the MVPC in Philipsburg, Pennsylvania, MVPC medical staff assessed the detainee and determined he did not sustain any significant injuries. MVPC officials placed the detainee in segregation. ERO leadership and the ICE OPR Intake Center were notified."
641,Use of Force,"ERO St Paul, ICE Health Service Corps (IHSC), Sherburne County Jail (SCJ)","Undetermined, pending investigation",2025SIR0008034,"On March 11, 2025, ERO Saint Paul reported the deployment of a muscular restraint device on a Liberian national detainee while housed at the SCJ in Elk River, Minnesota. The detainee was escorted to SCJ medical for evaluation and no injuries were reported. ERO leadership and IHSC were notified."
642,Use of Force,"ERO El Paso, ERO Albuquerque, Torrance County Detention Facility (TCDF)","Undetermined, pending investigation",2025SIR0008178,"On March 12, 2025, ERO Fl Paso reported the use of force on a Dominican national detainee, housed at the TCDF in Estancia, New Mexico. The detainee was secured in the shower where he self-decontaminated. ERO leadership was notified."
643,Use of Force,"ERO Harlingen, ICE Health Service Corps (IHSC), Port Isabel Detention Center (PIDC)","Undetermined, pending investigation",2025SIR0008148,"On March 12, 2025, ERO Harlingen reported the use of force on an Afghani national detainee while housed at the PIDC in Los Fresnos, Texas. PIDC staff escorted the detainee for medical evaluation and clearance, and no injuries were reported. ERO leadership was notified."
644,Use of Force,"ERO San Antonio, ICE Health Service Corps (IHSC), T. Don Hutto Detention Center (TDHDC)","Undetermined, pending investigation",2025SIR0008153,"On March 12, 2025, ERO San Antonio reported the use of force on a Mexican national detainee while housed at the TDHDC in Taylor, Texas. The detainee was evaluated by IHSC, and no injuries were found. ERO leadership and the ICE OPR Intake Center were notified."
645,Use of Force,"ERO Philadelphia, Moshannon Valley Processing Center (MVPC)","Undetermined, pending investigation",2025SIRO008280,"On March 14, 2025, ERO Philadelphia reported the use of force on a Honduran national detainee while housed at the MVPC in Philipsburg, Pennsylvania. The detainee was transported to a local hospital for evaluation, treatment, and possible stiches. ERO leadership and the ICE OPR Intake Center were notified."
646,Use of Force,"ERO San Francisco, Federal Detention Center (FDC)","Undetermined, pending investigation",2025SIR00083732 / 2025SIR0008377 / 2025SIR0008378,"On March 15, 2025, ERO San Francisco reported the use of oleoresin capsicum (OC) spray on three Micronesian national detainees, while housed at the FDC in Honolulu, Hawaii. The detainees were placed in restraints and escorted to a Special Housing Unit for decontamination, medical assessment, photographic documentation, breathalyzer and urinalysis testing, and  further evaluation. Two of the detainees did not report any injuries, and the other detainee reported right shoulder pain and discomfort. ERO leadership and ICE OPR Intake Center were notified."
647,Use of Force,"ERO Miami, Bureau of Prisons (BOP), Federal Detention Center (FDC)","Undetermined, pending investigation",2025SIR0008383,"On March 16, 2025, ERO Miami reported the use of oleoresin capsicum on two Mexican national detainees while housed at the FDC in Miami, Florida. BOP officers escorted the detainees to the shower area for decontamination. BOP medical staff assessed and medically cleared the detainees, and no injuries were reported. ERO leadership and the ICE OPR Intake Center were notified."
648,Use of Force,"ERO Miami, ICE Health Service Corps (IHSC), Krome Service Processing Center (KSPC)","Undetermined, pending investigation",2025SIR0008392,"On March 16, 2025, ERO Miami reported the use of oleoresin capsicum spray on two Dominican national detainees while housed at the KSPC in Miami, Florida. KSPC staff escorted the detainee to the showers for decontamination. IHSC medical staff assessed and medically cleared the detainees, and no injuries were reported. ERO leadership and the ICE OPR Intake Center were notified."
649,Use of Force,"ERO Miami, ICE Health Service Corps (IHSC), Krome Service Processing Center (KSPC)","Undetermined, pending investigation",2025SIR0008395,"On March 16, 2025, ERO Miami reported the use of force on a Honduran national detainee while housed at the KSPC in Miami, Florida. IHSC medical staff assessed and medically cleared the detainee, and no injuries were reported. ERO leadership and the ICE OPR Intake Center were notified."
650,Use of Force,"ERO El Paso, ICE Health Service Corps (IHSC), Otero County Processing Center (OCPC)","Undetermined, pending investigation",2025SIR0008455,"On March 17, 2025, ERO El Paso reported the use of force on a Venezuelan national detainee while housed at the OCPC in Chaparral, New Mexico. OCPC contract officers escorted the detainee for medical examination, no injuries were reported. ERO leadership, IHSC, and ICE OPR Intake Center were notified."
651,Use of Force,"ERO New York, ICE Health Service Corps (IHSC), Nassau County Jail (NCJ)","Undetermined, pending investigation",2025SIR0008368,"On March 17, 2025, ERO New York reported the use of immediate force on a Honduran national detainee, housed at the NCJ in East Meadow, New York. No injuries were reported by the staff or the detainee. ERO leadership, IHSC, and ICE OPR Intake Center were notified."
652,Use of Force,"ERO Philadelphia, Moshannon Valley Processing Center (MVPC)","Undetermined, pending investigation",2025SIR0008448,"On March 17, 2025, ERO Philadelphia reported the use of immediate force on a Honduran national detainee, housed at the MVPC in Philipsburg, Pennsylvania. The detainee was medically assessed, and no injuries were reported by the detainee or staff. ERO leadership and ICE OPR Intake Center were notified."
653,Use of Force,"ERO Phoenix, Eloy Detention Center (EDC)","Undetermined, pending investigation",2025SIR0008434,"On March 17, 2024, ERO Phoenix reported the use of oleoresin capsicum spray on two Mexican national detainees, while housed at the EDC in Eloy, Arizona. EDC staff escorted the detainees to the medical unit for decontamination and medical evaluation. EDC medical staff evaluated the detainees and reported no injures to the detainees or to the staff members. ERO leadership and the ICE OPR Intake Center were notified."
654,Use of Force,"ERO El Paso, ICE Health Service Corps (IHSC), El Paso Processing Center (EPC)","Undetermined, pending investigation",2025SIRO008499,"On March 18, 2025, ERO El Paso reported the use of force on a Venezuelan national detainee housed the EPC in El Paso, Texas. IHSC medical staff assessed the detainee for injuries and determined the detainee did not sustain any injuries. ERO leadership was notified."
655,Use of Force,"ERO San Antonio, T. Don Hutto Detention Center (TDHDC), South Texas ICE Processing Center (STIPC), ICE Health Service Corps (IHSC)","Undetermined, pending investigation",2025SIR0008471,"On March 18, 2024, ERO San Antonio reported the use of oleoresin capsicum spray on a Mexican national detainee, while housed at the STIPC in Pearsall, Texas. STIPC staff escorted the detainee to the medical unit for decontamination and medical evaluation. IHSC medical staff evaluated the detainee and reported no injuries. ERO leadership and TDHDC were notified."
656,Use of Force,"ERO Atlanta, Stewart Detention Center (SDC)","Undetermined, pending investigation",2025SIR0008556,"On March 19, 2025, ERO Atlanta reported the use of oleoresin capsicum (OC) on a Mexican national detainee and a Venezuelan national detainee, while housed at the SDC in Lumpkin, Georgia. SDC staff escorted the detainees to medical for decontamination and a medical evaluation. The detainees were medically evaluated, and no injuries were reported. ERO leadership was notified."
657,Use of Force,"ERO Detroit, Northeast Ohio Correctional Center (NEOCC)","Undetermined, pending investigation",2025SIR0008678,"On March 20, 2025, ERO Detroit reported the use of oleoresin capsicum on a Venezuelan national detainee while housed at the NEOCC in Youngstown, Ohio. NEOCC medical staff noted no serious injuries to the detainee or staff members. ERO leadership, ICE Health Service Corps, and the ICE OPR Intake Center were notified."
658,Use of Force,"ERO Harlingen, El Valle Detention Facility (EVDF)","Undetermined, pending investigation",2025SIR0008751,"On March 21, 2025, ERO Harlingen reported the use of force on a Cuban national detainee, housed at the EVDF in Raymondville, Texas. The detainee was medically accessed, and no injuries were reported. ERO leadership was notified"
659,Use of Force,"ERO Miami, ICE Health Service Corps (IHSC), Krome Service Processing Center (KSPC)","Undetermined, pending investigation",2025SIRO008805,"On March 21, 2025, ERO Miami reported the use of force on an Irish national detainee while housed at the KSPC in Miami Florida. IHSC assessed the subject and sent them to a local hospital for mental evaluation. ERO leadership and was notified."
660,Use of Force,"ERO Miami, ICE Health Service Corps (IHSC), Krome Service Processing Center (KSPC)","Undetermined, pending investigation",2025SIR0008820,"On March 21, 2025, ERO Miami reported the use of force on one Cuban national detainee, two Venezuelan national detainees, and one Nicaraguan national detainee, all housed at the KSPC in Miami, Florida. IHSC medically accessed the detainees and no injuries were reported. ERO leadership was notified."
661,Use of Force,"ERO Phoenix, Central Arizona Florence Correctional Complex (CAFCC)","Undetermined, pending investigation",2025SIR0008782,"On March 21, 2025, ERO Phoenix reported the use of oleoresin capsicum spray on an Iraqi national detainee, while housed at the CAFCC in Florence, Arizona. The detainee was evaluated by medical for injuries, and abrasions and scratches to his left wrist were noted. ERO leadership and the ICE OPR Intake Center were notified."
662,Use of Force,"ERO Seattle, Northwest ICE Processing Center (NWPIC)","Undetermined, pending investigation",2025SIR0008813,"On March 21, 2025, ERO Seattle reported the use of force on a Mexican national detainee housed at the NWIPC in Tacoma, Washington. No injuries were reported. ERO leadership was notified."
663,Use of Force,"ERO El Paso, ICE Health Service Corps (IHSC), El Paso Processing Center (EPC)","Undetermined, pending investigation",2025SIR0008848,"On March 22, 2025, ERO El Paso reported the use of force on a Venezuelan national detainee while housed at the EPC in El Paso, Texas. IHSC medically accessed the detainee and no injuries were reported. ERO leadership and the ICE OPR Intake Center were notified."
664,Use of Force,"ERO Miami, ICE Health Service Corps (IHSC), Krome Service Processing Center (KSPC)","Undetermined, pending investigation",2025SIR0008835,"On March 22, 2025, ERO Miami reported the use of oleoresin capsicum spray on a Dominican national detainee and Jamaican national detainee while housed at the KSPC in Miami, Florida. KSPC contract officers escorted the detainees to the showers for decontamination. IHSC medical staff assessed the detained and medically cleared them. No injuries were reported. ERO leadership, IHSC, and the ICE OPR Intake Center were notified."
665,Use of Force,"ERO Detroit, ICE Health Service Corps (IHSC), St. Clair County Jail (SCCJ)","Undetermined, pending investigation",2025SIR0008855,"On March 23, 2025, ERO Detroit reported the use of force on an Angolan national detainee while housed at the SCCJ in Port Huron, Michigan. SCCJ medical staff evaluated and cleared the detainee of any injuries. A SCCJ deputy sustained injuries during the use of force and obtained medical treatment at a local hospital and cleared of any injuries. ERO leadership and the ICE OPR Intake Center were notified."
666,Use of Force,"ERO Miami, ICE Health Service Corps (IHSC), Krome Service Processing Center (KSPC)","Undetermined, pending investigation",2025SIR0008866,"On March 23, 2025, ERO Miami reported the use of force on a Nicaraguan national detainee while housed at the KSPC in Miami, Florida. IHSC medical staff could not evaluate the detainee. The detainee was transported to a local hospital in Miami, Florida for a medical evaluation. ERO leadership and the ICE OPR Intake Center were notified."
667,Use of Force,"ERO Washington D.C., Caroline Detention Facility (CDF)","Undetermined, pending investigation",2025SIR0008941,"On March 25, 2025, ERO Washington, D.C. reported the use of force on a Venezuelan national detainee, while housed at the CDF in Bowling Green, Virginia. No injuries were reported. ERO leadership and the ICE OPR Intake Center were notified."
668,Use of Force,"ERO Harlingen, El Valle Detention Facility (EVDF)","Undetermined, pending investigation",2025SIR0009080,"On March 26, 2025, ERO Harlingen reported the use of force on a Cameroonian national detainee, housed at the EVDF in Raymondville, Texas. EVDF staff escorted the detainee to medical for a post use-of-force medical evaluation. No injuries were reported. ERO leadership was notified."
669,Use of Force,"ERO Phoenix, ICE Health Service Corps (IHSC), Eloy Detention Center (EDC)","Undetermined, pending investigation",2025SIR0009101,"On March 26, 2025, ERO Phoenix reported the use of oleoresin capsicum spray on two Cuban national detainees, while housed at the EDC in Eloy, Arizona. EDC contract officers escorted the detainees to the showers for decontamination, and IHSC medical staff evaluated and cleared the detainees of any injuries. ERO leadership and the ICE OPR Intake Center were notified."
670,Use of Force,"ERO San Antonio, South Texas ICE Processing Center (STIPC), ICE Health Service Corps (IHSC)","Undetermined, pending investigation",2025SIR0009038,"On March 26, 2024, ERO San Antonio reported the use of oleoresin capsicum (OC) spray on a Mexican national detainee While housed at the STIPC in Pearsall, Texas. STIPC staff escorted the detainee to the medical unit for decontamination and medical evaluation. IHSC medical staff evaluated the detainee and reported a mild superficial laceration on the detainec's left forearm and superficial scratches on his neck. and they were sent to a local hospital for evaluation. STIPC personnel reported ho injuries. ERO leadership was notified."
671,Use of Force,"ERO San Antonio, South Texas ICE Processing Center (STIPC), ICE Health Service Corps (IHSC)","Undetermined, pending investigation",2025SIR0009075,"On March 26, 2025, ERO San Antonio reported the use of oleoresin capsicum spray on a Turkish national detainee while housed at the STIPC in Pearsall, Texas. STIPC staff escorted the detainee to the medical unit for decontamination and medical evaluation. IHSC medical staff evaluated the detainee and reported no injuries. ERO leadership was notified."
672,Use of Force,"ERO Miami, Broward Transitional Center (BTC)","Undetermined, pending investigation",2025SIR0009106,"On March 27, 2025, ERO Miami reported the use of force on a Nicaraguan national detainee while housed at the BTC in Pompano Beach, Florida. No injuries were reported. ERO leadership was notified."
673,Use of Force,"ERO Harlingen, El Valle Detention Facility (EVDF)","Undetermined, pending investigation",2025SIR0009251,"On March 28, 2025, ERO Harlingen reported the use of force on a Cameroonian national detainee, housed at the EVDF in Raymondville, Texas. EVDF contract staff escorted the detainee for medical evaluation, and he was cleared with no injuries reported. ERO leadership was notified."
674,Use of Force,"ERO Miami, ICE Health Service Corps (IHSC), Krome Service Processing Center (KSPC)","Undetermined, pending investigation",2025SIR0009267,"On March 28, 2025, ERO Miami reported the use of oleoresin capsicum spray on two Cuban national detainees, housed at the KSPC in Miami, Florida. The detainees were escorted for decontamination and medical evaluation and ISHC cleared them. ERO leadership was notified."
675,Use of Force,"ERO San Francisco, ICE Health Service Corps (IHSC), Golden State Annex (GSA)","Undetermined, pending investigation",2025SIR0009227,"On March 28, 2025, ERO San Francisco reported the oleoresin capsicum (OC) spray on a Tajikistan national detainee, while housed at the GSA in McFarland, California. The detainee refused decontamination or medical evaluation, but no injuries were reported. ERO leadership and IHSC were notified."
676,Use of Force,"ERO Dallas, Cimarron Correctional Facility (CCF)","Undetermined, pending investigation",2025SIRO009272,"On March 29, 2025, ERO Dallas reported the use of oleoresin capsicum spray (OC) on two Georgian national detainees, a Lebanese national detainee, and a Mauritanian national detainee while housed at the CCF in Cushing, Oklahoma. CCF medical staff evaluated and cleared the detainees of any injuries. ERO leadership was notified."
677,Use of Force,"ERO Dallas, Prairieland Detention Center (PDC)","Undetermined, pending investigation",2025SIRO009295,"On March 29, 2025, ERO Dallas reported the use of force on a Venezuelan national detainee while housed at the PDC in Alvarado, Texas. PDC security staff escorted the detainee to segregation and no injuries were reported. ERO leadership was notified."
678,Use of Force,"ERO Miami, ICE Health Service Corps (IHSC), Krome Service Processing Center (KSPC)","Undetermined, pending investigation",2025SIR0009291,"On March 29, 2025, ERO Miami reported the use of force and deployment of oleoresin capsicum (OC) spray on three Nicaraguan national detainees while housed at the KSPC in Miami, Florida. KSPC contact officers escorted two of the detainees for decontamination. IHSC conducted a medical evaluation of the detainees and medically cleared them. KSPC staff involved did not report any injuries. ERO leadership and the ICE OPR Intake Center were notified."
679,Use of Force,"ERO Philadelphia, Moshannon Valley Processing Center (MVPC)","Undetermined, pending investigation",2025SIR0009300,"On March 29, 2025, ERO Philadelphia reported the use of force and oleoresin capsicum (OC) on a Jamaican national detainee, housed at the MVPC in Philipsburg, Pennsylvania. The detainee attempted to escape, and six OC projectiles were used. MVPC contact officers escorted the detainee for decontamination and a medical exam by MVPC medical staff. MVPC medical staff found several lacerations on the detainee's arms. leg, and back from the concertina wire, and determined that the lacerations Were superficial and did not require outside care and treated the wounds as needed. ERO leadership and ICE OPR Intake Center were notified."
680,Use of Force,"ERO San Antonio, ICE Health Service Corps (IHSC), South Texas ICE Processing Center (STIPC)","Undetermined, pending investigation",2025SIR0009275,"On March 29, 2025, ERO San Antonio reported the use of oleoresin capsicum spray on a Mexican national detainee while housed at the STIPC in Pearsall, Texas, STIPC staff escorted the detainee to the showers for decontamination. IHSC conducted a medical evaluation and cleared the detainee of any injuries. ERO leadership and the ICE OPR Intake Center were notified."
681,Use of Force,"ERO Harlingen, El Valle Detention Facility (EVDF)","Undetermined, pending investigation",2025SIR0009314,"On March 30, 2025, ERO Harlingen reported the use of force on a Venezuelan national detainee housed at the EVDF in Raymondville, Texas. EVDF staff escorted the detainee to medical for a medical evaluation and clearance, and the detainee did not sustain any injuries. ERO leadership was notified."
682,Use of Force,"ERO Seattle, ICE Health Service Corps (IHSC), Northwest ICE Processing Center (NWPIC)","Undetermined, pending investigation",2025SIRO009327,"On March 30, 2025, ERO Seattle reported the use of force on a Mexican national detainee housed at the NWIPC in Tacoma, Washington. IHSC conducted a medical evaluation of the detainee and reported no injuries. ERO leadership and the ICE OPR Intake Center were notified."
683,Use of Force,"ERO Atlanta, Stewart Detention Center (SDC)","Undetermined, pending investigation",2025SIRO009355,"On March 31, 2025, ERO Atlanta reported the use of oleoresin capsicum on a Mexican national detainee, while housed at the SDC in Lumpkin, Georgia. SDC staff escorted the detainees to medical for decontamination and a medical evaluation. No injuries were reported. ERO leadership was notified."
684,Use of Force,"ERO Chicago, ICE Health Service Corps (IHSC), Boone County Jail (BCJ)","Undetermined, pending investigation",2025SIR0009461,"On April 1, 2025, ERO Chicago reported the use of report on a Moroccan national detainee while housed at the BCJ in Burlington, Kentucky. The detainee refused BCJ medical staff from conducting a medical evaluation by being combative. No injuries were reported. ERO leadership, IHSC, and the ICE OPR Intake Center were notified."
685,Use of Force,"ERO Houston, ICE Health Service Corps (IHSC), Montgomery Processing Center (MPC)","Undetermined, pending investigation",2025SIRO009424,"On April 1, 2025, ERO Houston reported the use of force on a Mexican national detainee while housed at MPC in Conroe, Texas. On March 31, 2025, MPC staff successfully applied restraints and escorted the detainee to the security supervisor's office where an alleged physical altercation occurred between the MPC security supervisor and the detainee. The detainee alleges that the MPC security supervisor pushed him against the wall and put his hands around his throat while his hands were cuffed behind him. THSC medically evaluated the detainee and noted scratches around his neck. The MPC security supervisor involved in the alleged use of force has been placed on administrative leave until further notice. ERO leadership was notified"
686,Use of Force,"ERO Philadelphia, Moshannon Valley Processing Center (MVPC)","Undetermined, pending investigation",2025SIR0009389,"On April 1, 2025, ERO Philadelphia reported the use of oleoresin capsicum spray on a Dominican national detainee, a Mexican national detainee, and a Brazilian national detainee while housed at the MVPC in Philipsburg, Pennsylvania. MVPC staff escorted the detainees to the medical unit for decontamination and medical evaluation. No injuries were reported. ERO leadership and ICE OPR Intake Center were notified."
687,Use of Force,"ERO Dallas, Bluebonnet Detention Center (BBDC)","Undetermined, pending investigation",2025SIR0009563,"On April 3, 2025, ERO Dallas reported the use of force on two Venezuelan national detainees, while housed at the BDC in Anson, Texas. Medical staff cleared both detainees of injuries. ERO leadership was notified."
688,Use of Force,"ERO Dallas, Cimarron Correctional Facility (CCF)","Undetermined, pending investigation",2025SIR0009751,"On April 7, 2025, ERO Dallas reported the use of oleoresin capsicum spray, a detainee altercation, and an assault on staff incident involving a Venezuelan national detainee, a Honduran national detainee, Mexican national detainee, and a Colombian national detainee, while housed at the CCF in Cushing. Oklahoma. No injuries were reported. ERO leadership was notified."
689,Use of Force,"ERO Atlanta, Stewart Detention Center (SDC)","Undetermined, pending investigation",2025SIR0009630,"On April 4, 2025, ERO Atlanta reported a facility disturbance at the SDC in Lumpkin, Georgia. On April 2, 2025, the detainees in the pod refused to enter their cells for count, stating they had not been seen by medical. Detainees not participating in the disturbance were escorted to the recreation yard. SDC staff gave multiple verbal commands to the 35 detainees refusing to lock down, but the detainees did not comply. To gain compliance, SDF staff used oleoresin capsicum spray to gain compliance and control of the pod. No injuries were reported. ERO leadership was notified."
690,Use of Force,"ERO San Antonio, ICE Health Service Corps (IHSC), T. Don Hutto Detention Center (TDHDC)","Undetermined, pending investigation",2025SIR0009624,"On April 4, 2025, ERO San Antonio reported the use of force on a Venezuelan national detainee while housed at the TDHDC in Taylor, Texas. The detainee was medically evaluated by IHSC, and no injuries were found. ERO leadership was notified."
691,Use of Force,"ERO Harlingen, ICE Health Service Corps (IHSC), Port Isabel Detention Center (PIDC)","Undetermined, pending investigation",2025SIR0019735/ 2025SIR0019736,"On September 30, 2025, ERO Harlingen reported the calculated use of force on an Afghan national detainee while housed at the PIDC in Los Fresnos, Texas. No injuries were reported. ERO leadership was notified."
692,Use of Force,"ERO Harlingen, ICE Health Service Corps (IHSC), Port Isabel Detention Center (PIDC)","Undetermined, pending investigation",2025SIR0019731/2025SIR0019732,"On September 30, 2025, ERO Harlingen reported the use of force on an Iranian national detainee while housed at the PIDC in Los Fresnos, Texas. No injuries were reported. ERO leadership was notified."
693,Use of Force,"ERO San Antonio, Karmes County Immigration Processing Center (KCIPC)","Undetermined, pending investigation",2025SIR0019716,"On September 30, 2025, ERO San Antonio reported the use of force on a Honduran national detainee, while housed in the KCIPC in Kansas City, Texas. Two KCIPC officers sustained injuries during the incident. The detainee sustained no injuries. ERO leadership was notified."
694,Use of Force,"ERO Harlingen, ICE Health Service Corps (IHSC), Port Isabel Detention Center (PIDC)","Undetermined, pending investigation",2026SIR0000080,"On October 1, 2025, ERO Harlingen reported the use of force on an Afghanistan national detainee, while housed at the PIDC in Los Fresnos, Texas. No injuries were reported. ERO leadership was notified."
695,Use of Force,"ERO Harlingen, ICE Health Service Corps (IHSC), Port Isabel Detention Center (PIDC)","Undetermined, pending investigation",2026SIR0000079,"On October 1, 2025, ERO Harlingen reported the use of force on an Iranian national detainee, while housed at the PIDC in Los Fresnos, Texas. No injuries were reported. ERO leadership was notified."
696,Use of Force,"ERO Harlingen, ICE Health Service Corps (IHSC), Port Isabel Detention Center (PIDC)","Undetermined, pending investigation",2026SIR0000117,"On October 1, 2025, ERO Harlingen reported the use of force on an Afghan national detainee, while housed at the PIDC in Los Fresnos, Texas. No injuries were reported. ERO leadership was notified."
697,Use of Force,"ERO Harlingen, ICE Health Service Corps (IHSC), Port Isabel Detention Center (PIDC)","Undetermined, pending investigation",2026SIR0000118,"On October 1, 2025, ERO Harlingen reported the use of force on an Iranian national detainee, while housed at the PIDC in Los Fresnos, Texas. No injuries were reported. ERO leadership was notified."
698,Use of Force,"ERO Harlingen, ICE Health Service Corps (IHSC), Port Isabel Detention Center (PIDC)","Undetermined, pending investigation",2026SIR0000174,"On October 2, 2025, ERO Harlingen reported the use of force on an Afghan national detainee, while housed at the PIDC in Los Fresnos, Texas. No injuries were reported. ERO leadership was notified."
699,Use of Force,"ERO Harlingen, ICE Health Service Corps (IHSC), Port Isabel Detention Center (PIDC)","Undetermined, pending investigation",2026SIR0000175,"On October 2, 2025, ERO Harlingen reported the use of force on an Iranian national detainee, while housed at the PIDC in Los Fresnos, Texas. No injuries were reported. ERO leadership was notified."
700,Use of Force,"ERO Los Angeles, Adelanto ICE Processing Center (APC)","Undetermined, pending investigation",2026SIR0000149,"On October 2, 2025, ERO Los Angeles reported the use of force on a Dominican national detainee, while housed at the APC in Adelanto, California. No injuries were reported. ERO leadership and the ICE OPR Intake Center were notified."
701,Use of Force,"ERO Philadelphia, Moshannon Valley Processing Center (MVPC)","Undetermined, pending investigation",2026SIR0000223,"On October 2, 2025, ERO Philadelphia reported the use of force on a Congolese national detainee, while housed at the MVPC in Philipsburg, Pennsylvania. No injuries were reported. ERO leadership and the ICE OPR Intake Center were notified."
702,Use of Force,"ERO Phoenix, Florence Detention Center (FDC)","Undetermined, pending investigation",2026SIRO000226,"On October 2, 2025, ERO Phoenix reported the use of force on a Salvadoran national detainee, while housed at the FDC in Florence, Arizona. Two officers received minor injuries during the incident. ERO leadership and the ICE OPR Intake Center were notified."
703,Use of Force,"ERO San Antonio, ICE Health Service Corps (IHSC), T. Don Hutto Detention Center (TDHDC)","Undetermined, pending investigation",2026SIR0000148,"On October 2, 2025, ERO San Antonio reported the use of force on a Cuban national detainee, while housed at the TDHDC in Taylor, Texas. No injuries were reported. ERO leadership was notified."
704,Use of Force,"ERO San Francisco, ICE Health Service Corps (IHSC), California City ICE Processing Center (CCIPC)","Undetermined, pending investigation",2026SIR0000177,"On October 2, 2025, ERO San Francisco reported the use of force on a Salvadoran national detainee, a Russian national detainee, and a Venezuelan national detainee, while housed at the CCIPC in California City, California. No injuries were reported. ERO leadership, IHSC, and the ICE OPR Intake Center were notified."
705,Use of Force,"ERO Washington D.C., ERO Richmond, Farmville Detention Center (FDC)","Undetermined, pending investigation",2026SIR0000155,"On October 2, 2025, ERO Washington, D.C. reported the use of force on two Mauritanian national detainees, while housed at the FDC in Farmville, Virginia. No injuries were reported. ERO leadership and ICE OPR Intake Center were notified."
706,Use of Force,"ERO Atlanta, Stewart Detention Center (SDC)","Undetermined, pending investigation",2026SIR0000277,"On October 3, 2025, ERO Atlanta reported the use of force on a Cuban national detainee, while housed at the SDC in Lumpkin, Georgia. No injuries were reported. ERO leadership was notified."
707,Use of Force,ERO Harlingen,Executive Office for Immigration Review,2026SIR0000247/2026SIR0000248,"On October 3, 2025, ERO Harlingen reported the use of force on a Cuban national, while housed at the EVDF in Raymondville. Texas. The detainee sustained a second lumbar transvers process fracture. ERO leadership and the ICE OPR Intake Center were notified."
708,Use of Force,"ERO Harlingen, ICE Health Service Corps (IHSC), Port Isabel Detention Center (PIDC)","Undetermined, pending investigation",2026SIR0000284,"On October 3, 2025, ERO Harlingen reported the use of force on an Iranian national detainee, while housed at the PIDC in Los Fresnos, Texas. No injuries were reported. ERO leadership was notified."
709,Use of Force,"ERO Harlingen, ICE Health Service Corps (IHSC), Port Isabel Detention Center (PIDC)","Undetermined, pending investigation",2026SIR0000283,"On October 3, 2025, ERO Harlingen reported the use of force on an Afghanistan national detainee, while housed at the PIDC in Los Fresnos, Texas. No injuries were reported. ERO leadership was notified."
710,Use of Force,"ERO Miami, ICE Health Service Corps (IHSC), Baker County Detention Center (BCDC)","Undetermined, pending investigation",2026SIR0000198,"On October 3, 2025, ERO Miami reported the use of force on a Haitian national detainee, while housed at the BCDC in MacClenny, Florida. No injuries were reported. ERO leadership was notified."
711,Use of Force,"ERO New Orleans, Winn Correctional Center (WCC)","Undetermined, pending investigation",2026SIR0000310,"On October 3, 2025, ERO New Orleans reported the use of force on a Haitian national detainee, while housed at the WCC in Winnfield, Louisiana. No injuries were reported. ERO leadership and the ICE OPR Intake Center were notified."
712,Use of Force,"ERO Phoenix, ICE Health Service Corps (IHSC), Central Arizona Florence Correctional Complex (CAFCC)","Undetermined, pending investigation",2026SIR0000327,"On October 3, 2025, ERO Phoenix reported the use of force on a Guinean national detainee and a Cuban national detainee, while housed at the CAFCC in Florence, Arizona. ERO leadership and ICE OPR Intake Center were notified."
713,Use of Force,"ERO San Antonio, ICE Health Service Corps (IHSC), T. Don Hutto Detention Center (TDHDC)","Undetermined, pending investigation",2026SIR0000260,"On October 3, 2025, ERO San Antonio reported the use of force on a Cuban national detainee, while housed at the TDHDC in Taylor, Texas. No injuries were reported. ERO leadership was notified."
714,Use of Force,"ERO Harlingen, ICE Health Service Corps (IHSC), Port Isabel Detention Center (PIDC)","Undetermined, pending investigation",2026SIR0000342,"On October 4, 2025, ERO Harlingen reported the use of force on an Afghan national detainee while housed at the PIDC in Los Fresnos, Texas. No injuries were reported. ERO leadership and IHSC were notified."
715,Use of Force,"ERO Harlingen, ICE Health Service Corps (IHSC), Port Isabel Detention Center (PIDC)","Undetermined, pending investigation",2026SIR0000343,"On October 4, 2025, ERO Harlingen reported the use of force on an Iranian national detainee while housed at the PIDC in Los Fresnos, Texas. No injuries were reported. ERO leadership and IHSC were notified."
716,Use of Force,"ERO New Orleans, Pine Prairie ICE Processing Center (PPC)","Undetermined, pending investigation",2026SIR0000347,"On October 4, 2025, ERO New Orleans reported the use of force on a Dominican national detainee while housed at the PPIPC in Pine Prairie, Louisiana. No injuries were reported. ERO leadership and the ICE OPR Intake Center were notified."
717,Use of Force,"ERO San Francisco, ICE Health Service Corps (IHSC), California City ICE Processing Center (CCIPC)","Undetermined, pending investigation",2026SIR0000345,"On October 4, 2025, ERO San Francisco reported the use of force on a Chinese national detainee while housed at the CCIPC in California City, California. No injuries were reported. ERO leadership, IHSC, and the ICE OPR Intake Center were notified."
718,Use of Force,"ERO Miami, Glades County Detention Center (GCDC), Glades County Sheriff's Office (GCSO)","Undetermined, pending investigation",2026SIR0000360,"On October 5, 2025, ERO Miami reported the use of force on a Honduran and Nicaraguan national detainee while housed at the GCDC in Moore Haven, Florida. No injuries were reported. ERO leadership was notified."
719,Use of Force,"ERO Atlanta, Stewart Detention Center (SDC)","Undetermined, pending investigation",2026SIR0000400,"On October 6, 2025, ERO Atlanta reported the use of force on a Haitian national detainee, while housed at the SDC in Lumpkin, Georgia. No injuries were reported. ERO leadership was notified."
720,Use of Force,"ERO El Paso, ERO Albuquerque, ICE Health Service Corps (IHSC), Torrance County Detention Facility (TCDF)","Undetermined, pending investigation",2026SIR0000393,"On October 6, 2025, ERO El Paso reported the use of force on an Angolan national detainee, while housed at the TCDF in Estancia, New Mexico. No injuries were reported. ERO leadership was notified."
721,Use of Force,"ERO Harlingen, ICE Health Service Corps (IHSC), Port Isabel Detention Center (PIDC)","Undetermined, pending investigation",2026SIR0000379,"On October 6, 2025, ERO Harlingen reported the use of force on a Mexican national detainee, while housed at the PIDC in Brownsville, Texas. No injuries were reported. ERO leadership was notified."
722,Use of Force,"ERO Harlingen, ICE Health Service Corps (IHSC), Port Isabel Detention Center (PIDC)","Undetermined, pending investigation",2026SIR0000380,"On October 6, 2025, ERO Harlingen reported the use of force on an Iranian national detainee, while housed at the PIDC in Los Fresnos, Texas. No injuries were reported. ERO leadership was notified."
723,Use of Force,"ERO Harlingen, ICE Health Service Corps (IHSC), Port Isabel Detention Center (PIDC)","Undetermined, pending investigation",2026SIR0000394,"On October 6, 2025, ERO Harlingen reported the use of force on an Afghan national detainee, while housed at the PIDC in Los Fresnos, Texas. No injuries were reported. ERO leadership and IHSC were notified."
724,Use of Force,"ERO Harlingen, ICE Health Service Corps (IHSC), Port Isabel Detention Center (PIDC)","Undetermined, pending investigation",2026SIR0000395,"On October 6, 2025, ERO Harlingen reported the use of force on an Iranian national detainee, while housed at the PIDC in Los Fresnos, Texas. No injuries were reported. ERO leadership was notified."
725,Use of Force,"ERO Houston, ICE Health Service Corps (IHSC), Montgomery Processing Center (MPC)","Undetermined, pending investigation",2026SIR0000376,"On October 6, 2025, ERO Houston reported the use of force on a Mexican national detainee, while housed at MPC in Conroe, Texas. No injuries were reported. ERO leadership was notified."
726,Use of Force,"ERO Phoenix, ICE Health Service Corps (IHSC), Eloy Detention Center (EDC)","Undetermined, pending investigation",2026SIR0000412,"On October 6, 2025, ERO Phoenix reported the use of force on a Syrian national detainee, while housed at the EDC in Eloy, Arizona. No injuries were reported. ERO leadership and the ICE OPR Intake Center were notified."
727,Use of Force,"ERO Harlingen, ICE Health Service Corps (IHSC), Port Isabel Detention Center (PIDC)","Undetermined, pending investigation",2026SIR0000482/2026SIR0000485,"On October 7, 2025, ERO Harlingen reported the use of force on an Iranian national detainee and an Afghan national detainee while housed at the PIDC in Los Fresnos, Texas. No injuries were reported. ERO leadership was notified."
728,Use of Force,"ERO Dallas, Cimarron Correctional Facility (CCF)","Undetermined, pending investigation",2026SIR0000523,"On October 8, 2025, ERO Dallas reported the use of force on a Honduran national detainee and a Guatemalan national detainee, while housed at the CCF in Cushing, Oklahoma. No injuries were reported. ERO leadership was notified."
729,Use of Force,"ERO Philadelphia, Moshannon Valley Processing Center (MVPC)","Undetermined, pending investigation",2026SIR0000531,"On October 8, 2025, ERO Philadelphia reported the use of force on a Jamaican national detainee, while housed at the MVPC in Philipsburg, Pennsylvania. No injuries were reported. ERO leadership and the ICE OPR Intake Center were notified."
730,Use of Force,"ERO Harlingen, ICE Health Service Corps (IHSC), Port Isabel Detention Center (PIDC)","Undetermined, pending investigation",2026SIR0000595,"On October 9, 2025, ERO Harlingen reported the use of force on an Afghan national detainee, while housed at the PIDC in Hos Fresnos, Texas. No injuries were reported. ERO leadership was notified."
731,Use of Force,"ERO Harlingen, ICE Health Service Corps (IHSC), Port Isabel Detention Center (PIDC)","Undetermined, pending investigation",2026SIR0000638/2026SIR0000639,"On October 9, 2025, ERO Harlingen reported the use of force on an Iranian national detainee and an Afghan national detainee, while housed at the PIDC in Los Fresnos, Texas. No injuries were reported. ERO leadership was notified."
732,Use of Force,"ERO Harlingen, ICE Health Service Corps (IHSC), Port Isabel Detention Center (PIDC)","Undetermined, pending investigation",2026SIR0000596,"On October 9, 2025, ERO Harlingen reported the use of force on an Iranian national detainee, while housed at the PIDC in Los Fresnos, Texas. No injuries were reported. ERO leadership was notified."
733,Use of Force,"ERO Harlingen, El Valle Detention Facility (EVDF)","Undetermined, pending investigation",2026SIR0000640,"On October 9, 2025, ERO Harlingen reported the use of force on a Venezuelan national detainee, while housed at the EVDF in Raymondville, Texas. The detainee sustained a superficial abrasion to his left wrist. ERO leadership was notified."
734,Use of Force,"ERO Harlingen, El Valle Detention Facility (EVDF)","Undetermined, pending investigation",2026SIR0000646,"On October 9, 2025, ERO Harlingen reported the use of force on a Venezuelan national detainee, while housed at the EVDF in Raymondville, Texas. No injuries were reported. ERO leadership and the ICE OPR Intake Center were notified."
735,Use of Force,"ERO Philadelphia, Moshannon Valley Processing Center (MVPC)","Undetermined, pending investigation",2026SIR0000625,"On October 9, 2025, ERO Philadelphia reported the use of force on a Congolese national detainee, while housed at the MVPC in Philipsburg, Pennsylvania. No injuries were reported. ERO leadership and the ICE OPR Intake Center were notified."
736,Use of Force,"ERO Phoenix, Central Arizona Florence Correctional Complex (CAFCC)","Undetermined, pending investigation",2026SIR0000735,"On October 10, 2025, ERO Phoenix reported the use of force on a Venezuelan national detainee and a Colombian national detainee, while housed at the CAFCC in Florence, Arizona. No injuries were reported. ERO leadership and the ICE OPR Intake Center were notified."
737,Use of Force,"ERO Salt Lake, Nevada Southern Detention Center (NSDC)","Undetermined, pending investigation",2026SIR0000746,"On October 10, 2025, ERO Salt Lake City reported the use of force on a Liberian national, while housed at the NSDC in Pahrump, Nevada. No injuries were reported. ERO leadership and the ICE OPR intake Center were notified."
738,Use of Force,"ERO El Paso, Otero County Processing Center (OCPC)","Undetermined, pending investigation",2026SIR0000784,"On October 11, 2025, ERO El Paso reported the use of force on a Cuban national detainee while housed at the OCPC in Chaparral, New Mexico. No injuries were reported. ERO leadership was notified."
739,Use of Force,"ERO Harlingen, ICE Health Service Corps (IHSC), Port Isabel Detention Center (PIDC)","Undetermined, pending investigation",2026SIR0000771,"On October 11, 2025, ERO Harlingen reported the use of force on an Iranian national detainee while housed at the PIDC in Los Fresnos, Texas. No injuries were reported. ERO leadership was notified."
740,Use of Force,"ERO Harlingen, ICE Health Service Corps (IHSC), Port Isabel Detention Center (PIDC)","Undetermined, pending investigation",2026SIR0000774,"On October 11, 2025, ERO Harlingen reported the use of force on an Afghan national detainee while housed at the PIDC in Los Fresnos, Texas. No injuries were reported. ERO leadership was notified."
741,Use of Force,"ERO Harlingen, ICE Health Service Corps (IHSC), Port Isabel Detention Center (PIDC)","Undetermined, pending investigation",2026SIR0000806,"On October 12, 2025, ERO Harlingen reported the use of force on an Afghan national detainee while housed at the PIDC in Los Fresnos, Texas. No injuries were reported. ERO leadership was notified."
742,Use of Force,"ERO Harlingen, ICE Health Service Corps (IHSC), Port Isabel Detention Center (PIDC)","Undetermined, pending investigation",2026SIR0000807,"On October 12, 2025, ERO Harlingen reported the use of force on an Iranian national detainee while housed at the PIDC in Los Fresnos, Texas. No injuries were reported. ERO leadership was notified."
743,Use of Force,"ERO Dallas, Cimarron Correctional Facility (CCF)","Undetermined, pending investigation",2026SIR0000811,"On October 13, 2025, ERO Dallas reported the use of force on a Cuban national detainee, while housed at the CCF in Cushing, Oklahoma. No injuries were reported. ERO leadership was notified."
744,Use of Force,"ERO Harlingen, ICE Health Service Corps (IHSC), Port Isabel Detention Center (PIDC)","Undetermined, pending investigation",2026SIR0000829,"On October 13, 2025, ERO Harlingen reported the use of force on an Iranian national detainee, while housed at the PIDC in Los Fresnos, Texas. No injuries were reported. ERO leadership was notified."
745,Use of Force,"ERO Harlingen, ICE Health Service Corps (IHSC), Port Isabel Detention Center (PIDC)","Undetermined, pending investigation",2026SIR0000846,"On October 14, 2025, ERO Harlingen reported the use of force on an Iranian national detainee, while housed at the PIDC in Los Fresnos, Texas. No injuries were reported. ERO leadership was notified."
746,Use of Force,"ERO Harlingen, ICE Health Service Corps (IHSC), Port Isabel Detention Center (PIDC)","Undetermined, pending investigation",2026SIR0000892,"On October 14, 2025, ERO Harlingen reported the use of force on an Iranian national detainee while housed at the PIDC in Los Fresnos, Texas. No injuries were reported. ERO leadership was notified."
747,Use of Force,"ERO Houston, ICE Health Service Corps (IHSC), Montgomery Processing Center (MPC)","Undetermined, pending investigation",2026SIR0000880,"On October 14, 2025, ERO Houston reported the use of force on a Nigerian national detainee, while housed at MPC in Conroe, Texas. No injuries were reported. ERO leadership was notified."
748,Use of Force,"ERO Dallas, Prairieland Detention Center (PDC)","Undetermined, pending investigation",2026SIR0000910,"On October 15, 2025, ERO Dallas reported the use of force on two Cuban national detainees while housed at the PDC in Alvarado, Texas. No injuries were reported. ERO leadership was notified."
749,Use of Force,"ERO Harlingen, ICE Health Service Corps (IHSC), Port Isabel Detention Center (PIDC)","Undetermined, pending investigation",2026SIR0000943,"On October 15, 2025, ERO Harlingen reported the use of force on an Iranian national while housed at the PIDC in Los Fresnos, Texas. No injuries were reported. ERO leadership was notified."
750,Use of Force,"ERO Salt Lake, Nevada Southern Detention Center (NSDC)","Undetermined, pending investigation",2026SIR0000917,"On October 15, 2025, ERO Salt Lake City reported the use of force on a Salvadoran national while housed at the NSDC in Pahrump, Nevada. No injuries were reported. ERO leadership was notified."
751,Use of Force,"ERO El Paso, ICE Health Service Corps (IHSC), Torrance County Detention Facility (TCDF)","Undetermined, pending investigation",2026SIR0001098,"On October 17, 2025, ERO El Paso reported the use of force on a Cuban national detainee, while housed at the TCDF in Estancia, New Mexico. No injuries were reported. ERO leadership was notified."
752,Use of Force,"ERO Harlingen, ICE Health Service Corps (IHSC), Port Isabel Detention Center (PIDC)","Undetermined, pending investigation",2026SIR0001058,"On October 17, 2025, ERO Harlingen reported the use of force on an Iranian national detainee, while housed at the PIDC in Los Fresnos, Texas. No injuries were reported. ERO leadership was notified."
753,Use of Force,"ERO Harlingen, Port Isabel Detention Center (PIDC)","Undetermined, pending investigation",2026SIR0001200,"On October 20, 2025, ERO Harlingen reported the use of force on a British national detainee, while housed at the PIDC in Los Fresnos, Texas. No injuries were reported. ERO leadership was notified."
754,Use of Force,"ERO Philadelphia, ERO York, Moshannon Valley Processing Center (MVPC)","Undetermined, pending investigation",2026SIR0001202,"On October 20, 2025, ERO Philadelphia reported the use of force on an Ecuadorian national detainee, while housed at the MVPC in Philipsburg, Pennsylvania. No injuries were reported. ERO leadership and the ICE OPR Intake Center were notified."
755,Use of Force,"ERO Salt Lake, Nevada Southern Detention Center (NSDC)","Undetermined, pending investigation",2026SIR0001182,"On October 20, 2025, ERO Salt Lake City reported the use of force on a Liberian national detainee, while housed at the NSDC in Pahrump, Nevada. No injuries were reported. ERO leadership was notified."
756,Use of Force,"ERO Harlingen, ICE Health Service Corps (IHSC), Port Isabel Detention Center (PIDC)","Undetermined, pending investigation",2026SIR0001221,"On October 21, 2025, ERO Harlingen reported the use of force on an Iranian national detainee, while housed at the PIDC in Los Fresnos, Texas. No injuries were reported. ERO leadership was notified."
757,Use of Force,"ERO Miami, Miami Federal Detention Center (FDC)","Undetermined, pending investigation",2026SIR0001254,"On October 21, 2025, ERO Miami reported the use of force on a Nicaraguan national detainee, while housed at the FDC in Miami, Florida. No injuries were reported. ERO leadership was notified."
758,Use of Force,"ERO Miami, Krome Service Processing Center (KSPC)","Undetermined, pending investigation",2026SIR0001249,"On October 21, 2025, ERO Miami reported the use of force on a Mexican national detainee, while housed at the KSPC in Miami, Florida. No injuries were reported. ERO leadership was notified."
759,Use of Force,"ERO New Orleans, Jackson Parish Correctional Center (JPCC)","Undetermined, pending investigation",2026SIR0001232,"On October 21, 2025, ERO New Orleans reported the use of force on a Tiirkiye national detainee, while housed at the JPCC in Jonesboro, Louisiana. No injuries were reported. ERO leadership was notified."
760,Use of Force,"ERO Houston, Joe Corley Processing Center (JCPC)","Undetermined, pending investigation",2026SIR0001344,"On October 22, 2025, ERO Houston reported the use of force on a Spanish national detainee, while housed at the JCPC in Conroe, Texas. No injuries were reported. ERO leadership was notified."
761,Use of Force,"ERO Philadelphia, Moshannon Valley Processing Center (MVPC)","Undetermined, pending investigation",2026SIR0001331,"On October 22, 2025, ERO Philadelphia reported the use of force on a Congolese national detainee, while housed at the MVPC in Philipsburg, Pennsylvania. No injuries were reported. ERO leadership and the ICE OPR Intake Center were notified."
762,Use of Force,"ERO Chicago, ICE Health Service Corps (IHSC), Grayson County Detention Center (GCDC)","Undetermined, pending investigation",2026SIR0001458,"On October 23, 2025, ERO Chicago reported the use of force on a Congolese national, while housed at the GCDC in Leitchfield Kentucky. No injuries were reported. ERO leadership, IHSC. and the ICE OPR Intake Center were notified."
763,Use of Force,"ERO Miami, ICE Health Service Corps (IHSC), Baker County Detention Center (BCDC)","Undetermined, pending investigation",2026SIR0001418,"On October 23, 2025, ERO Miami reported the use of force on a Cuban national detainee, while housed at the BCDC in MacClenny, Florida. No injuries were reported. ERO leadership was notified."
764,Use of Force,"ERO Denver, Denver Contract Detention Facility (DCDF)","Undetermined, pending investigation",2026SIR0001406,"On October 24, 2025, ERO Denver reported the use of force on a Mexican national detainee and a Tajikistani national detainee, while housed at the DCDF in Aurora, Colorado. No injuries were reported. ERO leadership was notified."
765,Use of Force,"ERO Dallas, LaSalle Corrections Facility (LCCF)","Undetermined, pending investigation",2026SIR0001593,"On October 26, 2025, ERO Dallas reported the use of force on a Salvadoran national detainee while housed at the LCF in Dallas, Texas. No injuries were reported. ERO leadership was notified."
766,Use of Force,"ERO El Paso, Otero County Processing Center (OCPC)","Undetermined, pending investigation",2026SIR0001659,"On October 27, 2025, ERO El Paso reported the use of force on a Colombian national detainee, while housed at the OCPC in Chaparral, New Mexico. No injuries were reported. ERO leadership was notified."
767,Use of Force,"ERO Philadelphia, Moshannon Valley Processing Center (MVPC)","Undetermined, pending investigation",2026SIR0001645,"On October 27, 2025, ERO Philadelphia reported the use of force on a Jamaican national detainee, while housed at the MVPC in Philipsburg, Pennsylvania. No injuries were reported. ERO leadership and the ICE OPR Intake Center were notified."
768,Use of Force,"ERO Philadelphia, ICE Health Service Corps (IHSC), Moshannon Valley Processing Center (MVPC)","Undetermined, pending investigation",2026SIR0001625,"On October 27, 2025, ERO Philadelphia reported the use of force on a French national detainee, while housed at the MVPC, in Philipsburg, Pennsylvania. No injuries were reported. ERO leadership and IHSC were notified."
769,Use of Force,"ERO San Francisco, ICE Health Service Corps (IHSC), ICE Office of the Principal Legal Advisor (OPLA), California City ICE Processing Center (CCIPC)","Undetermined, pending investigation",2026SIR0001675,"On October 27, 2025, ERO San Francisco reported the use of force on six Indian national detainees, while housed at the CCIPC in California City, California. No injuries were reported. ERO leadership, IHSC, OPLA, and the ICE OPR Intake Center were notified."
770,Use of Force,"ERO Boston, Plymouth County Correctional Facility (PCCF)","Undetermined, pending investigation",2026SIR0001676,"On October 28, 2025, ERO Boston reported the use of force on a Dominican national detainee and a Sudanese national detainee while housed at the PCCF in Burlington, Massachusetts. No injuries were reported. ERO leadership was notified."
771,Use of Force,"ERO Chicago, Miami Correctional Center (MCC)","Undetermined, pending investigation",2026SIR0001683,"On October 28, 2025, HSI Chicago reported the use of force on three Haitian national detainees while housed at the MCC in Bunker Hill, Indiana. An ERO officer sustained an injury to their shoulder. ERO leadership and the ICE OPR Intake Center were notified."
772,Use of Force,"ERO Chicago, Christian County Jail (CCJ)","Undetermined, pending investigation",2026SIR0001682,"On October 28, 2025, HSI Chicago reported the use of force on a Liberian national detainee while housed at the CCJ in Hopkinsville, Kentucky. No injuries were reported. ERO leadership and the ICE OPR Intake Center was notified."
773,Use of Force,"ERO Etowah, ERO New Orleans, Etowah County Jail (ECJ)","Undetermined, pending investigation",2026SIR0001698,"On October 28, 2025, HSI Etowah reported the use of force on a Venezuelan national detainee while housed at the ECJ in Gadsden, Alabama. The detainee sustained a head injury. ERO leadership and the ICE OPR Intake Center was notified."
774,Use of Force,"ERO Philadelphia, Moshannon Valley Processing Center (MVPC)","Undetermined, pending investigation",2026SIR0001660,"On October 28, 2025, ERO Philadelphia reported the use of force on a Congolese national detainee while housed at the MVPC, in Philipsburg, Pennsylvania. No injuries were reported. ERO leadership was notified."
775,Use of Force,"ERO San Antonio, T. Don Hutto Detention Center (TDHDC), ICE Health Service Corps (IHSC)","Undetermined, pending investigation",2026SIR0001699,"On October 28, 2025, ERO San Antonio reported the use of force on a Russian national detainee while housed at the TDHDC in Taylor, Texas. No injuries were reported. ERO leadership was notified."
776,Use of Force,"ERO San Antonio, ICE Health Service Corps (IHSC), T. Don Hutto Detention Center (TDHDC)","Undetermined, pending investigation",2026SIR0001700,"On October 28, 2025, ERO San Antonio reported the use of force on a Cuban national detainee while housed at the TDHDC in Taylor, Texas. No injuries were reported. ERO leadership was notified."
777,Use of Force,"ERO San Diego, Otay Mesa Detention Center (OMDC)","Undetermined, pending investigation",2026SIR0001741,"On October 28, 2025, ERO San Diego reported the use of force on a Mexican national detainee while housed at the OMDC in San Diego, California. No injuries were reported. ERO leadership was notified."
778,Use of Force,"ERO Atlanta, Folkston ICE Processing Center (FDRIPC)","Undetermined, pending investigation",2026SIR0001794,"On October 29, 2025, ERO Atlanta reported the use of force on a Mexican national detainee while housed at the FDRIPC in Folkston, Georgia. No injuries were reported. ERO leadership was notified."
779,Use of Force,"ERO San Antonio, T. Don Hutto Detention Center (TDHDC)","Undetermined, pending investigation",2026SIR0001780,"On October 29, 2025, ERO San Antonio reported the use of force on a Jordanian national detainee while housed at the TDHDC in Taylor, Texas. No injuries were reported. ERO leadership was notified."
780,Use of Force,"ERO El Paso, El Paso Processing Center (EPC)","Undetermined, pending investigation",2026SIR0001892,"On October 30, 2025, ERO El Paso reported the use of force on a Haitian national detainee while housed at the EPC in El Paso, Texas. No injuries were reported. ERO leadership was notified."
781,Use of Force,"ERO Los Angeles, Adelanto ICE Processing Center (APC)","Undetermined, pending investigation",2026SIR0001902,"On October 30, 2025, ERO Los Angeles reported the use of force on a Salvadoran national detainee while housed at the APC in Adelanto, California. No injuries were reported. ERO leadership and the ICE OPR Intake Center were notified."
782,Use of Force,"ERO Miami, Krome Service Processing Center (KSPC)","Undetermined, pending investigation",2026SIR0001854,"On October 30, 2025, ERO Miami reported the use of force on a Mexican national detainee while housed at the KSPC in Miami, Florida. A KSPC staff member sustained injuries to their face and head. ERO leadership was notified."
783,Use of Force,"ERO Dallas, Bluebonnet Detention Center (BBDC)","Undetermined, pending investigation",2025SIR0005673,"On January 31, 2025, ERO Dallas reported the use of oleoresin capsicum (OC) on a Venezuelan national detainee, housed at the BBDC in Anson, Texas. BBDC staff escorted the detainee to medical. No injuries were reported. ERO leadership and the ICE OPR Intake Center were notified."
784,Use of Force,"ERO Houston, ICE Health Service Corps (IHSC), Montgomery Processing Center (MPC)","Undetermined, pending investigation",2025SIR0005710,"On January 31, 2025, ERO Houston reported the use of force on a Colombian national detainee while housed in MPC in Conroe, Texas. MPC staff escorted the detainee to medical. No injuries were reported. ERO leadership was notified."
785,Use of Force,"ERO Miami, ERO Washington D.C., ICE Health Service Corps (IHSC), Krome Service Processing Center (KSPC)","Undetermined, pending investigation",2025SIR0005728,"On January 31, 2025, ERO Miami reported the use of oleoresin capsicum (OC) on a Haitian national detainee housed at the KSPC in Miami, Florida. KSPC staff escorted the detainee to medical. No Injuries were reported. ERO leadership and the ICE OPR Intake Center were notified."
786,Use of Force,"ERO Miami, Krome Service Processing Center (KSPC)","Undetermined, pending investigation",2025SIR0005778,"On January 31, 2025, ERO Miami reported the use of force on a Dominican national detainee while housed at the KSPC in Miami, Florida. No injuries were reported. ERO leadership was notified."
787,Use of Force,"ERO Philadelphia, Moshannon Valley Processing Center (MVPC)","Undetermined, pending investigation",2025SIR0005616,"On January 31, 2025, ERO Philadelphia reported the use of force and oleoresin capsicum (OC) spray on a Venezuelan national detainee while housed at the MVPC in Phillipsburg, Pennsylvania. MVPC staff escorted the detainee to medical. No injuries were reported. ERO leadership and the ICE OPR Intake Center were notified. I"
788,Use of Force,"ERO Philadelphia, Moshannon Valley Processing Center (MVPC)","Undetermined, pending investigation",2025SIR0005672,"On January 31, 2025, ERO Philadelphia reported the use of force on a Venezuelan national detainee while housed in MVPC in Philipsburg, Pennsylvania. MVPC staff escorted the detainee to medical. No injuries to report. ERO leadership and the Joint Intake Center were notified."
789,Use of Force,"ERO Washington D.C., Farmville Detention Center (FDC), ICE Health Service Corps (IHSC), Centra Southside Regional Hospital (CSRH), Virginia Commonwealth University Medical Center (VCUMC)","Undetermined, pending investigation",2025SIR0005831,"On February 2, 2025, ERO Washington, D.C. reported the use of oleoresin capsicum, (OC) spray on a Chad national detainee and a Guatemalan national detainee while housed at the FDC in Farmville, Virginia. No injuries were reported to the Guatemalan national detainee. The Chad national detainee was transported to the CSRH in Farmville, Virginia, for evaluation of facial injuries, then transferred to VCUMC in Richmond, Virginia for treatment. ERO leadership was notified."
790,Use of Force,"ERO Washington D.C., Farmville Detention Center (FDC), ICE Health Service Corps (IHSC)","Undetermined, pending investigation",2025SIR0005833,"On February 2, 2025, ERO Washington, D.C. reported the use of force on a Salvadoran national detainee while housed at the FDC in Farmville, Virginia. No injuries were reported. ERO leadership was notified."
791,Use of Force,"ERO Miami, ICE Health Service Corps (IHSC), Krome Service Processing Center (KSPC)","Undetermined, pending investigation",2025SIR0005810,"On February 1, 2025, ERO Miami reported the use of force on a Venezuelan national detainee while housed at the KSPC in Miami, Florida. No injuries were reported. ERO leadership was notified."
792,Use of Force,"ERO Miami, ICE Health Service Corps (IHSC), Krome Service Processing Center (KSPC)","Undetermined, pending investigation",2025SIR0005805,"On February 1, 2025, ERO Miami reported the use of force on a Russian national detainee while housed at the KSPC in Miami, Florida. No injuries were reported. ERO leadership was notified."
793,Use of Force,"ERO Atlanta, Folkston ICE Processing Center (FDRIPC)","Undetermined, pending investigation",2025SIR0005851,"On February 3, 2025, ERO Atlanta reported the use of oleoresin capsicum (OC) on an Afghan national detainee housed at the FIPC in Folkston, Georgia. No injuries were reported. ERO leadership was notified."
794,Use of Force,"ERO Houston, ICE Health Service Corps (IHSC), Montgomery Processing Center (MPC)","Undetermined, pending investigation",2025SIR0005867,"On February 3, 2025, ERO Houston reported the use of force on a Haitian national detainee housed in MPC in Conroe, Texas. MPC staff escorted the detainee to the Restricted Housing Unit. No injuries were reported. ERO leadership was notified."
795,Use of Force,"ERO Harlingen, El Valle Detention Facility (EVDF)","Undetermined, pending investigation",2025SIR0005984,"On February 4, 2025, ERO Harlingen reported the use of force on a Venezuelan national detainee, while housed at the EVDF in Raymondville, Texas. No injuries were reported. ERO leadership was notified."
796,Use of Force,"ERO Miami, Krome Service Processing Center (KSPC)","Undetermined, pending investigation",2025SIR0005918,"On February 4, 2025, ERO Miami reported the use of force on a Venezuelan national detainee housed at the KSPC in Miami, Florida. No injuries were reported. ERO leadership was notified."
797,Use of Force,"ERO Miami, Krome Service Processing Center (KSPC)","Undetermined, pending investigation",2025SIR0005923,"On February 4, 2025, ERO Miami reported the use of force on a Cuban national detainee and a Nicaraguan national detainee housed at the KSPC in Miami, Florida. No injuries were reported. ERO leadership was notified."
798,Use of Force,"ERO Los Angeles, ERO Adelanto, Desert View Facility (DVF)","Undetermined, pending investigation",2025SIR0006045,"On February 5, 2025, ERO Los Angeles reported the use of oleoresin capsicum (OC) on a Jordanian national detainee, housed at the DVF in Adelanto, California. DVF staff escorted the detainee to medical. No injuries were reported. ERO leadership was notified."
799,Use of Force,"ERO Miami, ERO Batavia, ICE Health Service Corps (IHSC), Krome Service Processing Center (KSPC)","Undetermined, pending investigation",2025SIR0006035,"On February 5, 2025, ERO Miami reported the use of force on a Jamaican national detainee, housed at the KSPC in Miami, Florida. IHSC medical staff evaluated the detainee. No injuries were reported. ERO leadership was notified."
800,Use of Force,"ERO New Orleans, Winn Correctional Center (WCC)","Undetermined, pending investigation",2025SIR0006061,"On February 5, 2025, ERO New Orleans reported the use of force on a Nigerian national detainee housed at the WCC in Winnfield, Louisiana. The detainee was medically evaluated. No injuries were reported. ERO leadership was notified."
801,Use of Force,"ERO Houston, ICE Health Service Corps (IHSC), Montgomery Processing Center (MPC)","Undetermined, pending investigation",2025SIR0006091,"On February 6, 2025, ERO Houston reported the use of force on a Venezuelan national detainee housed in MPC in Conroe, Texas. MPC staff escorted the detainee to medical. No injuries were reported. ERO leadership was notified."
802,Use of Force,"ERO Miami, Krome Service Processing Center (KSPC), ICE Health Service Corps (IHSC)","Undetermined, pending investigation",2025SIR0006142,"On February 7, 2025, ERO Miami reported the use of force on a Nicaraguan national detainee housed at the KSPC in Miami Florida. KSPC medical staff evaluated the detainee. No injuries were reported. ERO leadership and the ICE OPR Intake Center were notified."
803,Use of Force,"ERO San Antonio, ICE Health Service Corps (IHSC), T. Don Hutto Detention Center (TDHDC)","Undetermined, pending investigation",2025SIR0006119,"On February 7, 2025, ERO San Antonio reported the use of force on a Salvadoran national detainee while housed at the TDHDC in Taylor, Texas. No injuries were reported. ERO leadership and the ICE OPR Intake Center were notified."
804,Use of Force,"ERO Boston, Strafford County Department of Corrections (SCDOC)","Undetermined, pending investigation",2025SIR0006231,"On February 8, 2025, ERO Boston reported the use of oleoresin capsicum on a Ugandan national detainee and a state inmate while housed at the SCDOC in Dover, New Hampshire. SCDOC medical staff evaluated, decontaminated, and medically cleared the detainee and inmate. No injuries were reported. ERO leadership was notified."
805,Use of Force,"ERO Houston, ICE Health Service Corps (IHSC), Montgomery Processing Center (MPC)","Undetermined, pending investigation",2025SIR0006223,"On February 8, 2025, ERO Houston reported the use of force on a Cuban national detainee housed at the MPC in Conroe, Texas. MPC staff escorted the detainee to IHSC medical. The detainee sustained a laceration on his left eyebrow. ERO leadership was notified."
806,Use of Force,"ERO San Antonio, ICE Health Service Corps (IHSC), South Texas ICE Processing Center (STIPC)","Undetermined, pending investigation",2025SIR0006236,"On February 8, 2025, ERO San Antonio reported the use of force on a Mali national detainee, while housed at the STIPC in Pearsall, Texas. STIPC staff escorted the detainee to THSC medical. No injuries were reported. ERO leadership was notified,"
807,Use of Force,"ERO Atlanta, Stewart Detention Center (SDC)","Undetermined, pending investigation",2025SIR0006258,"On February 9, 2025, ERO Atlanta reported the use of oleoresin capsicum (OC) on a Trinidad and Tobago national detainee while housed at the SDC in Lumpkin, Georgia. SDC staff escorted the detainee to medical for decontamination and a medical evaluation. No injuries were reported. ERO leadership was notified."
808,Use of Force,"ERO Atlanta, Stewart Detention Center (SDC)","Undetermined, pending investigation",2025SIR0006257,"On February 9, 2025, ERO Atlanta reported the use of oleoresin capsicum (OC) on a Haitian national detainee while housed at the SDC in Folkston, Georgia. SDC staff escorted the detainee to medical for decontamination and a medical evaluation. No injuries were reported. ERO leadership was notified."
809,Use of Force,"ERO Atlanta, Folkston ICE Processing Center (FDRIPC)","Undetermined, pending investigation",2025SIR0006308,"On February 10, 2025, ERO Atlanta reported the use of force on a Honduran national detainee while housed at the FIPC in Folkston, Georgia. FIPC staff escorted the detainee to medical for further evaluation, and FIPC staff determined the detainee's condition does not require transfer to an outside medical care provider. ERO leadership was notified."
810,Use of Force,"ERO Dallas, Bluebonnet Detention Center (BBDC)","Undetermined, pending investigation",2025SIR0006303,"On February 10, 2025, ERO Dallas reported the use of force on a Jamaican national detainee housed at the BDC in Anson, Texas. The detainee was medically evaluated and cleared, and no injuries were reported. BDC staff did not report any injuries, ERO leadership was notified."
811,Use of Force,"ERO Houston, ICE Health Service Corps (IHSC), Montgomery Processing Center (MPC)","Undetermined, pending investigation",2025SIR0006327,"On February 10, 2025, ERO Houston reported the use of force on a Nigerian national detainee housed at the MPC in Conroe, Texas. The detainee was medically evaluated and cleared, and no injuries were reported. MPC staff did not report any injuries. ERO leadership, and the ICE OPR Intake Center were notified."
812,Use of Force,"ERO Philadelphia, Moshannon Valley Processing Center (MVPC)","Undetermined, pending investigation",2025SIR0006290,"On February 10, 2025, ERO Philadelphia reported the use of force on a Salvadoran national detainee housed at MVPC in Philipsburg, Pennsylvania. MVPC staff escorted the detainee to medical for an evaluation. No injuries were reported. ERO leadership and the ICE OPR Intake Center were notified."
813,Use of Force,"ERO Houston, Montgomery Processing Center (MPC)","Undetermined, pending investigation",2025SIR0006358,"On February 11, 2025, ERO Houston reported the use of force on a Colombian national detainee housed at the MPC in Conroe, Texas. The detainee was medically evaluated. No injuries were reported. ERO leadership was notified."
814,Use of Force,"ERO Buffalo, Buffalo Federal Detention Facility (BFDF), ICE Health Service Corps (IHSC)","Undetermined, pending investigation",2025SIR0006488,"On February 13, 2025, ERO Buffalo reported the use of oleoresin capsicum spray on a Salvadoran national detainee housed at the BFDF in Batavia, New York. BFDF staff escorted the detainee for decontamination and medical evaluation. No injuries were reported. ERO leadership was notified."
815,Use of Force,"ERO Buffalo, ERO Miami, ERO Batavia, ICE Health Service Corps (IHSC), Krome Service Processing Center (KSPC)","Undetermined, pending investigation",2025SIR0006499,"On February 13, 2025, ERO Buffalo reported the use of force on a Jamaican national detainee housed at the KSPC in Miami, Florida. KSPC staff escorted the detainee for medical evaluation. No injuries were reported. ERO leadership was notified. _"
816,Use of Force,"ERO Philadelphia, Moshannon Valley Processing Center (MVPC)","Undetermined, pending investigation",2025SIR0006478,"On February 13, 2025, ERO Philadelphia reported the use of force on a Mexican national detainee housed at the MVPC in Philipsburg, Pennsylvania. The detainee was escorted to medical for decontamination and transported to a local hospital for further evaluation. The detainee cut their own left forearm. ERO leadership and ICE OPR Joint Intake were notified."
817,Use of Force,"ERO El Paso, ICE Health Service Corps (IHSC), El Paso Processing Center (EPC)","Undetermined, pending investigation",2025SIR0006566,"On February 14, 2025, ERO El Paso reported the use of force on a Venezuelan national detainee housed the EPC in El Paso, Texas. IHSC medical staff assessed the detainee for injuries and determined the detainee sustained an abrasion to his rightside facial area, but did not sustain any life threating injuries. ERO leadership was notified."
818,Use of Force,"ERO Philadelphia, Moshannon Valley Processing Center (MVPC)","Undetermined, pending investigation",2025SIR0006636,"On February 15, 2025, ERO Philadelphia reported the use of force on a Venezuelan national detainee, while housed at the MVPC in Philipsburg, Pennsylvania. No injuries were reported. ERO leadership and the ICE OPR Intake Center were notified."
819,Use of Force,"ERO Philadelphia, Moshannon Valley Processing Center (MVPC)","Undetermined, pending investigation",2025SIR0006637,"On February 15, 2025, ERO Philadelphia reported the use of force on a Venezuelan national detainee, while housed at the MVPC in Philipsburg, Pennsylvania. No injuries were reported. ERO leadership and the ICE OPR Intake Center were notified."
820,Use of Force,"ERO Philadelphia, Moshannon Valley Processing Center (MVPC)","Undetermined, pending investigation",2025SIR0006632,"On February 15, 2025, ERO Philadelphia reported the use of force on a Venezuelan national detainee, while housed at the MVPC in Philipsburg, Pennsylvania. No injuries were reported. ERO leadership and the ICE OPR Intake Center were notified."
821,Use of Force,"ERO Washington D.C., Farmville Detention Center (FDC)",Executive Office for Immigration Review,2025SIR0006655,"On February 15, 2024, ERO Washington, D.C. reported the use of oleoresin capsicum (OC) on a Nicaraguan national detainee, a Congolese national detainee, and a Guatemalan national detainee housed at the FDC in Farmville, Virginia. No injuries were reported. ERO leadership and the ICE OPR Intake Center were notified."
822,Use of Force,"ERO Dallas, Prairieland Detention Center (PDC)","Undetermined, pending investigation",2025SIR0006699,"On February 17, 2025, ERO Dallas reported the use of oleoresin capsicum on a Mexican national detainee housed at the PDC in Alvarado, Texas. PDC staff escorted the detainee for decontamination and a medical evaluation. No injuries were reported. ERO leadership was notified."
823,Use of Force,"ERO Phoenix, ICE Health Service Corps (IHSC), Eloy Detention Center (EDC)","Undetermined, pending investigation",2025SIR0006704,"On February 17, 2025, ERO Phoenix reported the use of oleoresin capsicum on a Mexican national detainee housed at the EDC in Eloy, Arizona. EDC staff escorted the detainee for decontamination and a medical evaluation. No injuries were reported. The detainee was placed on suicide watch, as he attempted to inflict self-harm. ERO leadership and the ICE OPR Intake Center were notified."
824,Use of Force,"ERO Miami, Krome Service Processing Center (KSPC)","Undetermined, pending investigation",2025SIR0006764,"On February 18, 2025, ERO Miami reported the use of force on a Cuban national detainee housed at the KSPC in Miami, Florida. IHSC medical staff evaluated the detainee. No injuries were reported. ERO leadership was notified."
825,Use of Force,"ERO Harlingen, El Valle Detention Facility (EVDF)","Undetermined, pending investigation",2025SIR0006853,"On February 19, 2025, ERO Harlingen reported the use of force on a Mexican national detainee and a Belizean national detainee housed at the EVDF in Raymondville, Texas. EVDF staff escorted the detainees to medical for post use-of-force medical evaluation. Both detainees suffered superficial scratches from the physical altercation. ERO leadership was notified."
826,Use of Force,"ERO Philadelphia, Pike County Correctional Facility (PCCF)","Undetermined, pending investigation",2025SIR0006899,"On February 20, 2025, ERO Philadelphia reported the use of force on a Dominican national detainee housed at the PCCF in Hawley, Pennsylvania. No injuries were reported. ERO leadership and the ICE OPR Intake Center were notified."
827,Use of Force,"ERO Phoenix, Eloy Detention Center (EDC)","Undetermined, pending investigation",2025SIR0006894,"On February 20, 2025, ERO Phoenix reported the use of oleoresin capsicum on a Cuban national detainee and Mexican national detainee housed at the EDC in Eloy, Arizona. No injuries were reported. ERO leadership and the ICE OPR Intake Center were notified."
828,Use of Force,"ERO San Antonio, T. Don Hutto Detention Center (TDHDC), ICE Health Service Corps (IHSC)","Undetermined, pending investigation",2025SIR0006979,"On February 21, 2025, ERO San Antonio reported the use of force on a Cuban national detainee housed at the TDHDC in Taylor, Texas. No injuries were reported. ERO leadership and the ICE OPR Intake Center were notified."
829,Use of Force,"ERO Detroit, Geauga County Jail (GCJ)","Undetermined, pending investigation",2025SIR0007070,"On February 23, 2025, ERO Detroit reported the use of an electro muscular discharge device on a Sierra Leone national detainee housed at the GCJ in Chardon, Ohio. No injuries were reported. ERO leadership and the ICE OPR Intake Center were notified."
830,Use of Force,"ERO Miami, Krome Service Processing Center (KSPC)","Undetermined, pending investigation",2025SIR0007058,"On February 23, 2025, ERO Miami reported the use of oleoresin capsicum (OC) spray on a Cuban national detainee and a Colombian national detainee while housed at the KSPC in Miami, Florida. No injuries were reported. ERO leadership was notified."
831,Use of Force,"ERO San Francisco, ICE Health Service Corps (IHSC), Golden State Annex (GSA)",Executive Office for Immigration Review,2025SIR0007075,"On February 23, 2025, ERO San Francisco reported the use of oleoresin capsicum (OC) spray on a Peruvian national detainee, while housed at the GSA in McFarland, California. The subject was decontaminated, and no injuries were reported. ERO leadership and IHSC were notified."
832,Use of Force,"ERO Harlingen, El Valle Detention Facility (EVDF)","Undetermined, pending investigation",2025SIR0007141,"On February 24, 2025, ERO Harlingen reported the use of force on an Ecuadorian national detainee, housed at the EVDF in Raymondville, Texas. EVDF staff escorted the detainee to medical for post use-of-force medical evaluation and clearance. It was determined the detainee sustained no injuries. ERO leadership was notified."
833,Use of Force,"ERO Houston, Houston Contract Detention Facility (HCDF)","Undetermined, pending investigation",2025SIR0007120,"On February 24, 2025, ERO Houston reported the use of force on a Cuban national detainee, housed at the HCDF in Houston, Texas. The detainee was transported to a local hospital in Humble, Texas, for a post use of force medical evaluation due to a laceration sustained over his chin and was released back to HCDF. ERO leadership was notified."
834,Use of Force,"ERO Dallas, Prairieland Detention Center (PDC)","Undetermined, pending investigation",2025SIR0007258,"On February 26, 2025, ERO Dallas reported the use of force on a Honduran national detainee while housed at the PDC in Alvarado, Texas. No injuries were reported. ERO leadership was notified."
835,Use of Force,"ERO Philadelphia, ICE Health Service Corps (IHSC), Moshannon Valley Processing Center (MVPC)","Undetermined, pending investigation",2025SIR0016859,"On August 11, 2025, ERO Philadelphia reported the use of oleoresin capsicum spray on a Nigerian detainee, while housed at _ the MVPC in Philipsburg, Pennsylvania. No injuries were reported. ERO leadership and the ICE OPR Intake Center were notified."
836,Use of Force,"ERO Miami, ICE Health Service Corps (IHSC), Krome Service Processing Center (KSPC), Miami Dade Fire and Rescue (MDFR)","Undetermined, pending investigation",2025SIR0012179,"On May 16, 2025, ERO Miami reported the use of force on a Mexican national detainee, while housed at the KSPC in Miami, Florida. Post incident, IHSC contacted MDFR, who transported the detainee to a local hospital in Miami, Florida, for alcohol withdrawal. ERO leadership was notified."
837,Use of Force,"ERO Miami, ICE Health Service Corps (IHSC), Krome Service Processing Center (KSPC)","Undetermined, pending investigation",2025SIR0012185,"On May 16, 2025, ERO Miami reported the use of force on a Cuban national detainee while housed at the KSPC in Miami, Florida. IHSC cleared the detainee of injuries. ERO leadership was notified."
838,Use of Force,"ERO New Orleans, Winn Correctional Center (WCC)","Undetermined, pending investigation",2025SIR0012181,"On May 16, 2025, ERO New Orleans reported the use of force on a Mauritanian national detainee housed at the WCC in Winnfield, Louisiana. No injuries were reported. ERO leadership was notified."
839,Use of Force,"ERO Los Angeles, Adelanto ICE Processing Center (APC)","Undetermined, pending investigation",2025SIR0016976,"On August 12, 2025, ERO Los Angeles reported the use of oleoresin capsicum spray on three Cuban national detainees, while housed at the APC in Adelanto, California. No injuries were reported. ERO leadership and the ICE OPR Joint Intake Center were notified."
840,Use of Force,"ERO San Antonio, ICE Health Service Corps (IHSC), South Texas ICE Processing Center (STIPC)","Undetermined, pending investigation",2025SIR0016929,"On August 12, 2025, ERO San Antonio reported the use of force on Haitian national detainee, housed at the STIPC in Pearsall, Texas. IHSC medical staff conducted a medical evaluation and cleared the detainee. No injuries were reported. ERO leadership was notified."
841,Use of Force,"ERO Detroit, ICE Health Service Corps (IHSC), North Lake Correctional Center (NLCC)","Undetermined, pending investigation",2025SIR0016755,"On August 13, 2025, ERO Detroit reported the use of force on a Somalian national detainee, while housed in the NLCC in Baldwin, Michigan. No injuries were reported. ERO leadership was notified."
842,Use of Force,"ERO San Antonio, ICE Health Service Corps (IHSC), South Texas ICE Processing Center (STIPC)","Undetermined, pending investigation",2025SIR0016933,"On August 13, 2025, ERO San Antonio reported the use of force on a Somalian national detainee, while housed in the STIPC in Pearsall, Texas. No injuries were reported. ERO leadership was notified."
843,Use of Force,"ERO Harlingen, Port Isabel Detention Center (PIDC)","Undetermined, pending investigation",2025SIR0012233,"On May 18, 2025, ERO Harlingen reported the use of force on a Sri Lankan national detainee while housed at the PIDC in Los Fresnos, Texas. No injuries were reported. ERO leadership was notified."
844,Use of Force,"ERO Harlingen, Rio Grande Processing Center (RGPC)","Undetermined, pending investigation",2025SIR0012239,"On May 18, 2025, ERO Harlingen reported the use of force on a Colombian national detainee while housed at the RGPC in Laredo, Texas. RGPC staff escorted them for medical evaluation. No injuries were reported. ERO leadership and the ICE OPR Intake Cener were notified."
845,Use of Force,"ERO Washington, Farmville Detention Center (FDC)","Undetermined, pending investigation",2025SIR0012237,"On May 18, 2025, ERO Washington reported the use of oleoresin capsicum on a Haitian national detainee while housed at the FDC in Farmville, Virginia. FDC contract officers escorted him to medical for decontamination and evaluation. No injuries were reported. ERO leadership and the ICE OPR Intake Center were notified."
846,Use of Force,"ERO El Paso, ICE Health Service Corps (IHSC), El Paso Processing Center (EPC)","Undetermined, pending investigation",2025SIR0017072,"On August 14, 2025, ERO El Paso reported the use of force on a Honduran national detainee, while housed at the EPC in El Paso, Texas. No injuries were reported. ERO leadership was notified."
847,Use of Force,"ERO Miami, Krome Service Processing Center (KSPC)","Undetermined, pending investigation",2025SIR0017047,"On August 14, 2025, ERO Miami reported the use of force on a Haitian national detainee, while housed at KSPC in Miami, Florida. No injuries were reported. ERO leadership and the ICE OPR Intake Center were notified."
848,Use of Force,"ERO Dallas, Bluebonnet Detention Center (BBDC)","Undetermined, pending investigation",2025SIR0012273,"On May 19, 2025, ERO Dallas reported the use of force on a Guatemalan national detainee following the physical assault of a contract officer, while housed at the BDC in Anson, Texas. The detainee was medically evaluated and placed in the Medical Observation Unit. ERO leadership was notified."
849,Use of Force,"ERO Phoenix, Eloy Detention Center (EDC)","Undetermined, pending investigation",2025SIR0017062,"On August 14, 2025, ERO Phoenix reported the use of oleoresin capsicum spray on a Russian national detainee, while housed at the EDC in Eloy, Arizona. No injuries were reported. ERO leadership and the ICE OPR Intake Center were notified."
850,Use of Force,"ERO Saint Paul, Kandiyohi County Jail (KCJ)","Undetermined, pending investigation",2025SIR0012289,"On May 19, 2025, ERO St. Paul reported the use of force on a Djiboutian national detainee while housed at the KCJ in Willmar, Minnesota. KCJ staff escorted them for medical evaluation. No injuries were reported. ERO leadership was notified."
851,Use of Force,"ERO Philadelphia, Pike County Correctional Facility (PCCF)","Undetermined, pending investigation",2025SIRO012288,"On May 19, 2025, ERO Philadelphia reported the use of force on a Cuban national while housed at the PCCF in Hawley, Pennsylvania, PCCP medical staff evaluated the detainee and reported no injuries, however, he was treated at a local hospital for dehydration. ERO leadership and the ICE OPR Intake Center were notified,"
852,Use of Force,"ERO San Antonio, ICE Health Service Corps (IHSC), South Texas ICE Processing Center (STIPC)","Undetermined, pending investigation",2025SIR0017095,"On August 14, 2025, ERO San Antonio reported the use of force on an Iranian national detainee, while housed in the STIPC in Pearsall, Texas. No injuries were reported. ERO leadership was notified."
853,Use of Force,"ERO Washington, Farmville Detention Center (FDC)","Undetermined, pending investigation",2025SIR0012284,"On May 19, 2025, ERO Washington reported the use of force and deployment of Oleoresin Capsicum (OC) spray on a Honduran and Nigerian national detainee while housed at the FDC in Farmville, Virginia, FDC staff escorted them for decontamination and medical evaluation. No injuries were reported. ERO leadership and the ICE OPR Intake Center were notified."
854,Use of Force,ERO Baltimore,Executive Office for Immigration Review,2025SIR0016596,"On August 15, 2025, ERO Baltimore reported the use of force on a Venezuelan national, while in custody at the ERO Baltimore Office in Baltimore, Maryland. No injuries were reported. ERO leadership was notified."
855,Use of Force,"ERO Miami, ICE Health Service Corps (IHSC), Krome Service Processing Center (KSPC)","Undetermined, pending investigation",2025SIR0017185,"On August 16, 2025, ERO Miami reported the use of force on a Cuban national detainee, while housed at the KSPC in Miami, Florida. No injuries were reported. ERO leadership was notified."
856,Use of Force,"ERO Seattle, Northwest ICE Processing Center (NWPIC)","Undetermined, pending investigation",2025SIR0017203,"On August 16, 2025, ERO Seattle reported the use of force on an Afghan national detainee, while housed at the NWIPC in Tacoma, Washington. No injuries were reported. ERO leadership and the ICE OPR Intake Center were notified."
857,Use of Force,"ERO Seattle, Northwest ICE Processing Center (NWPIC)","Undetermined, pending investigation",2025SIR0017205,"On August 16, 2025, ERO Seattle reported the use of force on an Indian national detainee, while housed at the NWIPC in Tacoma, Washington. No injuries were reported. ERO leadership and the ICE OPR intake Center were notified."
858,Use of Force,"ERO Philadelphia, Moshannon Valley Processing Center (MVPC)","Undetermined, pending investigation",2025SIR0012380,"On May 21, 2025, ERO Philadelphia reported the use of force on a Guianan national while housed at the MVPC in Philipsburg Pennsylvania. MVPC medical staff evaluated the detainee and reported no injuries. ERO leadership and the ICE OPR Intake Center were notified."
859,Use of Force,"ERO Seattle, ICE Health Service Corps (IHSC), Northwest ICE Processing Center (NWPIC)","Undetermined, pending investigation",2025SIR0012450,"On May 21, 2025, ERO Seattle reported the use of force on a Chadian national detainee while housed at the NWIPC in Tacoma, Washington. The detainee was escorted to medical for evaluation by IHSC medical staff. No injuries were reported. ERO leadership and the ICE OPR Intake Center were notified."
860,Use of Force,"ERO Harlingen, ICE Health Service Corps (IHSC), Port Isabel Detention Center (PIDC)","Undetermined, pending investigation",2025SIR0017208,"On August 17, 2025, ERO Harlingen reported the use of force on an Iranian national detainee, while housed at the PIDC in Los Fresnos, Texas. No injuries were reported. ERO leadership was notified."
861,Use of Force,"ERO Detroit, Calhoun County Jail (CCJ)","Undetermined, pending investigation",2025SIR0017263/2025SIR0017251,"On August 18, 2025, ERO Detroit reported the use of force, involving a taser, on two Nicaraguan national detainees while housed at the CCJ in Battle Creek, Michigan. The detainees are suspected of being primary instigators of a riot which stemmed from inmate grievances concerning food-related issues. The ensuing riot resulted in the reporting of scratches to the faces and bruising to the heads and extremities injuries of multiple correctional deputies. ERO leadership was notified."
862,Use of Force,"ERO Harlingen, ERO Laredo, Webb County Detention (WCDC)","Undetermined, pending investigation",2025SIR0017273,"On August 19, 2025, ERO Harlingen reported the use of force on a Mexican national detainee while housed at the WCDC in Laredo, Texas. No injuries were reported. ERO leadership was notified."
863,Use of Force,"ERO Atlanta, Folkston ICE Processing Center (FDRIPC)","Undetermined, pending investigation",2025SIR0012539,"On May 22, 2025, ERO Atlanta reported the use of force on a Honduran national while housed at the FIPC in Folkston, Georgia. On May 22, 2025, medical staff evaluated the detainee and reported no injuries. ERO leadership and the ICE OPR Intake Center were notified."
864,Use of Force,"ERO Los Angeles, ERO Adelanto, Adelanto ICE Processing Center (APC)","Undetermined, pending investigation",2025SIR0017346/2025SIR0017349,"On August 19, 2025, ERO Los Angeles reported the use of oleoresin capsicum spray on a Fijian national detainee and a Mexican national detainee while housed at the APC in Adelanto, California. No injuries were reported. ERO leadership and the ICE OPR Joint Intake Center were notified."
865,Use of Force,"ERO New Orleans, Pine Prairie ICE Processing Center (PPC)","Undetermined, pending investigation",2025SIR0017333,"On August 19, 2025, ERO New Orleans reported the use of oleoresin capsicum spray on a Cuban national detainee, while housed at the PPIPC in Pine Prairie, Louisiana. No injuries were reported. ERO leadership and the ICE OPR Intake Center were notified."
866,Use of Force,"ERO Dallas, Prairieland Detention Center (PDC)","Undetermined, pending investigation",2025SIR0012390,"On May 22, 2025, ERO Dallas reported the use of oleoresin capsicum (OC) spray on a Colombian national detainee while housed at the PDC in Alvarado, Texas. PDC staff deployed OC spray and forced the detainee to the ground, then applied hand restraints. PDC security staff escorted the detainee to the medical department for decontamination and evaluation. No injuries were reported. ERO leadership was notified."
867,Use of Force,"ERO Seattle, ICE Health Service Corps (IHSC), Northwest ICE Processing Center (NWPIC)","Undetermined, pending investigation",2025SIR0012501,"On May 22, 2025, ERO Seattle reported the use of force on a Chadian national detainee while housed at the NWIPC in Tacoma Washington. The detainee was escorted to medical for evaluation by IHSC medical staff. No injuries were reported. ERO leadership and the ICE OPR Intake Center were notified."
868,Use of Force,"ERO San Antonio, ICE Health Service Corps (IHSC), South Texas ICE Processing Center (STIPC)","Undetermined, pending investigation",2025SIR0017404,"On August 20, 2025, ERO San Antonio reported the use of force on a Mexican national detainee, while housed in the STIPC in Pearsall, Texas. No injuries were reported. ERO leadership was notified."
869,Use of Force,"ERO San Antonio, ICE Health Service Corps (IHSC), South Texas ICE Processing Center (STIPC)","Undetermined, pending investigation",2025SIR0012561,"On May 23, 2025, ERO San Antonio reported the use of force on an Ecuadorian national detainee housed at the STIPC in Pearsall, Texas. The detainee had a small abrasion on his left ankle and head. ERO leadership was notified."
870,Use of Force,"ERO San Antonio, ICE Health Service Corps (IHSC), South Texas ICE Processing Center (STIPC)","Undetermined, pending investigation",2025SIR0017496,"On August 21, 2025, ERO San Antonio reported the use of force on an Iranian national detainee, while housed in the STIPC in Pearsall, Texas. No injuries were reported. ERO leadership was notified."
871,Use of Force,"ERO El Paso, ICE Health Service Corps (IHSC), El Paso Processing Center (EPC)","Undetermined, pending investigation",2025SIR0012652,"On May 25, 2025, ERO El Paso reported the use of force on a Micronesian national detainee while housed at the EPC in El Paso, Texas. The detainee was evaluated by EPC behavioral health staff who reported no injuries. No injuries were reported to EPC staff. ERO leadership was notified."
872,Use of Force,"ERO Houston, Joe Corley Processing Center (JCPC)","Undetermined, pending investigation",2025SIR0017510,"On August 22, 2025, ERO Houston reported the use of force on a Senegalese national detainee while housed at the JCPC in Conroe, Texas. The detainee sustained minor cuts and bruises on his forehead, was sent to the local hospital, and was cleared from any potential head trauma. ERO leadership was notified."
873,Use of Force,"ERO Philadelphia, ERO Pittsburgh Field Office Processing (EPFOP)","Undetermined, pending investigation",2025SIR0017508,"On August 22, 2025, ERO Philadelphia reported the use of force on a Guatemalan national during in-processing at the EPFOP ih Pittsburgh, Pennsylvania. No injuries were reported. ERO leadership was notified."
874,Use of Force,"ERO Seattle, ERO Seattle Processing (ESP)","Undetermined, pending investigation",2025SIR0017225,"On August 22, 2025, ERO Seattle reported the use of force on a Mexican national during processing at the ESP in Yakima, Washington. No injuries were reported. ERO leadership and the ICE OPR Joint Intake Center were notified."
875,Use of Force,"ERO Los Angeles, Desert View Facility (DVF)","Undetermined, pending investigation",2025SIR0017626,"On August 24, 2025, ERO Los Angeles reported the use of oleoresin capsicum spray on a Colombian national, while housed at the DVF in Adelanto, California. No injuries were reported. ERO leadership and the ICE OPR Intake Center were notified."
876,Use of Force,"ERO Los Angeles, Adelanto ICE Processing Center (APC)","Undetermined, pending investigation",2025SIR0017352,"On August 24, 2025, ERO Los Angeles reported the use of oleoresin capsicum spray on three Cuban national detainees, while housed at the APC in Adelanto, California. No injuries were reported. ERO leadership and the ICE OPR Intake Center were notified."
877,Use of Force,"ERO Phoenix, ICE Health Service Corps (IHSC), Eloy Detention Center (EDC), Eloy Police Department (EPD)","Undetermined, pending investigation",2025SIR0017634,"On August 24, 2025, ERO Phoenix reported the use of oleoresin capsicum spray on a Russia national detainee, while housed at the EDC in Eloy, Arizona. No injuries were reported. ERO leadership and ICE OPR Intake Center were notified."
878,Use of Force,"ERO El Paso, Camp East Montana (CEM)","Undetermined, pending investigation",2025SIR0017685,"On August 25, 2025, ERO El Paso reported the use of oleoresin capsicum (OC) spray on a Brazilian national detainee, while housed at the CEM in El Paso, Texas. No injuries were reported. ERO leadership was notified."
879,Use of Force,"ERO Washington D.C., Farmville Detention Center (FDC)","Undetermined, pending investigation",2025SIR0012720,"On May 27, 2025, ERO Washington, D.C. reported the use of force on a Honduran national while housed at the FDC in Farmville, Virginia. The detainee did not sustain any injuries and was transported to a medical unit for observation, ERO leadership and the ICE OPR Intake Center were notified."
880,Use of Force,"ERO Miami, ICE Health Service Corps (IHSC), Krome Service Processing Center (KSPC)","Undetermined, pending investigation",2025SIR0017718,"On August 26, 2025, ERO Miami reported the use of force on a Bahamian national detainee, while housed at the KSPC in Miami, Florida. No injuries were reported. ERO leadership was notified."
881,Use of Force,"ERO Phoenix, Central Arizona Florence Correctional Complex (CAFCC), Florence Police Department (FPD)","Undetermined, pending investigation",2025SIR0017706,"On August 26, 2025, ERO Phoenix reported the use of oleoresin capsicum (OC) spray on a Honduran national detainee, while housed at the CAFCC in Florence, Arizona. No injuries were reported. ERO leadership, FPD and the ICE OPR Intake Center were notified."
882,Use of Force,"ERO San Antonio, T. Don Hutto Detention Center (TDHDC)","Undetermined, pending investigation",2025SIR0012732,"On May 28, 2025, ERO San Antonio reported the use of force on a Guatemalan national detainee while housed at the TDHDC in Taylor, Texas. No injuries were reported. ERO leadership was notified."
883,Use of Force,"ERO Phoenix, ICE Health Service Corps (IHSC), Eloy Detention Center (EDC)",N/A,2025SIR0012766,"On May 28, 2025, ERO Phoenix reported the use of oleoresin capsicum (OC) on a Mauritanian national detainee and a Mexican national detainee while housed at Eloy Detention Center (EDC) in Eloy, Arizona. EDC staff decontaminated the detainees and one suffered a minor cut above the right ear. ERO leadership and the Joint Intake Center were notified."
884,Use of Force,"ERO Denver, Denver Contract Detention Facility (DCDF)","Undetermined, pending investigation",2025SIR0017745,"On August 27, 2025, ERO Denver reported the use of force on a Colombian national detainee, while housed at the DCDF in Aurora, Colorado. No injuries were reported. ERO leadership and ICE OPR Intake Center were notified."
885,Use of Force,"ERO Phoenix, Central Arizona Florence Correctional Complex (CAFCC)","Undetermined, pending investigation",2025SIR0017771,"On August 27, 2025, ERO Phoenix reported the use of force on a Venezuelan national detainee, while housed at the CAFCC in Florence, Arizona. No injuries were reported. ERO leadership and ICE OPR Intake Center were notified."
886,Use of Force,"ERO El Paso, ICE Health Service Corps (IHSC), Torrance County Detention Facility (TCDF)","Undetermined, pending investigation",2025SIR0012841,"On May 29, 2025, ERO El Paso reported the use of force on a Bolivian national detainee, while housed at the TCDF in Estancia, New Mexico. IHSC conducted a medical evaluation of the detainee, and no injuries were reported. ERO leadership was notified."
887,Use of Force,"ERO Harlingen, El Valle Detention Facility (EVDF)","Undetermined, pending investigation",2025SIR0012909,"On May 29, 2025, ERO Harlingen reported the use of force on three Venezuela national detainees while housed at the EVDF in Raymondville, Texas. The detainees were medically evaluated, and no injuries were reported. ERO leadership was notified."
888,Use of Force,"ERO Harlingen, ICE Health Service Corps (IHSC), Port Isabel Detention Center (PIDC)","Undetermined, pending investigation",2025SIR0012888/2025SIR0012910,"On May 29, 2025, ERO Harlingen reported two use of force incidents on an Iranian national detainee, while housed at the PIDC in Los Fresnos, Texas. The detainee was medically evaluated, and no injuries were reported. ERO leadership was notified."
889,Use of Force,"ERO Miami, ICE Health Service Corps (IHSC), Krome Service Processing Center (KSPC)","Undetermined, pending investigation",2025SIR0012871,"On May 29, 2025, ERO Miami reported the use of force on a Guatemalan national detainee, while housed at the KSPC in Miami, Florida. IHSC medically evaluated the detainee, and no injuries were reported. ERO leadership was notified."
890,Use of Force,"ERO Atlanta, Folkston ICE Processing Center (FDRIPC)","Undetermined, pending investigation",2025SIR0012970,"On May 30, 2025, ERO Atlanta reported the use of oleoresin capsicum spray on a Ghanaian national detainee, while housed at the FIPC located in, Folkston, Georgia. The detainee was medically evaluated, and no injuries were reported. ERO leadership and the ICE OPR Intake Center were notified."
891,Use of Force,"ERO Detroit, Calhoun County Jail (CCJ)","Undetermined, pending investigation",2025SIR0012949,"On May 30, 2025, ERO Detroit reported the use of force on a Mexican national who assaulted a CCJ officer, while housed at the CCJ in Battle Creek, Michigan. CCJ medical staff evaluated the detainee and reported no injuries. ERO leadership, ICE Health Service Corps, and the ICE OPR Joint Intake Center were notified."
892,Use of Force,"ERO Harlingen, El Valle Detention Facility (EVDF)","Undetermined, pending investigation",2025SIR0012945,"On May 30, 2025, ERO Harlingen reported the use of force on a Mexican national while housed at the EVDF in Raymondville. Texas. EVDF medical staff treated the detainee for a minor laceration to his lip. ERO leadership was notified."
893,Use of Force,"ERO Harlingen, ICE Health Service Corps (IHSC), Port Isabel Detention Center (PIDC)","Undetermined, pending investigation",2025SIR0012979,"On May 30, 2025, ERO Harlingen reported the use of force on an Iranian national, while housed at the PIDC in Los Fresnos, : Texas. ERO Harlingen and THSC continue to monitor the detainee and no injuries were reported. ERO leadership was notified."
894,Use of Force,"ERO Houston, Montgomery Processing Center (MPC), ICE Health Service Corps (IHSC)","Undetermined, pending investigation",2025SIR0012954,"On May 30, 2025, ERO Houston reported the use of force on a Salvadoran national while housed at the MPC in Conroe, Texas. THSC medically evaluated the detainee, and no injuries were reported. ERO leadership was notified."
895,Use of Force,"ERO Dallas, Prairieland Detention Center (PDC)","Undetermined, pending investigation",2025SIR0012982,"On May 31, 2025, ERO Dallas reported the use of force on a Cuban national while housed at the PDC in Alvarado, Texas No injures were reported. ERO leadership and ICE OPR Joint Intake Center were notified."
896,Use of Force,"ERO Miami, ICE Health Service Corps (IHSC), Krome Service Processing Center (KSPC)","Undetermined, pending investigation",2025SIR0013013,"On May 31, 2025, ERO Miami reported the use of force on a Honduran national while housed at the KSPC in Miami. Florida. No injuries were reported. ERO leadership was notified."
897,Use of Force,"ERO Miami, ICE Health Service Corps (IHSC), Baker County Detention Center (BCDC)","Undetermined, pending investigation",2025SIR0013005,"On May 31, 2025, ERO Miami reported the use of force on a Dominican national detainee while housed at the BCDC in Macclenny, Florida. No injuries were reported. ERO leadership was notified."
898,Use of Force,"ERO Atlanta, Folkston ICE Processing Center (FDRIPC)","Undetermined, pending investigation",2025SIR0013022,"On June 1, 2025, HSI Atlanta reported the use of oleoresin capsicum spray on a Honduran national detainee while housed at the FIPC in, Folkston, Georgia. No injuries were reported. ERO leadership was notified."
899,Use of Force,"ERO Harlingen, Port Isabel Detention Center (PIDC)","Undetermined, pending investigation",2025SIR0013048,"On June 2, 2025, ERO Harlingen reported the use of force on an Iranian national detainee while housed at the PIDC in Los Fresnos, Texas. No injuries were reported. ERO leadership was notified."
900,Use of Force,"ERO Phoenix, Central Arizona Florence Correctional Complex (CAFCC)","Undetermined, pending investigation",2025SIR0013061,"On June 2, 2025, ERO Phoenix reported the use of force and deployment of Oleoresin Capsicum spray on a Mexican national detainee, while housed at the CAFCC in Florence, Arizona. CAFCC staff escorted them for decontamination and medical evaluation. The detainee was treated for head injuries due to self-harm during the incident. ERO leadership and the ICE OPR Intake Center were notified."
901,Use of Force,"ERO Los Angeles, Adelanto ICE Processing Center (APC)","Undetermined, pending investigation",2025SIR0013085,"On June 3, 2025, ERO Los Angeles reported the use of oleoresin capsicum spray on a Belizean national detainee while housed at the APC in Adelanto, California. No injuries were reported. ERO leadership was notified."
902,Use of Force,"ERO Miami, ICE Health Service Corps (IHSC), Krome Service Processing Center (KSPC)","Undetermined, pending investigation",2025SIR0013081,"On June 3, 2025, ERO Miami reported the use of force on a Colombian national and a Venezuelan national while housed at the KSPC in Miami, Florida. IHSC medical staff evaluated the detainee and reported superficial injuries. ERO leadership was notified."
903,Use of Force,"ERO Philadelphia, Pike County Correctional Facility (PCCF)","Undetermined, pending investigation",2025SIR0013135,"On June 3, 2025, ERO Philadelphia reported the use of force on aDominican national while housed at the PCCF in Hawley, Pennsylvania. No injuries were reported. ERO leadership and the ICE OPR Intake Center were notified."
904,Use of Force,"ERO El Paso, ICE Health Service Corps (IHSC), Torrance County Detention Facility (TCDF)","Undetermined, pending investigation",2025SIR0013212,"On June 4, 2025, ERO El Paso reported the use of force on a Dominican national detainee, while housed at the TCDF in Estancia, New Mexico. No injuries were reported. ERO leadership was notified."
905,Use of Force,"ERO Harlingen, Webb County Detention (WCDC)","Undetermined, pending investigation",2025SIR0017837,"On August 28, 2025, ERO Harlingen reported the use of force on a Venezuelan national detainee, while housed at the WDDC in Laredo, Texas. No injuries were reported. ERO leadership was notified."
906,Use of Force,"ERO Houston, IAH Secure Adult Detention Center (IAH)","Undetermined, pending investigation",2025SIR0017870,"On August 28, 2025, ERO Houston reported the use of force on a Nicaraguan national detainee, while housed at the IAH in Livingston, Texas. No injuries were reported. ERO leadership was notified."
907,Use of Force,"ERO Atlanta, ERO Miami, Baker County Detention Center (BCDC)","Undetermined, pending investigation",2025SIR0017931,"On August 29, 2025, ERO Atlanta reported the use of force on a Honduran national detainee, while housed at the BCDC in MacClenny, Florida. No injuries were reported. ERO leadership was notified."
908,Use of Force,"ERO Los Angeles, ERO Adelanto, Adelanto ICE Processing Center (APC)","Undetermined, pending investigation",2025SIR0017952,"On August 29, 2025, ERO Los Angeles reported the use of force on a Vietnamese national detainee, while housed at the APC in Adelanto, California. No injuries were reported. ERO leadership and the ICE OPR Intake Center were notified."
909,Use of Force,"ERO Los Angeles, ERO Adelanto, Adelanto ICE Processing Center (APC)","Undetermined, pending investigation",2025SIR0017970,"On August 29, 2025, ERO Los Angeles reported the use of force on a Russian national detainee, while housed at the APC in Adelanto, California. The detainee attempted suicide with the intent to cut himself, causing multiple self-inflicted, superficial lacerations to the left forearm with a razor. The detainee was transported to a local hospital, treated for his wounds, and released back ERO custody. ERO leadership and the ICE OPR Intake Center were notified."
910,Use of Force,"ERO Miami, ICE Health Service Corps (IHSC), Krome Service Processing Center (KSPC)","Undetermined, pending investigation",2025SIR0017930,"On August 29, 2025, ERO Miami reported the use of force on a Haitian national detainee, while housed at the KSPC in Miami, Florida. No injuries were reported. ERO leadership was notified."
911,Use of Force,"ERO San Diego, Otay Mesa Detention Center (OMDC)","Undetermined, pending investigation",2025SIR0018005,"On August 30, 2025, ERO San Diego reported the use of force on a Cuban national detainee, while housed at the OMDC in San Diego, California. No injuries were reported. ERO leadership and the ICE OPR Intake Center were notified."
912,Use of Force,"ERO El Paso, Camp East Montana (CEM)","Undetermined, pending investigation",2025SIR0018033,"On September 1, 2025, ERO El Paso reported the use of force on a Cuban national detainee while housed at the CEM in El Paso, Texas. No injuries were reported. ERO leadership was notified."
913,Use of Force,"ERO El Paso, ICE Health Service Corps (IHSC), Eloy Detention Center (EDC)","Undetermined, pending investigation",2025SIR0018057,"On September 1, 2025, ERO El Paso reported the use of force on a Mexican national detainee and a Chinese National detainee while housed at the EDC in Eloy, Arizona. The Chinese national detainee suffered multiple lacerations to the right side of his face, left upper arm and a bump over his left eye. The Mexican national detainee suffered a laceration on his right ear. ERO leadership and the ICE OPR Intake Center was notified."
914,Use of Force,"ERO Phoenix, Eloy Detention Center (EDC)","Undetermined, pending investigation",2025SIR0018042,"On September 1, 2025, ERO Phoenix reported the use of force on a Chinese national detainee while housed at the EDC in Eloy, Arizona. No injuries were reported. ERO leadership and the ICE OPR Intake Center were notified."
915,Use of Force,"ERO San Antonio, ICE Health Service Corps (IHSC), South Texas ICE Processing Center (STIPC)","Undetermined, pending investigation",2025SIR0018054,"On September 1, 2025, ERO San Antonio reported the use of force on a Guatemalan national detainee, while housed in the STIPC in Pearsall, Texas. A staff member sustained an injury to the right shoulder. ERO leadership was notified."
916,Use of Force,"ERO El Paso, ICE Health Service Corps (IHSC), El Paso Processing Center (EPC)","Undetermined, pending investigation",2025SIR0018097,"On September 2, 2025, ERO Fl Paso reported the use of force on an Israeli (Palestinian) national detainee, while housed at the EPC in El Paso, Texas. No injuries were reported. ERO leadership was notified."
917,Use of Force,"ERO Harlingen, ICE Health Service Corps (IHSC), Port Isabel Detention Center (PIDC)","Undetermined, pending investigation",2025SIR0018075,"On September 2, 2025, ERO Harlingen reported the use of force on a Venezuelan national detainee, while housed at the PIDC in Los Fresnos, Texas. No injuries were reported. ERO leadership was notified."
918,Use of Force,"ERO New Orleans, Winn Correctional Center (WCC)","Undetermined, pending investigation",2025SIR0018087,"On September 2, 2025, ERO New Orleans reported the use of force on a Mexican national detainee, while housed at the WCC in Winnfield, Louisiana. No injuries were reported. ERO leadership and the ICE OPR Intake Center were notified."
919,Use of Force,"ERO Boston, Plymouth County Correctional Facility (PCCF)","Undetermined, pending investigation",2025SIR0018146,"On September 3, 2025, ERO Boston reported the use of force on two Brazilian national detainees, while housed at the PCCF in Plymouth, Massachusetts. No injuries were reported. ERO leadership was notified."
920,Use of Force,"ERO Los Angeles, ERO Adelanto, Adelanto ICE Processing Center (APC)","Undetermined, pending investigation",2025SIR0018113/2025SIR0018114,"On September 3, 2025, ERO Los Angeles reported the use of force on an Afghan national detainee and a Somalian national detainee, while housed at the APC in Adelanto, California. No injuries were reported. ERO leadership and the ICE OPR Intake Center were notified."
921,Use of Force,"ERO Los Angeles, Adelanto ICE Processing Center (APC)","Undetermined, pending investigation",2025SIR0018250,"On September 4, 2025, ERO Los Angeles reported the use of force on a Mexican national detainee, while housed at the APC in Adelanto, California. No injuries were reported. ERO leadership and the ICE OPR Intake Center were notified."
922,Use of Force,"ERO New Orleans, Alexandria Staging Facility (ASF)","Undetermined, pending investigation",2025SIR0018181,"On September 4, 2025, ERO New Orleans reported the use of force on two Honduran national detainees, a Salvadoran national detainee, and a Colombian national detainee, while housed at the ASF in Alexandria, Louisiana. No injuries were reported. ERO leadership and the ICE OPR Intake Center were notified."
923,Use of Force,"ERO New Orleans, Winn Correctional Center (WCC)","Undetermined, pending investigation",2025SIR0018191,"On September 4, 2025, ERO New Orleans reported the use of force on a Venezuelan national detainee, while housed at the WCC in Winnfield, Louisiana. No injuries were reported. ERO leadership and the ICE OPR Intake Center were notified."
924,Use of Force,"ERO Dallas, Bluebonnet Detention Center (BBDC)","Undetermined, pending investigation",2025SIR0018326,"On September 5, 2025, ERO Dallas reported the use of force on a Indian national detainee, while housed at the BDC in Anson Texas. No injuries were reported. ERO leadership was notified."
925,Use of Force,"ERO Philadelphia, Moshannon Valley Processing Center (MVPC)","Undetermined, pending investigation",2025SIR0018273,"On September 5, 2025, ERO Philadelphia reported the use of force on a Congolese national detainee, while housed at the MVPC in Philipsburg, Pennsylvania. No injuries were reported. ERO leadership and the ICE OPR Intake Center were notified."
926,Use of Force,"ERO San Francisco, ERO Bakersfield, ICE Office of the Principal Legal Advisor (OPLA), Mesa Verde ICE Processing Center (MVIPC), California City ICE Processing Center (CCIPC)","Undetermined, pending investigation",2025SIR0018353,"On September 6, 2025, ERO San Francisco reported the use of force on a Colombian national detainee and a Salvadoran national detainee, while housed at the MVIPC in Bakersfield, California. No injuries were reported. ERO leadership, OPLA and the ICE OPR Intake Center were notified."
927,Use of Force,"ERO New Orleans, Winn Correctional Center (WCC)","Undetermined, pending investigation",2025SIR0018389,"On September 7, 2025, ERO New Orleans reported the use of force on a Guatemalan national detainee, while housed at the WCC in Winnfield, Louisiana. No injuries were reported. ERO leadership and the ICE OPR Intake Center were notified."
928,Use of Force,"ERO Harlingen, Port Isabel Detention Center (PIDC)","Undetermined, pending investigation",2025SIR0018414,"On September 8, 2025, ERO Harlingen reported the use of force on a Mexican national detainee, while housed at the PIDC in Los Fresnos, Texas. No injuries were reported. ERO leadership was notified."
929,Use of Force,"ERO Harlingen, ICE Health Service Corps (IHSC), Port Isabel Detention Center (PIDC)","Undetermined, pending investigation",2025SIR0013156,"On June 4, 2025, ERO Harlingen reported the use of force on Iranian national detainee, while housed at the PIDC in Los Fresnos, Texas. No injuries were reported. ERO leadership was notified."
930,Use of Force,"ERO Miami, ICE Health Service Corps (IHSC), Krome Service Processing Center (KSPC)","Undetermined, pending investigation",2025SIR0013176,"On June 4, 2025, ERO Miami reported the use of force on a Cuban national detainee, while housed at the KSPC in Miami, Florida. No injuries were reported. ERO leadership was notified."
931,Use of Force,"ERO San Antonio, ICE Health Service Corps (IHSC), South Texas ICE Processing Center (STIPC)","Undetermined, pending investigation",2025SIR0013187,"On June 4, 2025, ERO San Antonio reported the use of force on a Cuban national detainee while housed at the STIPC in Pearsall, Texas. No injuries were reported. ERO leadership was notified."
932,Use of Force,"ERO San Diego, Otay Mesa Detention Center (OMDC)","Undetermined, pending investigation",2025SIR0013218,"On June 4, 2025, ERO San Diego reported the use of oleoresin capsicum spray on a Cuban national detainee, while housed at the OMDC in San Diego, California. No injuries were reported. ERO leadership and the ICE OPR Intake Center were notified."
933,Use of Force,"ERO Washington D.C., Caroline Detention Facility (CDF)","Undetermined, pending investigation",2025SIR0013180,"On June 4, 2025, ERO Washington D.C. reported the use of oleoresin capsicum spray on a Peruvian national detainee, while housed at the CDF in Bowling Green, Virginia. No injuries were reported. ERO leadership and the ICE OPR Intake Center were notified."
934,Use of Force,"ERO El Paso, ICE Health Service Corps (IHSC), Enhanced Hardened Facility (EHF)","Undetermined, pending investigation",2025SIR0013290,"On June 5, 2025, ERO El Paso reported the use of force on a Venezuelan national detainee, while housed at the EHF in El Paso, Texas. An EHF staff member sustained injuries to the face and a bloody nosed. ERO leadership was notified."
935,Use of Force,"ERO Houston, ICE Health Service Corps (IHSC), Montgomery Processing Center (MPC)","Undetermined, pending investigation",2025SIR0013231,"On June 5, 2025, ERO Houston reported the use of force on a Venezuelan national, while housed at the MPC in Conroe, Texas. No injuries were reported. ERO leadership was notified."
936,Use of Force,"ERO New Orleans, Adams County Detention Center (ACDC)","Undetermined, pending investigation",2025SIR0013248,"On June 5, 2025, ERO New Orleans reported the use of force on a Nicaraguan national detainee, while housed at the ACDC in Natchez, Mississippi. No injuries were reported. ERO leadership was notified."
937,Use of Force,"ERO Seattle, ICE Health Service Corps (IHSC), Northwest ICE Processing Center (NWPIC)","Undetermined, pending investigation",2025SIR0013282,"On June 5, 2025, ERO Seattle reported the use of force on a Moldovan national detainee, while housed at the NWIPC in Tacoma, Washington. The detainee injured his right knee during the incident and was escorted to medical for evaluation by IHSC to treat his injury. ERO leadership was notified."
938,Use of Force,"ERO Harlingen, ICE Health Service Corps (IHSC), Port Isabel Detention Center (PIDC)","Undetermined, pending investigation",2025SIR0018472,"On September 9, 2025, ERO Harlingen reported the use of force on an Iranian national detainee, while housed at the PIDC in Los Fresnos, Texas. No injuries were reported. ERO leadership was notified."
939,Use of Force,"ERO Philadelphia, Moshannon Valley Processing Center (MVPC)","Undetermined, pending investigation",2025SIR0013323,"On June 6, 2025, ERO Philadelphia reported the use of oleoresin capsicum on a Brazilian national detainee, while housed at the MVPC in Philipsburg, Pennsylvania. No injuries were reported. ERO leadership and the ICE OPR Intake Center were notified."
940,Use of Force,"ERO San Antonio, ICE Health Service Corps (IHSC), T. Don Hutto Detention Center (TDHDC)","Undetermined, pending investigation",2025SIR0018447,"On September 9, 2025, ERO San Antonio reported the use of force on a Venezuelan national detainee, while housed in the TGHDCC in Taylor, Texas. No injuries were reported. ERO leadership was notified."
941,Use of Force,"ERO Phoenix, ICE Health Service Corps (IHSC), Eloy Detention Center (EDC)","Undetermined, pending investigation",2025SIR0013378,"On June 6, 2025, ERO Phoenix reported the use of oleoresin capsicum spray on a Cuban national detainee, while housed at the EDC in Eloy, Arizona. No injuries were reported. ERO leadership and ICE OPR Intake Center were notified."
942,Use of Force,"ERO Washington D.C., Farmville Detention Center (FDC)","Undetermined, pending investigation",2025SIR0018492,"On September 9, 2025, ERO Washington, D.C. reported the use of force on a Salvadoran national detainee and a Venezuelan national detainee, while housed at the FDC in Farmville, Virginia. No injuries were reported. ERO leadership and ICE OPR Intake Center were notified."
943,Use of Force,"ERO Harlingen, Webb County Detention (WCDC)","Undetermined, pending investigation",2025SIR0013396,"On June 7, 2025, ERO Harlingen reported the use of force on a Venezuelan national while housed at the WCDC in Laredo, Texas. No injuries were reported. ERO leadership was notified."
944,Use of Force,"ERO Phoenix, Central Arizona Florence Correctional Complex (CAFCC)","Undetermined, pending investigation",2025SIR0013399,"On June 7, 2025, ERO Phoenix reported the oleoresin capsicum spray on a Mexican national while housed at the CAFCC in Florence, Arizona. No injuries were reported. ERO leadership and the ICE OPR Intake Center were notified."
945,Use of Force,"ERO Harlingen, Port Isabel Detention Center (PIDC)","Undetermined, pending investigation",2025SIR0013414,"On June 8, 2025, ERO Harlingen reported the use of force on an Iranian national detainee, while housed at the PIDC in Los Fresnos, Texas. No injuries were reported. ERO leadership was notified."
946,Use of Force,"ERO Miami, ICE Health Service Corps (IHSC), Krome Service Processing Center (KSPC)","Undetermined, pending investigation",2025SIR0013423,"On June 8, 2025, ERO Miami reported the use of force on a Bahamian national detainee, while housed at the KSPC in Miami Florida. No injuries were reported. ERO leadership was notified."
947,Use of Force,"ERO Boston, ERO New Orleans, Pine Prairie ICE Processing Center (PPC)","Undetermined, pending investigation",2025SIR0018531,"On September 10, 2025, ERO Boston reported the use of force on a Honduran national detainee, while housed at the PPIPC in Pine Prairie, Louisiana. No injuries were reported. ERO leadership was notified."
948,Use of Force,"ERO Atlanta, Folkston ICE Processing Center (FDRIPC)","Undetermined, pending investigation",2025SIR0013451,"On June 9, 2025, ERO Atlanta reported the use of force and deployment of Oleoresin Capsicum spray on a Mexican national detainee, housed at the FIPC in Folkston, Georgia. FIPC staff escorted them for decontamination and medical evaluation, and no injuries were reported. ERO leadership was notified."
949,Use of Force,"ERO Atlanta, Folkston ICE Processing Center (FDRIPC)","Undetermined, pending investigation",2025SIR0018319,"On September 11, 2025, ERO Atlanta reported the use of oleoresin capsicum spray on two Mexican national detainees, a Honduran national detainee, and a Salvadoran national detainee, while housed at the FIPC in Folkston, Georgia. FIPC staff then escorted the detainees to medical for evaluation and decontamination. No injuries were reported. ERO leadership was notified."
950,Use of Force,"ERO Dallas, Prairieland Detention Center (PDC)","Undetermined, pending investigation",2025SIR0018679,"On September 12, 2025, ERO Dallas reported the use of force on Burkinabe national detainee, while housed at the PDC in Alvarado, Texas. No injuries were reported. ERO leadership was notified."
951,Use of Force,"ERO Miami, Krome Service Processing Center (KSPC)","Undetermined, pending investigation",2025SIR0018721,"On September 12, 2025, ERO Miami reported the use of force on a Cuban national detainee, while housed at the KSPC in Miami, Florida. The detainee sustained abrasions to their head and left knee. ERO leadership and the ICE OPR Intake Center were notified."
952,Use of Force,"ERO El Paso, Cibola County Correctional Center (CCCC)","Undetermined, pending investigation",2025SIR0013529,"On June 10, 2025, ERO El Paso reported the accidental deployment of oleoresin capsicum spray on multiple detainees, while housed at the CCCC in Milan. New Mexico. No injuries were reported. ERO leadership was notified."
953,Use of Force,"ERO New York, ICE Health Service Corps (IHSC), Orange County Jail (OCJ)","undetermined, pending investigation",2025SIR0018699,"On September 12, 2025, ERO Dallas the use of force on a Venezuelan national, while housed at the OCJ in Goshen, New York. No injuries were reported. ERO leadership was notified."
954,Use of Force,"ERO Philadelphia, ERO York, Moshannon Valley Processing Center (MVPC)","Undetermined, pending investigation",2025SIR0018661,"On September 12, 2025, ERO Philadelphia reported the use of force on a Congolese national detainee, while housed at the MVPC in Philipsburg, Pennsylvania. No injuries were reported. ERO leadership and the ICE OPR Intake Center were notified."
955,Use of Force,"ERO Atlanta, ICE Health Service Corps (IHSC), Stewart Detention Center (SDC)","Undetermined, pending investigation",2025SIR0018756,"On September 13, 2025, ERO Atlanta reported the use of force on a Russian national detainee, while housed at the SDC in Lumpkin, Georgia. No injuries were reported. ERO leadership and ICE OPR Intake Center were notified."
956,Use of Force,"ERO Dallas, Bluebonnet Detention Center (BBDC)","Undetermined, pending investigation",2025SIR0013462,"On June 11, 2025, ERO Dallas reported the use of force on a Venezuelan national detainee, while housed at the BDC in Anson, Texas. No injuries were reported. ERO leadership was notified."
957,Use of Force,"ERO Dallas, ICE Health Service Corps (IHSC), Prairieland Detention Center (PDC)","Undetermined, pending investigation",2025SIR0018740,"On September 13, 2025, ERO Dallas reported the use of force on a Burkinabe national detainee, while housed at the PDC in Alvarado, Texas. No injuries were reported. ERO leadership was notified."
958,Use of Force,"ERO Harlingen, ICE Health Service Corps (IHSC), Port Isabel Detention Center (PIDC)","Undetermined, pending investigation",2025SIR0013581,"On June 11, 2025, ERO Harlingen reported the use of force on a Cuban national detainee, while housed at the PIDC in Los Fresnos, Texas. No injuries were reported. ERO leadership was notified."
959,Use of Force,"ERO Los Angeles, ERO Adelanto, Adelanto ICE Processing Center (APC)","Undetermined, pending investigation",2025SIR0013584,"On June 11, 2025, ERO Los Angeles reported the use of oleoresin capsicum spray on a Mexican national, while housed at the APC in Adelanto, California. No injuries were reported. ERO leadership was notified."
960,Use of Force,"ERO Phoenix, ICE Health Service Corps (IHSC), Eloy Detention Center (EDC), Eloy Police Department (EPD)","Undetermined, pending investigation",2025SIR0018732,"On September 13, 2025, ERO Phoenix reported the use of force on a Mexican national detainee, while housed at the EDC in Eloy, Arizona. No injuries were reported. ERO leadership and ICE OPR Intake Center were notified."
961,Use of Force,"ERO Phoenix, ICE Health Service Corps (IHSC), Central Arizona Florence Correctional Complex (CAFCC)","Undetermined, pending investigation",2025SIR0018742,"On September 13, 2025, ERO Phoenix reported the use of force on a Venezuelan national detainee and a Cuban national detainee, while housed at the CAFCC in Florence, Arizona. No injuries were reported. ERO leadership and ICE OPR Intake Center were notified."
962,Use of Force,"ERO Washington D.C., Caroline Detention Facility (CDF)","Undetermined, pending investigation",2025SIR0013565,"On June 11, 2025, ERO Washington, D.C. reported the use of force on a Salvadoran national detainee while housed at the CDF in Bowling Green, Virginia. The detainee was transported to a local hospital in Fredericksburg, Virginia, for further evaluation, and returned to CDF. ERO leadership and the ICE OPR Joint Intake Center were notified."
963,Use of Force,"ERO San Antonio, ICE Health Service Corps (IHSC), South Texas ICE Processing Center (STIPC)","Undetermined, pending investigation",2025SIR0018743,"On September 13, 2025, ERO San Antonio reported the use of force on a Moroccan national detainee, while housed at the STIPC in Pearsall, Texas. No injuries were reported. ERO leadership and ICE OPR Intake Center were notified."
964,Use of Force,"ERO San Antonio, ICE Health Service Corps (IHSC), South Texas ICE Processing Center (STIPC)","Undetermined, pending investigation",2025SIR0018744,"On September 13, 2025, ERO San Antonio reported the use of force on a Moroccan national detainee, while housed at the STIPC in Pearsall, Texas. No injuries were reported. ERO leadership and ICE OPR Intake Center were notified."
965,Use of Force,"ERO Boston, Strafford County Department of Corrections (SCDOC)","Undetermined, pending investigation",2025SIR0018761,"On September 14, 2025, ERO Boston reported the use of force on a Venezuelan national detainee, while housed at the SCDOC in Dover, New Hampshire. No injuries were reported. ERO leadership was notified."
966,Use of Force,"ERO Chicago, ICE Health Service Corps (IHSC), Kenton County Detention Center (KCDC)","Undetermined, pending investigation",2025SIR0018828,"On September 15, 2025, ERO Chicago reported the use of force on a Mexican national detainee and two Venezuelan national detainees, while housed at the KCDC in Covington, Kentucky. No injuries were reported. ERO leadership and the ICE OPR Intake Center were notified."
967,Use of Force,"ERO El Paso, ICE Health Service Corps (IHSC), El Paso Processing Center (EPC)","Undetermined, pending investigation",2025SIR0018823,"On September 15, 2025, ERO El Paso reported the use of force on a Venezuelan national detainee, while housed at the EPC in El Paso, Texas. No injuries were reported. ERO leadership was notified."
968,Use of Force,"ERO Miami, Krome Service Processing Center (KSPC), ICE Health Service Corps (IHSC)","Undetermined, pending investigation",2025SIR0018807,"On September 15, 2025, ERO Miami reported the use of force on a Venezuelan national detainee, while housed at the KSPC in Miami, Florida. No injuries were reported. ERO leadership and the ICE OPR Intake Center were notified."
969,Use of Force,"ERO Detroit, Calhoun County Jail (CCJ)","Undetermined, pending investigation",2025SIR0013623,"On June 12, 2025, ERO Detroit reported the use of force on a Haitian national detainee, while housed at the CCJ in Battle Creek, Michigan. No injuries were reported. ERO leadership and the ICE OPR Intake Center were notified."
970,Use of Force,"ERO Los Angeles, ERO Adelanto, Adelanto ICE Processing Center (APC)","Undetermined, pending investigation",2025SIR0013658,"On June 12, 2025, ERO Los Angeles reported the use of oleoresin capsicum spray on a Mexican national detainee, while housed at the APC in Adelanto, California. There were no injuries reported. ERO leadership and the ICE OPR Intake Center were notified."
971,Use of Force,"ERO Phoenix, Central Arizona Florence Correctional Complex (CAFCC)","Undetermined, pending investigation",2025SIR0013673,"On June 12, 2025, ERO Phoenix reported the use of oleoresin capsicum spray on a Mexican national, while housed at the CAFCC in Florence, Arizona. No injuries were reported. ERO leadership and the ICE OPR Intake Center were notified."
972,Use of Force,"ERO Harlingen, Port Isabel Detention Center (PIDC)","Undetermined, pending investigation",2025SIR0018863,"On September 16, 2025, ERO Harlingen reported the use of force on a Cuban national detainee, while housed at the PIDC in Los Fresnos, Texas. No injuries were reported. ERO leadership was notified."
973,Use of Force,"ERO San Francisco, California City ICE Processing Center (CCIPC)","Undetermined, pending investigation",2025SIR0018880,"On September 16, 2025, ERO San Francisco reported the use of force on a Venezuelan national detainee, a Russian national detainee, and a Kyrgyzstani national detainee, while housed at the CCIPC in California City, California. No injuries were reported. ERO leadership and the ICE OPR Intake Center were notified."
974,Use of Force,"ERO Dallas, Bluebonnet Detention Center (BBDC)","Undetermined, pending investigation",2025SIR0013716,"On June 13, 2025, ERO Dallas reported the use of force on a Liberian national detainee, while housed at the BDC in Anson, Texas. No injuries were reported. ERO leadership was notified."
975,Use of Force,"ERO Seattle, Anchorage City Jail (ACJ)","Undetermined, pending investigation",2025SIR0013725,"On June 13, 2025, ERO Seattle reported the use of force on 39 ICE detainees, housed at the ACJ in Anchorage, Alaska. No injuries were reported. ERO leadership was notified."
976,Use of Force,"ERO Harlingen, Webb County Detention (WCDC)","Undetermined, pending investigation",2025SIR0018970,"On September 17, 2025, ERO Harlingen reported the use of force on a Venezuelan national while housed at the WCDC in Laredo, Texas. No injuries were reported. ERO leadership was notified."
977,Use of Force,"ERO Harlingen, Port Isabel Detention Center (PIDC)","Undetermined, pending investigation",2025SIR0018928,"On September 17, 2025, ERO Harlingen reported the use of force on an Iranian national detainee while housed at the PIDC in Los Fresnos, Texas. No injuries were reported. ERO leadership was notified."
978,Use of Force,"ERO Harlingen, ICE Health Service Corps (IHSC), Port Isabel Detention Center (PIDC)","Undetermined, pending investigation",2025SIR0019060,"On September 18, 2025, ERO Harlingen reported the use of force on an Iranian national detainee, while housed at the PIDC in Los Fresnos, Texas. No injuries were reported and IHSC is monitoring the detainee's condition. ERO leadership was notified."
979,Use of Force,"ERO Philadelphia, ERO York, Moshannon Valley Processing Center (MVPC)","Undetermined, pending investigation",2025SIR0019019,"On September 18, 2025, ERO Philadelphia reported the use of force on an Albanian national detainee, while housed at the MVPC in Philipsburg, Pennsylvania. No injuries were reported. ERO leadership and the ICE OPR Intake Center were notified."
980,Use of Force,"ERO Philadelphia, ERO York, Moshannon Valley Processing Center (MVPC)","Undetermined, pending investigation",2025SIR0019049,"On September 18, 2025, ERO Philadelphia reported the use of force on a Congolese national detainee, while housed at the MVPC in Philipsburg, Pennsylvania. No injuries were reported. ERO leadership and the ICE OPR Intake Center were notified."
981,Use of Force,"ERO Boston, Strafford County Department of Corrections (SCDOC)","Undetermined, pending investigation",2025SIR0019086,"On September 19, 2025, ERO Boston reported the use of force on a Brazilian national detainee while housed at the SCDOC in Dover, New Hampshire. No injuries were reported. ERO leadership was notified."
982,Use of Force,"ERO Phoenix, ICE Health Service Corps (IHSC), Eloy Detention Center (EDC)","Undetermined, pending investigation",2025SIR0019122,"On September 19, 2025, ERO Phoenix reported the use of force on a Chinese national detainee, while housed at the EDC in Eloy, Arizona. IHSC medical staff conducted a medical evaluation and cleared the detainee, with no injuries reported. ERO leadership and the ICE OPR Intake Center were notified."
983,Use of Force,"ERO Phoenix, ICE Health Service Corps (IHSC), Eloy Detention Center (EDC), EMS","Undetermined, pending investigation",2025SIR0019124,"On September 19, 2025, ERO Phoenix reported the use of force on a Congolese national detainee while housed at the EDC in Eloy, Arizona. IHSC medical staff conducted a medical evaluation and activated EMS, as a precaution due to the ingesting of unknown substances. The detainee was treated and returned to the EDC and placed in segregation on suicide watch. ERO leadership and the ICE OPR Intake Center were notified."
984,Use of Force,"ERO San Antonio, ICE Health Service Corps (IHSC), South Texas ICE Processing Center (STIPC)","Undetermined, pending investigation",2025SIR0019097,"On September 19, 2025, ERO San Antonio reported the use of force on a Venezuelan national detainee, while housed in the STIPC in Pearsall, Texas. No injuries were reported. ERO leadership was notified."
985,Use of Force,"ERO Seattle, Northwest ICE Processing Center (NWPIC)","Undetermined, pending investigation",2025SIR0019069,"On September 19, 2025, ERO Seattle reported the use of force on an Indian national detainee while housed at the NWIPC in Tacoma, Washington. No injuries were reported. ERO leadership was notified."
986,Use of Force,"ERO Atlanta, Folkston ICE Processing Center (FDRIPC)","Undetermined, pending investigation",2025SIR0019188,"On September 20, 2025, ERO Atlanta reported the use of force on a Cuban national detainee while housed at the FIPC in Folkston, Georgia. No injuries were reported. ERO leadership was notified."
987,Use of Force,"ERO Dallas, Prairieland Detention Center (PDC)","Undetermined, pending investigation",2025SIR0019206,"On September 20, 2025, ERO Dallas reported the use of force on a Nigerian national detainee while housed at the PDC in Alvarado, Texas. No injuries were reported. ERO leadership and the ICE OPR Intake Center were notified."
988,Use of Force,"ERO El Paso, Camp East Montana (CEM)","Undetermined, pending investigation",2025SIR0019173,"On September 20, 2025, ERO El Paso reported the use of force on a Venezuelan national detainee while housed at the CEM in El Paso, Texas. No injuries were reported. ERO leadership was notified."
989,Use of Force,"ERO Miami, ICE Health Service Corps (IHSC), Krome Service Processing Center (KSPC)","Undetermined, pending investigation",2025SIR0019199,"On September 20, 2025, ERO Miami reported the use of force on a Haitian national detainee, while housed at the KSPC in Miami, Florida. No injuries were reported. ERO leadership was notified."
990,Use of Force,"ERO Miami, Krome Service Processing Center (KSPC)","Undetermined, pending investigation",2025SIR0019210,"On September 20, 2025, ERO Miami reported the use of force on a Bahamian national detainee while housed at the KSPC in Miami, Florida. The subject sustained several contusions and a lacerated lip. ERO leadership was notified."
991,Use of Force,"ERO El Paso, ICE Health Service Corps (IHSC), El Paso Processing Center (EPC)","Undetermined, pending investigation",2025SIR0019235,"On September 21, 2025, ERO El Paso reported the use of force on a Cuban national detainee while housed at the EPC in El Paso, Texas. No injuries were reported. ERO leadership was notified."
992,Use of Force,"ERO Harlingen, Port Isabel Detention Center (PIDC)","Undetermined, pending investigation",2025SIR0019220,"On September 21, 2025, ERO Harlingen reported the use of force on an Afghan national detainee while housed at the PIDC in Los Fresnos, Texas. No injuries were reported. ERO leadership was notified."
993,Use of Force,"ERO Harlingen, Port Isabel Detention Center (PIDC)","Undetermined, pending investigation",2025SIR0019225,"On September 21, 2025, ERO Harlingen reported the use of force on an Afghan national detainee while housed at the PIDC in Los Fresnos, Texas. No injuries were reported. ERO leadership was notified."
994,Use of Force,"ERO New Orleans, Winn Correctional Center (WCC)","Undetermined, pending investigation",2025SIR0019219,"On September 21, 2025, ERO New Orleans reported the use of force on three Salvadoran national detainees, two Mexican national detainees, one Ecuadoran national detainee, one Honduran national detainee, and one Marshallese national detainee while housed at the WCC in Winnfield, Louisiana. No injuries were reported. ERO leadership and the ICE OPR Intake Center were notified."
995,Use of Force,"ERO Harlingen, ICE Health Service Corps (IHSC), Port Isabel Detention Center (PIDC)","Undetermined, pending investigation",2025SIR0019307,"On September 23, 2025, ERO Harlingen reported the use of force on an Afghan national detainee while housed at the PIDC in Los Fresnos, Texas. No injuries were reported. ERO leadership was notified."
996,Use of Force,"ERO Harlingen, ICE Health Service Corps (IHSC), Port Isabel Detention Center (PIDC)","Undetermined, pending investigation",2025SIR0019306,"On September 23, 2025, ERO Harlingen reported the use of force on an Iranian national detainee while housed at the PIDC in Los Fresnos, Texas. No injuries were reported. ERO leadership was notified."
997,Use of Force,"ERO Harlingen, ICE Health Service Corps (IHSC), Port Isabel Detention Center (PIDC)","Undetermined, pending investigation",2025SIR0019346,"On September 23, 2025, ERO Harlingen reported the use of force on an Afghan national detainee while housed at the PIDC in Los Fresnos, Texas. No injuries were reported. ERO leadership was notified."
998,Use of Force,"ERO Philadelphia, Moshannon Valley Processing Center (MVPC)","Undetermined, pending investigation",2025SIR0019273,"On September 23, 2025, ERO Philadelphia reported the use of force on a Spanish national detainee while housed at the MVPC in Philipsburg, Pennsylvania. No injuries were reported. ERO leadership and the ICE OPR Intake Center were notified."
999,Use of Force,"ERO Harlingen, ICE Health Service Corps (IHSC), Port Isabel Detention Center (PIDC)","Undetermined, pending investigation",2025SIR0019389,"On September 24, 2025, ERO Harlingen reported the use of force on an Ethiopian national detainee while housed at the PIDC in Los Fresnos, Texas. No injuries were reported. ERO leadership was notified."
1000,Use of Force,"ERO Harlingen, ICE Health Service Corps (IHSC), Port Isabel Detention Center (PIDC)","Undetermined, pending investigation",2025SIR0019390,"On September 24, 2025, ERO Harlingen reported the use of force on an Iranian national detainee while housed at the PIDC in Los Fresnos, Texas. No injuries were reported. ERO leadership was notified."
1001,Use of Force,"ERO Houston, ICE Health Service Corps (IHSC), Joe Corley Processing Center (JCPC)","Undetermined, pending investigation",2025SIR0019392,"On September 24, 2025, ERO Houston reported the use of oleoresin capsicum (OC) spray on a Spanish national detainee while housed at the JCPC in Conroe, Texas. No injuries were reported. ERO leadership was notified."
1002,Use of Force,"ERO Harlingen, ICE Health Service Corps (IHSC), Port Isabel Detention Center (PIDC)","Undetermined, pending investigation",2025SIR0019458,"On September 25, 2025, ERO Harlingen reported the use of force on an Afghan national detainee, while housed at the PIDC in Los Fresnos, Texas. No injuries were reported. ERO Harlingen and IHSC will continue to monitor the detainee's condition and provide updates, as necessary. ERO leadership was notified."
1003,Use of Force,"ERO Harlingen, ICE Health Service Corps (IHSC), Port Isabel Detention Center (PIDC)","Undetermined, pending investigation",2025SIR0019457,"On September 24, 2025, ERO Harlingen reported the use of force on an Iranian national detainee while housed at the PIDC in Los Fresnos, Texas. No injuries were reported. ERO leadership was notified."
1004,Use of Force,"ERO Philadelphia, Moshannon Valley Processing Center (MVPC)","Undetermined, pending investigation",2025SIR0019474,"On September 25, 2025, ERO Philadelphia reported the use of force on a Haitian national detainee while housed at the MVPC in Philipsburg, Pennsylvania. No injuries were reported. ERO leadership and the ICE OPR Intake Center were notified."
1005,Use of Force,"ERO Dallas, ICE Health Service Corps (IHSC), Eden Detention Center (EDC)","Undetermined, pending investigation",2025SIR0019535,"On September 26, 2025, ERO Dallas reported the use of force on a Venezuelan national detainee while housed at the EDC in Eden, Texas. No injuries were reported. ERO leadership was notified."
1006,Use of Force,"ERO Harlingen, ICE Health Service Corps (IHSC), Port Isabel Detention Center (PIDC)","Undetermined, pending investigation",2025SIR0019535,"On September 26, 2025, ERO Harlingen reported the use of force on an Iranian national detainee while housed at the PIDC in Los Fresnos, Texas. No injuries were reported. ERO leadership was notified."
1007,Use of Force,"ERO Harlingen, ICE Health Service Corps (IHSC), Port Isabel Detention Center (PIDC)","Undetermined, pending investigation",2025SIR0019534,"On September 24, 2025, ERO Harlingen reported the use of force on an Afghan national detainee while housed at the PIDC in Los Fresnos, Texas. No injuries were reported. ERO leadership was notified."
1008,Use of Force,"ERO New Orleans, Winn Correctional Center (WCC)","Undetermined, pending investigation",2025SIR0019538,"On September 26, 2025, ERO New Orleans reported the use of force on a Mexican national detainee housed at the WCC in Winnfield, Louisiana. No injuries were reported. ERO leadership was notified."
1009,Use of Force,"ERO New Orleans, River Correctional Center (RCC)","Undetermined, pending investigation",2025SIR0019595,"On September 27, 2025, ERO New Orleans reported the use of force on a Cuban national detainee while housed at the RCC in Ferriday, Louisiana. No injuries were reported. ERO leadership was notified."
1010,Use of Force,"ERO Phoenix, ICE Health Service Corps (IHSC), Eloy Detention Center (EDC)","Undetermined, pending investigation",2025SIR0019605,"On September 27, 2025, ERO Phoenix reported the use of force on a Turkish national detainee, while housed at the EDC in Eloy, Arizona. No injuries were reported. ERO leadership and the ICE OPR Intake Center were notified."
1011,Use of Force,"ERO Phoenix, ICE Health Service Corps (IHSC), Eloy Detention Center (EDC)","Undetermined, pending investigation",2025SIR0019615,"On September 27, 2025, ERO Phoenix reported the use of force on a Turkish national detainee, while housed at the EDC in Eloy, Arizona. No injuries were reported. ERO leadership and the ICE OPR Intake Center were notified."
1012,Use of Force,"ERO El Paso, Otero County Processing Center (OCPC)","Undetermined, pending investigation",2025SIR0019653,"On September 28, 2025, ERO El Paso reported the use of force on a Venezuelan national detainee while housed at the OCPC in Chaparral, New Mexico. No injuries were reported. ERO leadership was notified."
1013,Use of Force,"ERO Miami, Krome Service Processing Center (KSPC)","Undetermined, pending investigation",2025SIR0019628,"On September 28, 2025, ERO Miami reported the use of force on a Cuban national detainee while housed at the KSPC in Miami, Florida. The subject sustained several contusions. ERO leadership was notified."
1014,Use of Force,"ERO El Paso, ICE Health Service Corps (IHSC), El Paso Processing Center (EPC)","Undetermined, pending investigation",2025SIR0019699,"On September 29, 2025, ERO El Paso reported the use of force on a Cuban national detainee and a Honduran national detainee while housed at the EPC in El Paso, Texas. No injuries were reported. ERO leadership was notified."
1015,Use of Force,"ERO Los Angeles, Adelanto ICE Processing Center (APC)","Undetermined, pending investigation",2025SIR0019621,"On September 29, 2025, ERO Los Angeles reported the use of force on a Nicaraguan national detainee while housed at the APC in Adelanto, California. No injuries were reported. ERO leadership and the ICE OPR Intake Center were notified."
1016,Use of Force,"ERO San Francisco, ICE Health Service Corps (IHSC), California City ICE Processing Center (CCIPC)","Undetermined, pending investigation",2025SIRO019702,"On September 29, 2025, ERO San Francisco reported the use of force on a Mexican national detainee while housed at the CCIPC in California City, California. CCIPC staff escorted the detainee to IHSC for decontamination and medical examination. No injuries were reported. ERO leadership was notified."
1017,Use of Force,"ERO San Antonio, ICE Health Service Corps (IHSC), South Texas ICE Processing Center (STIPC)","Undetermined, pending investigation",2025SIR0013771,"On June 14, 2025, ERO San Antonio reported the use of force on a Honduran national detainee housed at the STIPC in Pearsall, Texas. The detainee had a small abrasion on his left ankle and laceration to the left eyebrow, and a hematoma to the right elbow. ERO leadership was notified."
1018,Use of Force,"ERO San Antonio, ICE Health Service Corps (IHSC), South Texas ICE Processing Center (STIPC)","Undetermined, pending investigation",2025SIR0013769,"On June 14, 2025, ERO San Antonio reported the use of force on a Colombian national detainee housed at the STIPC in Pearsall, Texas. Three STIPC staff members sustained injuries during the takedown. ERO leadership was notified."
1019,Use of Force,"ERO San Antonio, ICE Health Service Corps (IHSC), South Texas ICE Processing Center (STIPC)","Undetermined, pending investigation",2025SIR0013772,"On June 14, 2025, ERO San Antonio reported the use of oleosin capsicum spray on a Honduran national detainee housed at the STIPC in Pearsall, Texas. No injuries were reported. ERO leadership was notified."
1020,Use of Force,"ERO Seattle, ICE Health Service Corps (IHSC), Northwest ICE Processing Center (NWPIC)","Undetermined, pending investigation",2025SIR0013777,"On June 14, 2025, ERO Seattle reported the use of force on a Cuban national detainee, while housed at the NWIPC in Tacoma, Washington. No injuries were reported. ERO leadership and the ICE OPR Intake Center were notified."
1021,Use of Force,"ERO Washington D.C., Farmville Detention Center (FDC)","Undetermined, pending investigation",2025SIR0013757,"On June 14, 2025, ERO Washington, D.C. reported the use of oleoresin capsicum spray on a Salvadoran national detainee while housed at the FDC in Farmville, Virginia. No injuries were reported. ERO leadership and ICE OPR Intake Center were notified."
1022,Use of Force,"ERO Washington D.C., Farmville Detention Center (FDC)","Undetermined, pending investigation",2025SIR0013758,"On June 14, 2025, ERO Washington, D.C. reported the use of force on a Haitian national detainee, while housed at the FDC in Farmville, Virginia. No injuries were reported. ERO leadership and ICE OPR Intake Center were notified."
1023,Use of Force,"ERO Harlingen, Port Isabel Detention Center (PIDC)","Undetermined, pending investigation",2025SIR0013832,"On June 16, 2025, ERO Harlingen reported the use of oleoresin capsicum (OC) spray on a Honduran national detainee while housed at the PIDC in Los Fresnos, Texas. No injuries were reported. ERO leadership was notified."
1024,Use of Force,"ERO Los Angeles, Adelanto ICE Processing Center (APC)","Undetermined, pending investigation",2025SIR0013872,"On June 16, 2025, ERO Los Angeles reported the use of force and deployment of oleoresin capsicum spray on two Russian national detainees while housed at the APC in Adelanto, California. The detainees were medically evaluated and decontaminated by APC staff. No injuries were reported. ERO leadership was notified."
1025,Use of Force,"ERO Harlingen, El Valle Detention Facility (EVDF)","Undetermined, pending investigation",2025SIR0013937,"On June 17, 2025, ERO Harlingen reported the use of force on a Mexican national detainee while housed at the EVDF in Raymondville, Texas. No injuries were reported. ERO leadership and the ICE OPR intake Center were notified."
1026,Use of Force,"ERO San Antonio, ICE Health Service Corps (IHSC), South Texas ICE Processing Center (STIPC)","Undetermined, pending investigation",2025SIR0013910,"On June 17, 2025, ERO San Antonio reported the use of force on a Haitian national detainee housed at the STIPC in Pearsall, Texas. Two STIPC contract officers sustained mild concussions and was treated at a local hospital in Pearsall, Texas. ERO leadership was notified."
1027,Use of Force,"ERO Dallas, Prairieland Detention Center (PDC), ICE Health Service Corps (IHSC)","Undetermined, pending investigation",2025SIR0013961,"On June 18, 2025, ERO Dallas, reported the use of force on two Venezuelan national detainees, while housed at the PDC in Alvarado, Texas. No injuries were reported. ERO leadership was notified."
1028,Use of Force,"ERO Atlanta, Stewart Detention Center (SDC)","Undetermined, pending investigation",2025SIR0014040,"On June 19, 2025, ERO Atlanta reported the use of oleoresin capsicum spray on a Jamaican national detainee, while housed at the SDC in Lumpkin, Georgia. No injuries were reported. ERO leadership was notified."
1029,Use of Force,"ERO Chicago, Clay County Justice Center (CCJC)","Undetermined, pending investigation",2025SIR0014085,"On June 19, 2025, ERO Chicago reported the use of force on a Haitian national, while housed at the CCIC in Brazil, Indiana. No injuries were reported. ERO leadership and the ICE OPR Joint Intake Center were notified."
1030,Use of Force,"ERO Salt Lake, Nevada Southern Detention Center (NSDC)","Undetermined, pending investigation",2025SIR0014082,"On June 19, 2025, ERO Salt Lake City reported the use of oleoresin capsicum spray on an Indian national, while housed at the NSDC in Pahrump, Nevada. No injuries were reported. ERO leadership and the ICE OPR Joint Intake Center were notified."
1031,Use of Force,"ERO San Antonio, ICE Health Service Corps (IHSC), South Texas ICE Processing Center (STIPC)","Undetermined, pending investigation",2025SIR0014207,"On June 22, 2025, ERO San Antonio reported the use of force on a Venezuelan national detainee, while housed at the STIPC in Pearsall, Texas. No injuries were reported. ERO leadership was notified."
1032,Use of Force,"ERO Boston, ICE Health Service Corps (IHSC), Federal Correctional Institute Berlin (FCIB), Strafford County Department of Corrections (SCDOC)","Undetermined, pending investigation",2025SIR0014253,"On June 23, 2025, ERO Boston reported the use of oleoresin capsicum (OC) spray on a Brazilian national detainee during a suicide attempt, while housed at the FBIB in Berlin, New Hampshire. The detainee was decontaminated and sustained minor injuries to his neck from the suicide attempt. The detainee was transferred to SCDOC. ERO leadership and the ICE OPR Joint Intake Center were notified."
1033,Use of Force,"ERO Detroit, Northeast Ohio Correctional Center (NEOCC)","Undetermined, pending investigation",2025SIR0014236,"On June 23, 2025, ERO Detroit reported the use of oleoresin capsicum (OC) spray on a Belarusian national detainee while housed at the NEOCC in Youngstown, Ohio. The detainee was medically evaluated and decontaminated by NEOCC staff. No injuries were reported. ERO leadership was notified."
1034,Use of Force,"ERO El Paso, Cibola County Correctional Center (CCCC)","Undetermined, pending investigation",2025SIR0014234,"On June 23, 2025, ERO El Paso reported the use of force on a Jamaican national detainee while housed at the CCCC in Milan, New Mexico. No injuries were reported. ERO leadership was notified."
1035,Use of Force,"ERO San Antonio, T. Don Hutto Detention Center (TDHDC), ICE Health Service Corps (IHSC)","Undetermined, pending investigation",2025SIR0014263,"On June 23, 2025, ERO San Antonio reported the use of force on a Guatemalan national detainee while housed at the TDHDC in Taylor, Texas. IHSC evaluated the detainee. No injuries were reported. ERO leadership was notified."
1036,Use of Force,"ERO Miami, ICE Health Service Corps (IHSC), Krome Service Processing Center (KSPC)","Undetermined, pending investigation",2025SIR0014366,"On June 25, 2025, ERO Miami reported the use of force, Oleoresin Capsicum (OC) spray, on a Cuban national detainee while housed at Krome, in Miami, Florida. IHSC medical medically cleared the detainee. No injuries were reported by the ERO Officers. ERO leadership was notified."
1037,Use of Force,"ERO San Antonio, T. Don Hutto Detention Center (TDHDC), ICE Health Service Corps (IHSC)","Undetermined, pending investigation",2025SIR0014468,"On June 26, 2025, ERO San Antonio reported the use of force on a Venezuelan national detainee, while housed at the TDHDC in Taylor, Texas. No injuries were reported. ERO leadership was notified."
1038,Use of Force,"ERO Washington D.C., Farmville Detention Center (FDC)","Undetermined, pending investigation",2025SIR0014473,"On June 26, 2025, ERO Washington, D.C. reported the use of oleoresin capsicum spray on a Mauritanian national detainee, while housed at the FDC in Farmville, Virginia. No injuries were reported. ERO leadership and ICE OPR Intake Center were notified."
1039,Use of Force,"ERO Atlanta, Folkston ICE Processing Center (FDRIPC)","Undetermined, pending investigation",2025SIR0014526,"On June 27, 2025, ERO Atlanta reported the use of oleoresin capsicum spray on a Kyrgyzstani national detainee, while housed at the FIPC in Folkston, Georgia. No injuries were reported. ERO leadership was notified."
1040,Use of Force,"ERO Houston, ICE Health Service Corps (IHSC), Joe Corley Processing Center (JCPC)","Undetermined, pending investigation",2025SIR0014559,"On June 27, 2025, ERO Houston reported the use of force on a Cuban national detainee, while housed at the JCPC in Conroe, Texas. No injuries were reported. ERO leadership and the ICE OPR Intake Center were notified."
1041,Use of Force,"ERO Seattle, ICE Health Service Corps (IHSC), Northwest ICE Processing Center (NWPIC)","Undetermined, pending investigation",2025SIR0014541,"On June 27, 2025, ERO Seattle reported the use of force on a Chadian national detainee, while housed at the NWIPC in Tacoma, Washington. No injuries were reported. ERO leadership was notified."
1042,Use of Force,"ERO El Paso, ICE Health Service Corps (IHSC), Otero County Processing Center (OCPC)","Undetermined, pending investigation",2025SIR0014599,"On June 28, 2025, ERO El Paso reported the use of force on an Egyptian national detainee, while housed at the OCPC in Chaparral, New Mexico. No injuries were reported. ERO leadership and the ICE OPR Intake Center were notified."
1043,Use of Force,"ERO Miami, ICE Health Service Corps (IHSC), Krome Service Processing Center (KSPC)","Undetermined, pending investigation",2025SIR0014600,"On June 28, 2025, ERO Miami reported the use of force on a Cuban national, while housed at the KSPC in Miami. Florida. No injuries were reported. ERO leadership and the ICE OPR Intake Center were notified."
1044,Use of Force,"ERO San Antonio, Dilley Immigration Processing Center (DIPC)","Undetermined, pending investigation",2025SIR0014608,"On June 28, 2025, ERO San Antonio reported the use of force on a Chinese national. while housed at the DIPC in Dilley, Texas. No injuries were reported. ERO leadership was notified."
1045,Use of Force,"ERO El Paso, ICE Health Service Corps (IHSC), El Paso Processing Center (EPC)","Undetermined, pending investigation",2025SIR0014622,"On June 29, 2025, ERO El Paso reported the use of force on a Venezuelan national detainee, while housed at the EPC in El Paso, Texas. No injuries were reported. ERO leadership was notified."
1046,Use of Force,"ERO El Paso, ICE Health Service Corps (IHSC), El Paso Processing Center (EPC)","Undetermined, pending investigation",2025SIR0014621,"On June 29, 2025, ERO El Paso reported the use of force on a Dominican national detainee, while housed at the EPC in El Paso, Texas. No injuries were reported. ERO leadership was notified."
1047,Use of Force,"ERO Detroit, Calhoun County Jail (CCJ)","Undetermined, pending investigation",2025SIR0014730,"On July 1, 2025, ERO Detroit reported the use of oleoresin capsicum spray on a Colombian national detainee, while housed at the CCJ in Battle Creek, Michigan. CCJ staff escorted the detainee for decontamination. No injuries were reported. ERO leadership, ICE Health Service Corps, and ICE OPR Intake Center were notified."
1048,Use of Force,"ERO Detroit, Monroe County Jail (MCJ)","Undetermined, pending investigation",2025SIR0014724,"On July 1, 2025, ERO Detroit reported the use of force on a Venezuelan national detainee while housed at the MCJ in Monroe, Michigan. No injuries were reported. ERO leadership, ICE Health Service Corps, and ICE OPR Intake Center were notified."
1049,Use of Force,"ERO Houston, ICE Health Service Corps (IHSC), Montgomery Processing Center (MPC)","Undetermined, pending investigation",2025SIR0014714,"On July 1, 2025, ERO Houston reported the use of force on a Honduran national detainee while housed at the MPC in Conroe, Texas. MPC contract officers escorted the detainee to the medical for an evaluation. IHSC medical staff medically evaluated the detainee and reported no injuries. ERO leadership was notified."
1050,Use of Force,"ERO Los Angeles, Adelanto ICE Processing Center (APC), Anaheim Global Medical Center (AGMC)","Undetermined, pending investigation",2025SIR0014388,"On July 1, 2025, ERO Los Angeles reported the use of oleoresin capsicum (OC) spray on a Jordanian national detainee while housed at the APC in Adelanto, California. The detainee was transported to the AGMC in Anaheim, California and was admitted. ERO leadership and the ICE OPR Joint Intake Center were notified."
1051,Use of Force,"ERO Los Angeles, ERO Adelanto, Adelanto ICE Processing Center (APC)","Undetermined, pending investigation",2025SIR0014427,"On July 1, 2025, ERO Los Angeles reported the use of force on a Cuban national detainee while housed at the APC in Adelanto, California. No injuries were reported. ERO leadership and the ICE OPR Joint Intake Center were notified."
1052,Use of Force,"ERO Houston, ICE Health Service Corps (IHSC), Houston Contract Detention Facility (HCDF)","Undetermined, pending investigation",2026SIR0001992,"On October 31, 2025, ERO Houston reported the use of force on four Cuban national detainees, one Nicaraguan national detainee, one Honduran national detainee and a Mexican national detainee while housed at the HCDF in Houston, Texas. No injuries were reported. ERO leadership was notified."
1053,Use of Force,"ERO San Antonio, ICE Health Service Corps (IHSC), South Texas ICE Processing Center (STIPC)","Undetermined, pending investigation",2026SIR0001935,"On October 31, 2025, ERO San Antonio reported the use of force on 35 Cuban national detainees while housed in the STIPC in Pearsall, Texas. No injuries were reported. ERO leadership was notified."
1054,Use of Force,"ERO New Orleans, Adams County Detention Center (ACDC)","Undetermined, pending investigation",2025SIR0014749,"On July 1, 2025, ERO New Orleans reported the use of force involving oleoresin capsicum spray on a Nicaraguan national detainee housed at the ACDC in Natchez, Mississippi. Medical staff evaluated the detainee, and no injuries were reported. One staff member was struck in the right eye and reported a laceration. ERO leadership was notified."
1055,Use of Force,"ERO San Diego, Otay Mesa Detention Center (OMDC)","Undetermined, pending investigation",2026SIR0001919,"On October 31, 2025, ERO San Diego reported the use of force on a Venezuelan national detainee and a Haitian national detainee while housed at the OMDC in San Diego, California. No injuries were reported. ERO leadership was notified."
1056,Use of Force,"ERO Detroit, ICE Health Service Corps (IHSC), Calhoun County Jail (CCJ)","Undetermined, pending investigation",2025SIR0014777,"On July 2, 2025, ERO Detroit reported the use of oleoresin capsicum spray on a Polish national detainee, while housed at the CCJ in Battle Creek, Michigan. No injuries were reported. ERO leadership, IHSC, and ICE OPR Intake Center were notified."
1057,Use of Force,"ERO Dallas, Cimarron Correctional Facility (CCF)","Undetermined, pending investigation",2026SIR0001999,"On November 1, 2025, ERO Dallas reported the use of force on five Chinese national detainees, two Russian national detainees, and an Eritrean national detainee while housed at the CCF in Cushing, Oklahoma. No injuries were reported. ERO leadership was notified."
1058,Use of Force,"ERO Miami, ICE Health Service Corps (IHSC), Krome Service Processing Center (KSPC)","Undetermined, pending investigation",2025SIR0014786,"On July 2, 2025, ERO Miami reported the use of force on a Honduran national, while housed at the KSPC in Miami, Flordida. THSC evaluated the detainee and reported minor injuries, and KSPC staff reported minor cuts. ERO leadership was notified."
1059,Use of Force,"ERO Miami, ICE Health Service Corps (IHSC), Krome Service Processing Center (KSPC)","Undetermined, pending investigation",2026SIR0002007,"On November 1, 2025, ERO Miami reported the use of force on a Cuban national detainee while housed at the KSPC in Miami Florida. No injuries were reported. ERO leadership was notified."
1060,Use of Force,"ERO Philadelphia, Pike County Correctional Facility (PCCF)","Undetermined, pending investigation",2025SIR0014809,"On July 2, 2025, ERO Philadelphia reported the use of force on a Dominican national detainee, while housed at the PCCF in Hawley, Pennsylvania. No injuries were reported. ERO leadership and the ICE OPR Intake Center were notified."
1061,Use of Force,"ERO Detroit, ICE Health Service Corps (IHSC), Calhoun County Jail (CCJ)","Undetermined, pending investigation",2025SIR0014875,"On July 3, 2025, ERO Detroit reported the use of oleoresin capsicum spray on a Polish national detainee, while housed at the CCJ in Battle Creek, Michigan. No injuries were reported. ERO leadership, IHSC, and ICE OPR Intake Center were notified."
1062,Use of Force,"ERO Boston, Plymouth County Correctional Facility (PCCF)","Undetermined, pending investigation",2026SIR0002092,"On November 3, 2025, ERO Boston reported the use of force on a Dominican national detainee and a Senegalese national detainee while housed at the PCCF in Plymouth, Massachusetts. No injuries were reported. ERO leadership and the ICE OPR Intake Center were notified."
1063,Use of Force,"ERO Philadelphia, Moshannon Valley Processing Center (MVPC)","Undetermined, pending investigation",2026SIR0002077,"On November 3, 2025, ERO Philadelphia reported the use of force on a Congolese national detainee while housed at the MVPC in Philipsburg, Pennsylvania. No injuries were reported. ERO leadership and the ICE OPR Intake Center were notified."
1064,Use of Force,"ERO Miami, ICE Health Service Corps (IHSC), Krome Service Processing Center (KSPC)","Undetermined, pending investigation",2026SIR0002139,"On November 4, 2025, ERO Miami reported the use of force on a Dominican national detainee while housed at the KSPC in Miami, Florida. The detainee sustained mild swelling and redness on their right cheek. ERO leadership was notified."
1065,Use of Force,"ERO Phoenix, Central Arizona Florence Correctional Complex (CAFCC)","Undetermined, pending investigation",2026SIR0002131,"On November 4, 2025, ERO Phoenix reported the use force on a Haitian national detainee while housed at the CAFCC in Florence, Arizona. No injuries were reported. ERO leadership and ICE OPR Intake Center were notified."
1066,Use of Force,"ERO Saint Paul, ICE Health Service Corps (IHSC), Freeborn County Jail (FCJ)","Undetermined, pending investigation",2026SIR0002152,"On November 4, 2025, ERO Saint Paul reported the use of force on a Somalian national detainee while housed at the FCJ in Albert Lea, Minnesota. No injuries were reported. ERO leadership and IHSC were notified."
1067,Use of Force,"ERO San Francisco, Golden State Annex (GSA)","Undetermined, pending investigation",2026SIR0002223,"On November 5, 2025, ERO San Francisco reported the use of force on a Mexican national detainee and Armenian national detainee while housed at the GSA in McFarland, California. No injuries were reported. ERO leadership and the ICE OPR Intake Center were notified."
1068,Use of Force,"ERO Seattle, Northwest ICE Processing Center (NWPIC)","Undetermined, pending investigation",2026SIR0002204,"On November 5, 2025, ERO Seattle reported the use of force on a Mexican national detainee while housed at the NWIPC in Tacoma, Washington. No injuries were reported. ERO leadership was notified."
1069,Use of Force,"ERO Dallas, Prairieland Detention Center (PDC)","Undetermined, pending investigation",2026SIR0002325,"On November 6, 2025, ERO Dallas reported the use of force on a Honduran national detainee while housed at the PDC in Alvarado, Texas. No injuries were reported. ERO leadership was notified."
1070,Use of Force,"ERO Los Angeles, Adelanto ICE Processing Center (APC)","Undetermined, pending investigation",2026SIR0002370,"On November 6, 2025, ERO Los Angeles reported the use of force on a Nicaraguan national detainee while housed at the APC in Adelanto, California. No injuries were reported. ERO leadership and the ICE OPR Intake Center were notified."
1071,Use of Force,"ERO New Orleans, Jackson Parish Correctional Center (JPCC)",Executive Office for Immigration Review,2026SIR0002415,"On November 7, 2025, ERO New Orleans reported the use of force on two Venezuelan national detainees and a Haitian national detainee while housed at the JPCC in Jonesboro, Louisiana. No injuries were reported. ERO leadership was notified."
1072,Use of Force,"ERO New Orleans, Pine Prairie ICE Processing Center (PPC)",Executive Office for Immigration Review,2026SIR0002461,"On November 7, 2025, ERO New Orleans reported the use of force on a Colombian national detainee while housed at the PPIPC in Pine Prairie, Louisiana. No injuries were reported. ERO leadership and the ICE OPR Intake Center were notified."
1073,Use of Force,"ERO Washington D.C., Farmville Detention Center (FDC)","Undetermined, pending investigation",2026SIR0002484,"On November 8, 2025, ERO Washington, D.C. reported the use of force a Togolese national detainee while housed at the FDC in Farmville, Virginia. No injuries were reported. ERO leadership and the ICE OPR Intake Center were notified."
1074,Use of Force,"ERO Washington D.C., Farmville Detention Center (FDC)","Undetermined, pending investigation",2026SIR0002486,"On November 8, 2025, ERO Washington, D.C. reported the use of force on an Ecuadorian national detainee while housed at the FDC in Farmville, Virginia. No injuries were reported. ERO leadership and the ICE OPR Intake Center were notified."
1075,Use of Force,"ERO Harlingen, El Valle Detention Facility (EVDF)","Undetermined, pending investigation",2026SIR0002536,"On November 9, 2025, ERO Harlingen reported the use of force on a Nicaraguan national detainee housed at the EVDF in Raymondville, Texas. The detainee sustained superficial abrasions on their arms and legs. ERO leadership was notified."
1076,Use of Force,"ERO Philadelphia, Moshannon Valley Processing Center (MVPC)","Undetermined, pending investigation",2026SIR0002500,"On November 9, 2025, ERO Philadelphia reported the use of force on an Afghan national detainee while housed at the MVPC, in Philipsburg, Pennsylvania. No injuries were reported. ERO leadership and the ICE OPR Intake Center were notified."
1077,Use of Force,"ERO Harlingen, El Valle Detention Facility (EVDF)","Undetermined, pending investigation",2026SIR0002588,"On November 10, 2025, ERO Harlingen reported the use of force on a Nicaraguan national detainee while housed at the EVDF in Raymondville, Texas. No injuries were reported. ERO leadership was notified."
1078,Use of Force,"ERO Harlingen, ICE Health Service Corps (IHSC), Port Isabel Detention Center (PIDC)","Undetermined, pending investigation",2026SIR0002606,"On November 10, 2025, ERO Harlingen reported the use of force on a Nicaraguan national detainee while housed at the PIDC in Los Fresnos, Texas. No injuries were reported. ERO leadership was notified."
1079,Use of Force,"ERO Miami, ICE Health Service Corps (IHSC), Krome Service Processing Center (KSPC)","Undetermined, pending investigation",2026SIR0002544,"On November 10, 2025, ERO Miami reported the use of force on an Argentinian national detainee while housed at the KSPC in Miami, Florida. No injuries were reported. ERO leadership was notified."
1080,Use of Force,"ERO New Orleans, Allen Parish Public Safety Complex (APPSC)","Undetermined, pending investigation",2026SIR0002614,"On November 10, 2025, ERO New Orleans reported the use of force on a Nigerian national detainee while housed at the APPSC in Oberlin, Louisiana. No injuries were reported. ERO leadership and the ICE OPR Intake Center were notified."
1081,Use of Force,"ERO Chicago, South Texas Immigration Processing Center (STIPC)","Undetermined, pending investigation",2026SIR0002635,"On November 11, 2025, ERO Chicago reported the use of force on a Chadian national while housed at the STIPC in Pearsall, Texas. No injuries were reported. ERO leadership and the ICE OPR Intake Center were notified."
1082,Use of Force,"ERO Harlingen, Port Isabel Detention Center (PIDC)","Undetermined, pending investigation",2026SIR0002622,"On November 11, 2025, ERO Harlingen reported the use of force on a Nicaraguan national detainee while housed at the PIDC in Los Fresnos, Texas. No injuries were reported. ERO leadership was notified."
1083,Use of Force,"ERO Boston, Plymouth County Correctional Facility (PCCF)","Undetermined, pending investigation",2026SIR0000513,"On November 12, 2025, ERO Boston reported the use of force on a Honduran national detainee while housed at the PCCF in Plymouth, Massachusetts. No injuries were reported. ERO leadership was notified."
1084,Use of Force,"ERO Philadelphia, Moshannon Valley Processing Center (MVPC)","Undetermined, pending investigation",2026SIR0002693,"On November 12, 2025, ERO Philadelphia reported the use of force on a Congolese national detainee while housed at the MVPC, in Philipsburg, Pennsylvania. No injuries were reported. ERO leadership and the ICE OPR Intake Center were notified."
1085,Use of Force,"ERO Harlingen, Port Isabel Detention Center (PIDC)","Undetermined, pending investigation",2026SIR0002751,"On November 13, 2025, ERO Harlingen reported the use of force on a Nicaraguan national detainee while housed at the PIDC in Los Fresnos, Texas. No injuries were reported. ERO leadership was notified."
1086,Use of Force,"ERO Harlingen, Port Isabel Detention Center (PIDC)","Undetermined, pending investigation",2026SIR0002913,"On November 14, 2025, ERO Harlingen reported the use of force on a Nicaraguan national detainee while housed at the PIDC in Los Fresnos, Texas. No injuries were reported. ERO leadership was notified."
1087,Use of Force,"ERO Harlingen, El Valle Detention Facility (EVDF)","Undetermined, pending investigation",2026SIR0002919,"On November 14, 2025, ERO Harlingen reported the use of force on a Cuban national detainee while housed at the EVDF in Raymondville, Texas. No injuries were reported. ERO leadership was notified."
1088,Use of Force,"ERO Miami, ICE Health Service Corps (IHSC), Glades County Detention Center (GCDC)","Undetermined, pending investigation",2026SIR0002908,"On November 14, 2025, ERO Miami reported the use of force on a Cuban national while housed at the GCDC in Moore Haven, Florida. The detainee sustained a mild injury to their right wrist area. ERO leadership, IHSC, and the ICE OPR Intake Center were notified."
1089,Use of Force,"ERO Philadelphia, Moshannon Valley Processing Center (MVPC)","Undetermined, pending investigation",2026SIR0002824,"On November 14, 2025, ERO Philadelphia reported the use of force on a Liberian national detainee while housed at the MVPC, in Philipsburg, Pennsylvania. No injuries were reported. ERO leadership and the ICE OPR Intake Center were notified."
1090,Use of Force,"ERO Chicago, ICE Health Service Corps (IHSC), Miami Correctional Center (MCC)","Undetermined, pending investigation",2026SIR0002926,"On November 15, 2025, ERO Chicago reported the use of force on a Laotian national detainee while housed at the MCF in Bunker Hill, Indiana. No injuries were reported. ERO leadership and the ICE OPR Intake Center were notified."
1091,Use of Force,"ERO Los Angeles, Adelanto ICE Processing Center (APC)","Undetermined, pending investigation",2026SIR0002916,"On November 15, 2025, ERO Los Angeles reported the use of force on three Cuban national detainees, one Colombian national detainee, one Honduran national detainee, and a Mexican national detainee while housed at the APC in Adelanto, California. No injuries were reported. ERO leadership and the ICE OPR Intake Center were notified."
1092,Use of Force,"ERO New Orleans, Winn Correctional Center (WCC)","Undetermined, pending investigation",2026SIRO002936,"On November 15, 2025, ERO New Orleans reported the use of force on a Guinean national detainee while housed at the WCC in Winnfield, Louisiana. One staff member sustained a bite wound. ERO leadership was notified."
1093,Use of Force,"ERO Atlanta, Folkston ICE Processing Center (FDRIPC)","Undetermined, pending investigation",2026SIR0003022,"On November 17, 2025, ERO Atlanta reported a use of force on Nicaragua national detainee while housed at the FIPC in Folkston, Georgia. No injuries were reported. ERO leadership was notified."
1094,Use of Force,"ERO Harlingen, ICE Health Service Corps (IHSC), Port Isabel Detention Center (PIDC)","Undetermined, pending investigation",2026SIR0002997,"On November 17, 2025, ERO Harlingen reported the use of force on an Iranian national detainee while housed at the PIDC in Los Fresnos, Texas. No injuries were reported. ERO leadership was notified."
1095,Use of Force,"ERO Miami, ICE Health Service Corps (IHSC), Krome Service Processing Center (KSPC)","Undetermined, pending investigation",2026SIR0003036,"On November 18, 2025, ERO Miami reported the use of force on a Bahamian national detainee while housed at the KSPC in Miami, Florida. No injuries were reported. ERO leadership was notified."
1096,Use of Force,"ERO San Antonio, ICE Health Service Corps (IHSC), South Texas ICE Processing Center (STIPC)","Undetermined, pending investigation",2026SIR0003080,"On November 18, 2025, ERO San Antonio reported the use of force on Cuban national detainee housed at the STIPC in Pearsall, Texas. No injuries were reported. ERO leadership was notified."
1097,Use of Force,"ERO San Antonio, ICE Health Service Corps (IHSC), South Texas ICE Processing Center (STIPC)","Undetermined, pending investigation",2026SIR0003109,"On November 19, 2025, ERO San Antonio reported the use of force on a Cuban national detainee while housed at the STIPC in Pearsall, Texas. No injuries were reported. ERO leadership was notified."
1098,Use of Force,"ERO Boston, Strafford County Department of Corrections (SCDOC)","Undetermined, pending investigation",2026SIR0003351,"On November 21, 2025, ERO Boston reported the use of force on a Brazilian national detainee while housed at the SCDC in Dover, New Hampshire. No injuries were reported. ERO leadership was notified."
1099,Use of Force,"ERO Denver, Denver Contract Detention Facility (DCDF)","Undetermined, pending investigation",2026SIR0003261,"On November 21, 2025, ERO Denver reported the use of force on a Colombian national detainee, while housed at the DCDF in Aurora, Colorado. No injuries were reported. ERO leadership was notified."
1100,Use of Force,"ERO San Antonio, ICE Health Service Corps (IHSC), South Texas ICE Processing Center (STIPC)","Undetermined, pending investigation",2026SIR0003285,"On November 21, 2025, ERO San Antonio reported the use of force on Cuban national detainee, while housed in the STIPC in Pearsall, Texas. No injuries were reported. ERO leadership was notified."
1101,Use of Force,"ERO Chicago, ICE Health Service Corps (IHSC), Kenton County Jail (KCJ)","Undetermined, pending investigation",2026SIR0003403,"On November 22, 2025, ERO Chicago reported the use of force on a Haitian national detainee while housed at the KCJ in Covington, Kentucky. No injuries were reported. ERO leadership and the ICE OPR Intake Center were notified."
1102,Use of Force,"ERO Boston, Strafford County Department of Corrections (SCDOC)","Undetermined, pending investigation",2025SIR0014886,"On July 3, 2025, ERO Boston reported the use of force and deployment of oleoresin capsicum (OC) spray on a Russian national detainee, following the detainee's physical assault of an inmate, while housed at the SCDOC in Dover, New Hampshire. The detainee was decontaminated and SCDOC medical noted a scratch on the detainee's right bicep and redness in his eyes. ERO leadership was notified."
1103,Use of Force,"ERO San Antonio, ICE Health Service Corps (IHSC), South Texas ICE Processing Center (STIPC)","Undetermined, pending investigation",2026SIR0003407,"On November 22, 2025, ERO San Antonio reported the use of force on a Cuban national detainee while housed in the STIPC in Pearsall, Texas. No injuries were reported. ERO leadership was notified."
1104,Use of Force,"ERO Houston, Montgomery Processing Center (MPC)","Undetermined, pending investigation",2025SIR0014966,"On July 7, 2025, ERO Houston reported the use of force on a Salvadoran national detainee while housed at the MPC in Conroe, Texas. MPC medical staff evaluated the detainee and reported no injuries. ERO leadership was notified."
1105,Use of Force,"ERO Phoenix, Eloy Detention Center (EDC)","Undetermined, pending investigation",2025SIR0014914,"On July 3, 2025, ERO Phoenix reported the use of oleoresin capsicum (OC) spray on a Cuban national detainee, while housed at the EDC in Eloy, Arizona. The detainee was decontaminated. The detainee refused medical evaluation. No injuries were reported. ERO leadership and the ICE OPR Joint Intake Center were notified."
1106,Use of Force,"ERO New Orleans, Central Louisiana ICE Correctional Center (CLIPC)","Undetermined, pending investigation",2026SIR0003422,"On November 23, 2025, ERO New Orleans reported the use of force on a Cuban national detainee while housed at the CLIPC in Jena, Louisiana. No injuries were reported. ERO leadership and the ICE OPR Intake Center were notified."
1107,Use of Force,"ERO San Antonio, ICE Health Service Corps (IHSC), South Texas ICE Processing Center (STIPC), Frio Regional Hospital (FRH)","Undetermined, pending investigation",2025SIR0014967,"On July 4, 2025, ERO San Antonio reported the use of oleoresin capsicum (OC) spray on a Chinese national detainee while housed at the STIPC in Pearsall, Texas. The detainee was decontaminated and transported to FRH in Pearsall, Texas and medically cleared. No injuries were reported. ERO leadership was notified."
1108,Use of Force,"ERO San Francisco, Golden State Annex (GSA), ICE Health Service Corps (IHSC)","Undetermined, pending investigation",2025SIR0014924,"On July 7, 2025, ERO San Francisco reported the use of oleoresin capsicum (OC) spray on 30 detainees involved in a disturb- ance at the GSA in McFarland, California. The detainees were decontaminated, evaluated by medical staff, and medically cleared. No injuries were reported. ERO leadership and IHSC were notified."
1109,Use of Force,"ERO Los Angeles, Adelanto ICE Processing Center (APC)","Undetermined, pending investigation",2025SIR0015034,"On July 8, 2025, ERO Los Angeles reported the use of oleoresin capsicum spray on a Russian national detainee while housed at the APC in Adelanto, California. No injuries were reported. ERO leadership was notified."
1110,Use of Force,"ERO Los Angeles, ERO Adelanto, Adelanto ICE Processing Center (APC)","Undetermined, pending investigation",2025SIR0015037,"On July 8, 2025, ERO Los Angeles reported the use of oleoresin capsicum spray on a Jordanian national detainee while housed at the APC in Adelanto, California. No injuries were reported. ERO leadership was notified."
1111,Use of Force,"ERO Atlanta, Stewart Detention Center (SDC)","Undetermined, pending investigation",2026SIR0003576,"On November 25, 2025, ERO Atlanta reported the use of force on a Guyanese national detainee housed at the SDC in Lumpkin, Georgia. No injuries were reported. ERO leadership was notified."
1112,Use of Force,"ERO New Orleans, Central Louisiana ICE Correctional Center (CLIPC)","Undetermined, pending investigation",2025SIR0015035,"On July 8, 2025, ERO New Orleans reported the use of oleoresin capsicum spray on 66 non-compliant detainees, while housed at the CLIPC in Jena, Louisiana. No injuries were reported. ERO leadership was notified."
1113,Use of Force,"ERO Philadelphia, Moshannon Valley Processing Center (MVPC)","Undetermined, pending investigation",2026SIR0003480,"On November 25, 2025, ERO Philadelphia reported the use of force on a Congolese national detainee while housed at the MVPC, in Philipsburg, Pennsylvania. No injuries were reported. ERO leadership and the ICE OPR Intake Center were notified."
1114,Use of Force,"ERO San Antonio, ICE Health Service Corps (IHSC), South Texas ICE Processing Center (STIPC)","Undetermined, pending investigation",2025SIR0015063,"On July 8, 2025, ERO San Antonio reported the use of force on an Ecuadoran national detainee while housed at the STIPC in Pearsall, Texas. No injuries were reported. ERO leadership was notified."
1115,Use of Force,"ERO Phoenix, Eloy Detention Center (EDC)","Undetermined, pending investigation",2026SIR0003564,"On November 25, 2025, ERO Phoenix reported the use of force on a Kenyan national detainee while housed at the EDC in Eloy, Arizona. No injuries were reported. ERO leadership and the ICE OPR Intake Center were notified."
1116,Use of Force,"ERO Washington D.C., Farmville Detention Center (FDC)","Undetermined, pending investigation",2025SIR0015018,"On July 8, 2025, ERO Washington, D.C. reported the use of oleoresin capsicum spray on a Dominican national detainee and Peruvian national detainee, while housed at the FDC in Farmville, Virginia. No injuries were reported. ERO leadership and ICE OPR Joint Intake Center were notified."
1117,Use of Force,"ERO Boston, Strafford County Department of Corrections (SCDOC)","Undetermined, pending investigation",2026SIR0003636,"On November 26, 2025, ERO Boston reported the use of force on a Jamaican national detainee while housed at the SCDC in Dover, New Hampshire. No injuries were reported. ERO leadership was notified."
1118,Use of Force,"ERO Atlanta, Stewart Detention Center (SDC)","Undetermined, pending investigation",2025SIR0015085,"On July 9, 2025, ERO Atlanta reported the use of oleoresin capsicum spray on a Jamaican national detainee, while housed at the SDC in Lumpkin, Georgia. The detainee refused a medical assessment, but no injuries were reported. ERO leadership was notified."
1119,Use of Force,"ERO Denver, Denver Contract Detention Facility (DCDF)","Undetermined, pending investigation",2026SIR0003584,"On November 26, 2025, ERO Denver reported the use of force on a Nicaraguan national detainee and a Canadian national detainee while housed at the DCDF in Aurora, Colorado. No injuries were reported. ERO leadership was notified."
1120,Use of Force,"ERO El Paso, Cibola County Correctional Center (CCCC)","Undetermined, pending investigation",2025SIR0015132,"On July 9, 2025, ERO El Paso reported the use of oleoresin capsicum on a Jamaican national detainee, while housed at the CCCC in Milan, New Mexico. CCCC staff escorted the detainee for decontamination, and no injuries were reported. ERO leadership was notified."
1121,Use of Force,"ERO Harlingen, ICE Health Service Corps (IHSC), Port Isabel Detention Center (PIDC)","Undetermined, pending investigation",2026SIR0003599,"On November 26, 2025, ERO Harlingen reported the use of force on an Iranian national detainee while housed at the PIDC in Los Fresnos, Texas. No injuries were reported. ERO leadership was notified."
1122,Use of Force,"ERO San Antonio, ICE Health Service Corps (IHSC), South Texas ICE Processing Center (STIPC)","Undetermined, pending investigation",2025SIR0015126,"On July 9, 2025, ERO San Antonio reported the use of force on two Cuban national detainees housed at the STIPC in Pearsall, Texas. No injuries were reported. ERO leadership was notified."
1123,Use of Force,"ERO Philadelphia, Moshannon Valley Processing Center (MVPC)","Undetermined, pending investigation",2026SIR0003613,"On November 26, 2025, ERO Philadelphia reported the use of force on a Dominican national detainee while housed at the MVPC, in Philipsburg, Pennsylvania. No injuries were reported. ERO leadership and the ICE OPR Intake Center were notified."
1124,Use of Force,"ERO Atlanta, Stewart Detention Center (SDC)","Undetermined, pending investigation",2025SIR0015162,"On July 10, 2025, ERO Atlanta reported the use of oleoresin capsicum spray on a Honduran national detainee, while housed at the SDC in Lumpkin, Georgia. No injuries were reported. ERO leadership was notified."
1125,Use of Force,"ERO Atlanta, ICE Health Service Corps (IHSC), Folkston ICE Processing Center (FDRIPC)","Undetermined, pending investigation",2026SIR0003651,"On November 27, 2025, ERO Atlanta reported the use of force on a Honduran national detainee while housed at the FDRIPC in Folkston, Georgia. No injuries were reported. ERO leadership was notified."
1126,Use of Force,"ERO Boston, Plymouth County Correctional Facility (PCCF), Plymouth County Sheriff's Department (PCSD)","Undetermined, pending investigation",2025SIRO015204,"On July 10, 2025, ERO Boston reported the use of force on a Brazilian national detainee, while housed at the PCCF in Plymouth. Massachusetts. No injuries were reported. ERO leadership was notified."
1127,Use of Force,"ERO Denver, Denver Contract Detention Facility (DCDF)","Undetermined, pending investigation",2026SIR0003657,"On November 27, 2025, ERO Denver reported the use of force on a Colombian national detainee while housed at the DCDF in Aurora, Colorado. No injuries were reported. ERO leadership was notified."
1128,Use of Force,"HSI Norfolk, ERO Norfolk, CBP, U.S. Marshals Service (USMS)",Executive Office for Immigration Review,2025SIR0014990,"On July 10, 2025, HSI Norfolk reported the use of force on a Guatemalan national, during an enforcement action in Hampton, Virginia. No injuries were reported. HSI leadership was notified."
1129,Use of Force,ERO San Francisco,"Undetermined, pending investigation",2025SIR0015107,"On July 10, 2025, ERO San Francisco reported the use of oleoresin capsicum spray on a subject, nationality unknown, during an enforcement action in San Francisco, California. No injuries were reported. ERO leadership was notified."
1130,Use of Force,"ERO Washington D.C., Farmville Detention Center (FDC)","Undetermined, pending investigation",2025SIR0015183,"On July 10, 2025, ERO Washington, D.C. reported the use of force on a Pakistani national detainee, while housed at the FDC in Farmville, Virginia. No injuries were reported. ERO leadership and the ICE OPR Intake Center were notified."
1131,Use of Force,"ERO Harlingen, ICE Health Service Corps (IHSC), Port Isabel Detention Center (PIDC)","Undetermined, pending investigation",2026SIR0003649,"On November 27, 2025, ERO Harlingen reported the use of force on an Iranian national detainee while housed at the PIDC in Los Fresnos, Texas. No injuries were reported. ERO leadership was notified."
1132,Use of Force,"ERO Boston, Federal Correctional Institute Berlin (FCIB), Plymouth County Sheriff's Department (PCSD)","Undetermined, pending investigation",2025SIR0015250,"On July 11, 2025, ERO Boston reported the use of force on a Brazilian national detainee, while housed at the FCIB in Berlin, New Hampshire. The detainee sustained minor abrasions from striking a FCIB staff member. ERO leadership and the ICE OPR Intake Center were notified."
1133,Use of Force,"ERO Harlingen, ICE Health Service Corps (IHSC), Port Isabel Detention Center (PIDC)","Undetermined, pending investigation",2026SIR0003648,"On November 27, 2025, ERO Harlingen reported the use of force on an Iranian national detainee while housed at the PIDC in Los Fresnos, Texas. No injuries were reported. ERO leadership was notified."
1134,Use of Force,"ERO Detroit, ICE Health Service Corps (IHSC), Chippewa County Jail (CCJ)","Undetermined, pending investigation",2025SIR0015255,"On July 11, 2025, ERO Seattle reported the reported the use of force on a Turkish national detainee, while housed at the CCJ in Sault Saint Marie, Michigan. No injuries were reported. ERO leadership, IHSC, and ICE OPR Intake Center were notified."
1135,Use of Force,"ERO Harlingen, ICE Health Service Corps (IHSC), Port Isabel Detention Center (PIDC)","Undetermined, pending investigation",2026SIR0003663/2026SIR0003680,"On November 27, 2025, ERO Harlingen reported the use of force on an Iranian national detainee while housed at the PIDC in Los Fresnos, Texas. No injuries were reported. ERO leadership was notified."
1136,Use of Force,"ERO Houston, Joe Corley Processing Center (JCPC)","Undetermined, pending investigation",2025SIR0015227,"On July 11, 2025, ERO Houston reported the use of force on a Colombian national detainee, while housed at the JCPC in Conroe, Texas. No injuries were reported. ERO leadership was notified."
1137,Use of Force,"ERO San Antonio, ICE Health Service Corps (IHSC), South Texas ICE Processing Center (STIPC)","Undetermined, pending investigation",2025SIR0015272,"On July 11, 2025, ERO San Antonio reported the use of force on a Guatemala national detainee, while housed at the STIPC lin Pearsall, Texas. No injuries were reported. ERO leadership was notified."
1138,Use of Force,"ERO San Antonio, ICE Health Service Corps (IHSC), South Texas ICE Processing Center (STIPC)","Undetermined, pending investigation",2025SIR0015278,"On July 11, 2025, ERO San Antonio reported the use of oleoresin capsicum spray on a Honduran national detainee, while housed at the STIPC in Pearsall, Texas. No injuries were reported. ERO leadership was notified."
1139,Use of Force,"ERO Harlingen, ICE Health Service Corps (IHSC), Port Isabel Detention Center (PIDC)","Undetermined, pending investigation",2026SIR0003718,"On November 28, 2025, ERO Harlingen reported the use of force on an Iranian national detainee while housed at the PIDC in Los Fresnos, Texas. No injuries were reported. ERO leadership was notified."
1140,Use of Force,"ERO Houston, ICE Health Service Corps (IHSC), Montgomery Processing Center (MPC)","Undetermined, pending investigation",2026SIR0003702,"On November 28, 2024, ERO Houston reported the use of force on a Cuban national detainee while housed at the MPC in Conroe, Texas. No injuries were reported. ERO leadership was notified."
1141,Use of Force,"ERO San Diego, Otay Mesa Detention Center (OMDC)","Undetermined, pending investigation",2026SIR0003708,"On November 28, 2025, ERO San Diego reported the use of force on a Sudanese national detainee while housed at the OMDC in San Diego, California. No injuries were reported. ERO leadership was notified."
1142,Use of Force,"ERO Detroit, Mahoning County Jail (MCJ)","Undetermined, pending investigation",2025SIR0015303,"On July 12, 2025, ERO Detroit reported the use of force on a Kenya national detainee, while housed at the MCJ in Youngstown, Ohio. No injuries were reported. ERO leadership was notified."
1143,Use of Force,"ERO Houston, Joe Corley Processing Center (JCPC)","Undetermined, pending investigation",2025SIR0015287,"On July 12, 2025, ERO Houston reported the use of force on two Nicaraguan national detainees and one Honduran national detainee, while housed at the JCPC in Conroe, Texas. No injuries were reported. ERO leadership was notified."
1144,Use of Force,"ERO Harlingen, ICE Health Service Corps (IHSC), Port Isabel Detention Center (PIDC)","Undetermined, pending investigation",2026SIR0003741/2026SIR0003742,"On November 29, 2025, ERO Harlingen reported the use of force on an Iranian national detainee while housed at the PIDC in Los Fresnos, Texas. No injuries were reported. ERO leadership was notified."
1145,Use of Force,"ERO New Orleans, Jackson Parish Correctional Center (JPCC)","Undetermined, pending investigation",2026SIR0003732,"On November 29, 2025, ERO New Orleans reported the use of force on a Haitian national while housed at the JPCC in Jonesboro, Louisiana. No injuries were reported. ERO leadership was notified."
1146,Use of Force,"ERO New Orleans, Adams County Detention Center (ACDC)","Undetermined, pending investigation",2026SIR0003747,"On November 29, 2025, ERO New Orleans reported the use of force on a Brazilian national detainee and four unknown national detainees while housed at the ACDC in Natchez, Mississippi. No injuries were reported. ERO leadership was notified."
1147,Use of Force,"ERO San Antonio, South Texas ICE Processing Center (STIPC)","Undetermined, pending investigation",2026SIR0003748,"On November 29, 2025, ERO San Antonio reported the use of force on a Honduran national detainee while housed at the STIPC in Pearsall, Texas. No injuries were reported. ERO leadership was notified."
1148,Use of Force,"ERO Dallas, Prairieland Detention Center (PDC)","Undetermined, pending investigation",2025SIR0015340 / 2025SIR0015341,"On July 13, 2025, ERO Dallas reported the use of oleoresin capsicum spray on a Venezuelan national detainee and a Nigerian national detainee, while housed at the PDC in Alvarado, Texas. No injuries were reported. ERO leadership was notified."
1149,Use of Force,"ERO Atlanta, Folkston ICE Processing Center (FDRIPC)","Undetermined, pending investigation",2026SIR0003757,"On November 30, 2025, ERO Atlanta reported the use of force on a Venezuelan national detainee while housed at the FDRIPC in Folkston, Georgia. No injuries were reported. ERO leadership was notified."
1150,Use of Force,"ERO Atlanta, Folkston ICE Processing Center (FDRIPC)","Undetermined, pending investigation",2026SIR0003756,"On November 30, 2025, ERO Atlanta reported the use of force on a Guatemalan national detainee while housed at the FIPC in Folkston, Georgia. No injuries were reported. ERO leadership was notified."
1151,Use of Force,"ERO Harlingen, ICE Health Service Corps (IHSC), Port Isabel Detention Center (PIDC)","Undetermined, pending investigation",2025SIR0015393,"On July 14, 2025, ERO Harlingen reported the use of force on a Cuban national detainee while housed at the PIDC in Los Fresnos, Texas. No injuries were reported. ERO leadership was notified."
1152,Use of Force,"ERO Harlingen, ICE Health Service Corps (IHSC), Port Isabel Detention Center (PIDC)","Undetermined, pending investigation",2026SIR0003770,"On November 30, 2025, ERO Harlingen reported the use of force on an Iranian national detainee while housed at the PIDC in Los Fresnos, Texas. No injuries were reported. ERO leadership and IHSC were notified."
1153,Use of Force,"ERO San Antonio, South Texas ICE Processing Center (STIPC)","Undetermined, pending investigation",2026SIR0003761,"On November 30, 2025, ERO San Antonio reported the use of force on a Cuban national detainee while housed at the STIPC in Pearsall, Texas. No injuries were reported. ERO leadership was notified."
1154,Use of Force,"ERO Harlingen, ICE Health Service Corps (IHSC), Port Isabel Detention Center (PIDC)","Undetermined, pending investigation",2026SIR0003796,"On December 1, 2025, ERO Harlingen reported the use of force on an Iranian national detainee while housed at the PIDC in Los Fresnos, Texas. No injuries were reported. ERO leadership and IHSC were notified."
1155,Use of Force,"ERO New Orleans, Winn Parish Correctional Center (WPCC)","Undetermined, pending investigation",2026SIR0003834,"On December 1, 2025, ERO New Orleans reported the use of force on a Haitian national detainee while housed at the WPCC in Atlanta, Louisiana. No injuries were reported. ERO leadership and the ICE OPR Intake Center were notified."
1156,Use of Force,"ERO New York, ERO Central Islip, Nassau County Corrections Center (NCCC)","Undetermined, pending investigation",2026SIR0003829,"On December 1, 2025, ERO New York reported the use of force on a Salvadoran national detainee while housed at the NCCC in East Meadow, New York. No injuries were reported. ERO leadership was notified."
1157,Use of Force,"ERO El Paso, ERO Albuquerque, ICE Health Service Corps (IHSC), Torrance County Detention Facility (TCDF)","Undetermined, pending investigation",2025SIR0015518,"On July 16, 2025, ERO El Paso reported the use of force on a Cuban national detainee, while housed at the TCDF in Estancia, New Mexico. No injuries were reported. ERO leadership was notified."
1158,Use of Force,"ERO Philadelphia, Moshannon Valley Processing Center (MVPC)","Undetermined, pending investigation",2025SIR0015513,"On July 16, 2025, ERO Philadelphia reported the use of force on a Congolese national detainee, while housed at the MVPC in Philipsburg, Pennsylvania. MVPC staff escorted them for medical for evaluation. No injuries were reported. ERO leadership and the ICE OPR Intake Center were notified."
1159,Use of Force,"ERO Miami, ICE Health Service Corps (IHSC), Krome Service Processing Center (KSPC), West Kendall Baptist Hospital (WKBH)","Undetermined, pending investigation",2025SIR0015542,"On July 17, 2025, ERO Miami reported the use of force on a Turkish national detainee, while housed at the KSPC in Miami, Florida. The detainee was transported to WKBH for evaluation and treatment of a right shoulder dislocation. ERO leadership was notified."
1160,Use of Force,"ERO Philadelphia, Moshannon Valley Processing Center (MVPC)","Undetermined, pending investigation",2025SIR0015589,"On July 17, 2025, ERO Philadelphia reported the use of force on a Congolese national detainee, while housed at the MVPC in Philipsburg, Pennsylvania. No injuries were reported. ERO leadership and the ICE OPR Intake Center were notified."
1161,Use of Force,"ERO Atlanta, Stewart Detention Center (SDC)","Undetermined, pending investigation",2026SIR0003863,"On December 2, 2025, ERO Atlanta reported the use of force on a Honduran national detainee housed at the SDC in Lumpkin, Georgia. No injuries were reported. ERO leadership was notified."
1162,Use of Force,"ERO Denver, Denver Contract Detention Facility (DCDF)","Undetermined, pending investigation",2026SIR0003862,"On December 2, 2025, ERO Denver reported the use of force on a Colombian national detainee housed at the DCDF in Aurora, Colorado. No injuries were reported. ERO leadership was notified."
1163,Use of Force,"ERO Harlingen, ICE Health Service Corps (IHSC), Port Isabel Detention Center (PIDC)","Undetermined, pending investigation",2026SIR0003848/2026SIR0003847,"On December 2, 2025, ERO Harlingen reported the use of force on an Iranian national detainee while housed at the PIDC in Los Fresnos, Texas. No injuries were reported. ERO leadership was notified."
1164,Use of Force,"ERO Harlingen, El Valle Detention Facility (EVDF)","Undetermined, pending investigation",2026SIR0003859,"On December 2, 2025, ERO Harlingen reported the use of force on a Romanian national detainee while housed at the EVDF in Raymondville, Texas. No injuries were reported. ERO leadership was notified."
1165,Use of Force,"ERO Harlingen, Webb County Detention (WCDC)","Undetermined, pending investigation",2025SIR0003906,"On December 2, 2025, ERO Harlingen reported the use of force on a Cuban national while housed at the WCDC in Laredo, Texas. No injuries were reported. ERO leadership was notified."
1166,Use of Force,"ERO New Orleans, ERO Fort Smith, Jackson Parish Correctional Center (JPCC)","Undetermined, pending investigation",2026SIR0003924,"On December 2, 2025, ERO New Orleans reported the use of force on an Ethiopian national while housed at the JPCC in Jonesboro, Louisiana. One JPCC staff member sustained a head injury. ERO leadership was notified."
1167,Use of Force,"ERO Harlingen, ICE Health Service Corps (IHSC), Port Isabel Detention Center (PIDC)","Undetermined, pending investigation",2026SIR0004000,"On December 3, 2025, ERO Harlingen reported the use of force on an Iranian national detainee while housed at the PIDC in Los Fresnos, Texas. No injuries were reported. ERO leadership was notified."
1168,Use of Force,"ERO Washington D.C., Farmville Detention Center (FDC)","Undetermined, pending investigation",2025SIR0015645,"On July 18, 2025, ERO Washington, D.C. reported the use of force on a Salvadoran national detainee, while housed at the FDC in Farmville, Virginia. No injuries were reported. ERO leadership and ICE OPR Intake Center were notified."
1169,Use of Force,"ERO Harlingen, ICE Health Service Corps (IHSC), Port Isabel Detention Center (PIDC)","Undetermined, pending investigation",2026SIR0003940,"On December 3, 2025, ERO Harlingen reported the use of force on an Iranian national detainee while housed at the PIDC in Los Fresnos, Texas. No injuries were reported. ERO leadership was notified."
1170,Use of Force,"ERO Los Angeles, Desert View Facility (DVF)",Executive Office for Immigration Review,2026SIR0003934,"On December 3, 2025, ERO Los Angeles reported the use of force a Mauritanian national housed at the DVF in Adelanto, California. No injuries were reported. ERO leadership and the ICE OPR Intake Center were notified."
1171,Use of Force,"ERO Philadelphia, Moshannon Valley Processing Center (MVPC)","Undetermined, pending investigation",2026SIR0003991,"On December 3, 2025, ERO Philadelphia reported the use of force on a Congolese national detainee while housed at the MVPC, in Philipsburg, Pennsylvania. No injuries were reported. ERO leadership and the ICE OPR Intake Center were notified."
1172,Use of Force,"ERO Harlingen, ICE Health Service Corps (IHSC), Port Isabel Detention Center (PIDC)","Undetermined, pending investigation",2026SIR0004046,"On December 4, 2025, ERO Harlingen reported the use of force on an Iranian national detainee while housed at the PIDC in Los Fresnos, Texas. No injuries were reported. ERO leadership was notified."
1173,Use of Force,"ERO Miami, ICE Health Service Corps (IHSC), Krome Service Processing Center (KSPC)","Undetermined, pending investigation",2026SIR0004072,"On December 4, 2025, ERO Miami reported the use of force on a Haitian national detainee while housed at the KSPC in Miami, Florida. No injuries were reported. ERO leadership and the ICE OPR Intake Center were notified."
1174,Use of Force,"ERO New York, Orange County Jail (OCJ)","Undetermined, pending investigation",2025SIR0015707,"On July 20, 2025, ERO New York reported the use of force on one Ecuadorian national detainee, one Mexican national detainee, two Salvadoran national detainees, and two Guatemalan national detainees, while housed at the OCJ in Goshen, New York. No injuries were reported. ERO leadership was notified."
1175,Use of Force,"ERO San Antonio, South Texas ICE Processing Center (STIPC)","Undetermined, pending investigation",2026SIR0004071,"On December 4, 2025, ERO San Antonio reported the use of force on a Nicaraguan national detainee, a Salvadoran national, an Italian national detainee, a Sudanese national detainee, a Sierra Leonian national detainee, two Haitian national detainees, two Jamaican national detainees, three Honduran national detainees, and three Mexican national detainees, while housed at the STIPC in Pearsall, Texas. No injuries were reported. ERO leadership was notified."
1176,Use of Force,"ERO Phoenix, Central Arizona Florence Correctional Complex (CAFCC)","Undetermined, pending investigation",2025SIR0015696,"On July 20, 2025, ERO Phoenix reported the use of oleoresin capsicum (OC) spray on a Cuban national detainee while housed at the CAFCC in Florence, Arizona. No injuries were reported. ERO leadership and ICE OPR Intake Center were notified."
1177,Use of Force,"ERO Miami, ICE Health Service Corps (IHSC), Krome Service Processing Center (KSPC)","Undetermined, pending investigation",2026SIR0004206,"On December 7, 2025, ERO Miami reported the use of force on a Haitian national detainee while housed at the KSPC in Miami, Florida. No injuries were reported. ERO leadership was notified."
1178,Use of Force,"ERO New Orleans, ICE Health Service Corps (IHSC), Central Louisiana ICE Correctional Center (CLIPC)","Undetermined, pending investigation",2026SIR0004234,"On December 7, 2025, ERO New Orleans reported the use of force on a Jamaican national detainee, a Mauritanian national detainee, and a Bahamian national detainee while housed at the CLIPC in Jena, Louisiana. No injuries were reported. ERO leadership was notified."
1179,Use of Force,"ERO Philadelphia, Clinton County Correctional Facility (CCCF)","Undetermined, pending investigation",2026SIR0004227,"On December 7, 2025, ERO Philadelphia reported the use of force on a Haitian national housed at the CCCF in McElhattan, Pennsylvania. No injuries were reported. ERO leadership was notified."
1180,Use of Force,"ERO San Antonio, ICE Health Service Corps (IHSC), South Texas ICE Processing Center (STIPC)","Undetermined, pending investigation",2026SIR0004233,"On December 7, 2025, ERO San Antonio reported the use of force on a Haitian national detainee while housed at the STIPC in Persall, Texas. No injuries were reported. ERO leadership was notified."
1181,Use of Force,"ERO San Antonio, South Texas ICE Processing Center (STIPC)","Undetermined, pending investigation",2026SIR0004228,"On December 7, 2025, ERO San Antonio reported the use of force on a Haitian national detainee while housed at the STIPC in Pearsall, Texas. No injuries were reported. ERO leadership was notified."
1182,Use of Force,"ERO El Paso, ICE Health Service Corps (IHSC), El Paso Processing Center (EPC)","Undetermined, pending investigation",2025SIR0009726,"On April 6, 2025, ERO El Paso reported the use of force on a Venezuelan national detainee while housed at the EPC in El Paso, Texas. IHSC conducted a medical evaluation of the detainee, and no injuries were reported. ERO leadership and the ICE OPR Intake Center were notified."
1183,Use of Force,"ERO Harlingen, ICE Health Service Corps (IHSC), Port Isabel Detention Center (PIDC)","Undetermined, pending investigation",2025SIR0009730,"On April 6, 2025, ERO Harlingen reported the use of force on a Salvadoran national detainee while housed at the PIDC in Los Fresnos, Texas. IHSC conducted a post medical evaluation and clearance, and no injuries were reported. ERO leadership and the ICE OPR Intake Center were notified."
1184,Use of Force,"ERO Seattle, Northwest ICE Processing Center (NWPIC)","Undetermined, pending investigation",2025SIR0009746,"On April 6, 2025, ERO Seattle reported the use of force on a Honduran national detainee housed at the NWIPC in Tacoma, Washington. No injuries were reported. ERO leadership and the ICE OPR Intake Center were notified."
1185,Use of Force,"ERO Atlanta, Folkston ICE Processing Center (FDRIPC)","Undetermined, pending investigation",2025SIR0009940,"On April 9, 2025, ERO Atlanta reported the use of force on a Jamaican national detainee housed at the FIPC in Folkston Georgia. The detainee was escorted to medical for evaluation and no injuries were reported. ERO leadership was notified"
1186,Use of Force,"ERO Philadelphia, Moshannon Valley Processing Center (MVPC)","Undetermined, pending investigation",2025SIR0009838,"On April 9, 2025, ERO Philadelphia reported the use of oleoresin capsicum spray on a Honduran national detainee, while housed at the MVPC in Philipsburg, Pennsylvania. No injuries were reported. ERO leadership and ICE OPR Intake Center were notified."
1187,Use of Force,ERO Dallas,"Undetermined, pending investigation",2025SIR0009749,"On April 8, 2025, ERO Dallas reported the use of force on a Venezuelan national detainee at the ERO Dallas field office in Dallas, Texas. No injuries were reported. ERO leadership was notified."
1188,Use of Force,"ERO New York City, ICE Health Service Corps (IHSC), Nassau County Corrections Center (NCCC)","Undetermined, pending investigation",2025SIR0009864,"On April 8, 2025, ERO New York City reported the use of oleoresin capsicum (OC) spray on a Russian national detainee, while housed at the NCCC in East Meadow, New York. NCCC staff escorted the detainee for decontamination and medical evaluation. IHSC will keep ERO New York advised"
1189,Use of Force,"ERO Miami, Broward Transitional Center (BTC)","Undetermined, pending investigation",2025SIR0009971,"On April 10, 2025, ERO Miami reported the use of force on a Guatemalan national detainee, while housed at the BTC in Pompano Beach, Florida. No injuries were reported for the ERO Officer, BTC staff, or the detainee. ERO leadership was notified."
1190,Use of Force,"ERO New Orleans, Richwood Correctional Center (RCC)","Undetermined, pending investigation",2025SIR0009957,"On April 10, 2025, ERO New Orleans reported the use of force and deployment of oleoresin capsicum (OC) spray on 53 non- compliant detainees, all housed at the RCC in Monroe. Louisiana. RCC staff escorted the detainees for decontamination. No injuries were reported. ERO leadership was notified."
1191,Use of Force,"ERO Saint Paul, ERO Fort Snelling","Undetermined, pending investigation",2025SIR0010018,"On April 10, 2025, ERO Saint Paul reported the use of force on a Nicaraguan national detainee, while processing at the ERO Fort Snelling Office in Fort Snelling. Minnesota. No injuries were reported. ERO leadership was notified."
1192,Use of Force,"ERO Chicago, ICE Health Service Corps (IHSC), Boone County Jail (BCJ)","Undetermined, pending investigation",2025SIR0010159,"On April 12, 2025, ERO Chicago reported the use of oleoresin capsicum (OC) spray on a Moroccan national, while housed at the BCJ in Burlington, Kentucky. No injuries were reported. ERO leadership, HSC, and the ICE OPR Joint Intake Center were notified."
1193,Use of Force,"ERO Detroit, Calhoun County Jail (CCJ)","Undetermined, pending investigation",2025SIR0010151,"On April 12, 2025, ERO Detroit reported the use of force on a Mexican national detainee while housed at the CCJ in Battle Creek, Michigan. No injuries were reported. ERO leadership and the ICE OPR Intake Center were notified."
1194,Use of Force,"ERO Phoenix, ICE Health Service Corps (IHSC), Eloy Detention Center (EDC)",N/A,2025SIR0010158,"On April 12, 2025, ERO Phoenix reported the use of oleoresin capsicum (OC) on a Mexican national detainee while housed at the EDC in Eloy, Arizona. No injuries were reported. ERO leadership and the ICE OPR Joint Intake Center were notified."
1195,Use of Force,"ERO San Antonio, ICE Health Service Corps (IHSC), South Texas ICE Processing Center (STIPC)","Undetermined, pending investigation",2025SIR0010103,"On April 12, 2025, ERO San Antonio reported the use of force on a Turkish national detainee while housed at the STIPC in Pearsall, Texas. No injuries were reported. ERO leadership was notified."
1196,Use of Force,"ERO San Antonio, ICE Health Service Corps (IHSC), South Texas ICE Processing Center (STIPC)","Undetermined, pending investigation",2025SIR0010108,"On April 12, 2025, ERO San Antonio reported the use of oleoresin capsicum (OC) spray on a Turkish national detainee while housed at the STIPC in Pearsall, Texas. No injuries were reported. ERO leadership was notified."
1197,Use of Force,"ERO San Antonio, ICE Health Service Corps (IHSC), South Texas ICE Processing Center (STIPC)","Undetermined, pending investigation",2025SIR0010090,"On April 12, 2025, ERO San Antonio reported the use of oleoresin capsicum (OC) spray on a Saudi national detainee while housed at the STIPC in Pearsall, Texas. An STIPC staff member was injured in the right eye from a foreign object during the use of force. ERO leadership was notified."
1198,Use of Force,"ERO Harlingen, ICE Health Service Corps (IHSC), Port Isabel Detention Center (PIDC)","Undetermined, pending investigation",2025SIR0010086,"On April 11, 2025, ERO Harlingen reported the use of force on a Venezuelan national detainee and an Angolan national detainee, while housed at the PIDC in Los Fresnos, Texas. PIDC escorted the detainees for a medical evaluation and clearance, and no injuries were reported. ERO leadership was notified."
1199,Use of Force,"ERO Dallas, Cimarron Correctional Facility (CCF)","Undetermined, pending investigation",2025SIR0010216,"On April 14, 2025, ERO Dallas reported the use of oleoresin capsicum spray to halt a physical altercation involving a Venezuelan national detainee, a Kazakhstani national detainee, Kyrgyzstani national detainee, Russian national detainee, and a Tajikistani national detainee, while housed at the CCF in Cushing, Oklahoma. The Venezuelan national detainee was admitted to a local hospital for treatment of injuries. ERO leadership was notified."
1200,Use of Force,"ERO Harlingen, ICE Health Service Corps (IHSC), Port Isabel Detention Center (PIDC)","Undetermined, pending investigation",2025SIR0010289,"On April 15, 2025, ERO Harlingen reported the use of force on an Iranian national detainee, housed at the PIDC in Los Fresnos, Texas. The detainee was medically evaluated, and no injuries were reported. ERO leadership was notified."
1201,Use of Force,"ERO Washington, Farmville Detention Center (FDC)","Undetermined, pending investigation",2025SIR0010286,"On April 15, 2025, ERO Washington reported the use of force and oleoresin capsicum spray on a Dominican national detainee, housed at the FDC in Farmville, Virginia. FDC staff escorted the detainee to medical for decontamination and for medical evaluation, and no injuries were reported. ERO leadership and ICE OPR Joint Intake Center were notified."
1202,Use of Force,"ERO Philadelphia, Moshannon Valley Processing Center (MVPC)","Undetermined, pending investigation",2025SIR0010341,"On April 16, 2025, ERO Philadelphia reported the use of force on a Congolese national detainee while housed at the MVPC in Philipsburg, Pennsylvania. The detainee was evaluated, and no injuries were reported. ERO leadership and ICE OPR Intake Center were notified."
1203,Use of Force,"ERO Dallas, Bluebonnet Detention Center (BBDC)","Undetermined, pending investigation",2025SIR0010410,"On April 17, 2025, ERO Dallas reported the use of force on seven Venezuelan national detainees, while housed at the BDC in Anson, Texas. Medical staff cleared the detainees and no injuries were reported. ERO leadership was notified."
1204,Use of Force,"ERO San Antonio, ICE Health Service Corps (IHSC), South Texas ICE Processing Center (STIPC)","Undetermined, pending investigation",2025SIR0010572,"On April 20, 2025, ERO San Antonio reported the use of force and oleoresin capsicum spray on a Saudi national detainee housed at the STIPC in Pearsall, Texas. STIPC staff escorted them to IHSC for decontamination and for medical evaluation. No injuries were reported. ERO leadership and the ICE OPR Intake Center were notified."
1205,Use of Force,"ERO Philadelphia, Moshannon Valley Processing Center (MVPC)","Undetermined, pending investigation",2025SIR0010633,"On April 22, 2025, ERO Philadelphia reported the use of force on two Salvadoran national detainees, while housed at the MVPC in Philipsburg, Pennsylvania. No injuries were reported. ERO leadership and ICE OPR Intake Center were notified."
1206,Use of Force,"ERO San Antonio, ICE Health Service Corps (IHSC), T. Don Hutto Detention Center (TDHDC)","Undetermined, pending investigation",2025SIR0010677,"On April 22, 2025, ERO San Antonio reported the use of force on a Cuban national detainee and a Venezuelan national detainee, while housed at the TDHDC in Taylor, Texas. No injuries were reported. ERO leadership and the ICE OPR Intake Center were notified."
1207,Use of Force,"ERO Washington D.C., Farmville Detention Center (FDC)","Undetermined, pending investigation",2025SIR0010628,"On April 22, 2025, ERO Washington, D.C. reported the use of oleoresin capsicum spray on a Salvadoran national detainee while housed at the FDC in Farmville, Virginia. The detainee was medically evaluated, and no injuries were reported. ERO leadership and ICE OPR Intake Center were notified."
1208,Use of Force,"ERO Dallas, Bluebonnet Detention Center (BBDC)","Undetermined, pending investigation",2025SIR0010744,"On April 23, 2025, ERO Dallas reported the use of force on a Mexican national detainee, while housed at the BDC in Anson, Texas. Medical staff evaluated the detainee, and no injuries were reported. ERO leadership and the ICE OPR Intake Center were notified."
1209,Use of Force,"ERO Philadelphia, Moshannon Valley Processing Center (MVPC)","Undetermined, pending investigation",2025SIR0010704,"On April 23, 2025, ERO Philadelphia reported the use of force on a Honduran national detainee while housed at the MVPC in Philipsburg, Pennsylvania. The detainee was medically evaluated, and no injuries were reported. ERO leadership and the ICE OPR Intake Center were notified."
1210,Use of Force,"ERO Dallas, Bluebonnet Detention Center (BBDC)","Undetermined, pending investigation",2025SIR0010772,"On April 24, 2025, ERO Dallas reported the use of force on a Venezuelan national detainee, while housed at the BDC in Anson, Texas. The detainee was medically evaluated and placed on suicide watch. ERO leadership was notified"
1211,Use of Force,"ERO Detroit, Monroe County Jail (MCJ)","Undetermined, pending investigation",2025SIR0010771,"On April 24, 2025, ERO Detroit reported the use of force on a Mauritanian national detainee, while housed at the MCJ in Monroe, Michigan. No injuries were reported. ERO leadership, ICE Health Service Corps, and the ICE OPR Intake Center were notified."
1212,Use of Force,"ERO Philadelphia, Moshannon Valley Processing Center (MVPC)","Undetermined, pending investigation",2025SIR0010816,"On April 24, 2025, ERO Philadelphia reported the use of force and deployment of oleoresin capsicum spray on a Salvadoran national detainee and a Sierra Leonean national detainee, while housed at the MVPC in Philipsburg, Pennsylvania. MVPC staff escorted them to medical for decontamination and for medical evaluation. No injuries were reported. ERO leadership and the ICE OPR Intake Center were notified."
1213,Use of Force,"ERO Harlingen, Webb County Detention (WCDC)","Undetermined, pending investigation",2025SIR0010892,"On April 25, 2025, ERO Harlingen reported the use of force on a Dominican national detainee while housed at the WCDC in Laredo, Texas. The detainee was escorted to medical and reported minor injuries. ERO leadership was notified."
1214,Use of Force,"ERO Philadelphia, Moshannon Valley Processing Center (MVPC)","Undetermined, pending investigation",2025SIR0010902,"On April 25, 2025, ERO Philadelphia reported the use of force on a Honduran national detainee, while housed at the MVPC in Philipsburg, Pennsylvania. MVPC medical staff assessed the detainee and reported no injuries. ERO leadership and the ICE OPR Intake Center were notified. I"
1215,Use of Force,"ERO Dallas, Prairieland Detention Center (PDC)","Undetermined, pending investigation",2025SIR0010912,"On April 26, 2025, ERO Dallas reported the use of chemical agents on a Venezuelan national while housed at the PDC in Alvarado, Texas. PDC staff escorted the detainee to medical for decontamination and a medical evaluation. No injuries were reported. ERO leadership was notified."
1216,Use of Force,"ERO Miami, ICE Health Service Corps (IHSC), Krome Service Processing Center (KSPC)","Undetermined, pending investigation",2025SIR0010925,"On April 26, 2025, ERO Miami reported the use of force on a Guatemalan national detainee while housed at the KSPC in Miami, Florida. IHSC medical staff assessed the detainee for post use of force, medically cleared him, and no injuries were reported. ERO leadership was notified."
1217,Use of Force,"ERO San Diego, Otay Mesa Detention Center (OMDC)","Undetermined, pending investigation",2025SIR0010927,"On April 26, 2025, ERO San Diego reported the use of oleoresin capsicum on a Guatemalan national detainee and a Mexican national detainee while housed at the OMDC in San Diego, California. OMDC staff escorted the detainees to medical for decontamination, and the medical evaluation. No injuries were reported. ERO leadership and the ICE OPR Intake Center were notified."
1218,Use of Force,"ERO Washington D.C., ERO Richmond, ERO San Antonio","Undetermined, pending investigation",2025SIR0010913,"On April 26, 2025, ERO Washington, D.C. reported the use of force on a Sudanese national detainee while housed at the STIPC in Pearsall, Texas. No injuries were reported. ERO leadership and the ICE OPR Intake Center were notified."
1219,Use of Force,"ERO Harlingen, El Valle Detention Facility (EVDF)","Undetermined, pending investigation",2025SIR0011021,"On April 29, 2025, ERO Harlingen reported the use of force on a Mexican national detainee and a Honduran national detainee, while housed at the EVDF in Raymondville, Texas. Both detainees were medically evaluated, and no injuries were reported. ERO leadership was notified."
1220,Use of Force,"ERO Harlingen, El Valle Detention Facility (EVDF)","Undetermined, pending investigation",2025SIR0011020,"On April 29, 2025, ERO Harlingen reported the use of force on a Venezuelan national detainee while housed at the EVDF in Raymondville, Texas. The detainee was medically evaluated, and no injuries were reported. ERO leadership was notified."
1221,Use of Force,"ERO Atlanta, Folkston ICE Processing Center (FDRIPC)","Undetermined, pending investigation",2025SIR0011083,"On April 30, 2025, ERO Atlanta reported the use of force on an Ecuadorian national detainee housed at the FIPC in Folkston, Georgia. No injuries were reported. ERO leadership was notified."
1222,Use of Force,"ERO Dallas, Bluebonnet Detention Center (BBDC)","Undetermined, pending investigation",2025SIR0011136,"On April 30, 2025, ERO Dallas reported the use of force on a Venezuelan national detainee while housed at the BDC in Anson, Texas. No injuries were reported. ERO leadership was notified"
1223,Use of Force,"ERO El Paso, ICE Health Service Corps (IHSC), El Paso Processing Center (EPC)","Undetermined, pending investigation",2025SIR0011159,"On April 30, 2025, ERO El Paso reported the use of force on a Mexican national detainee while housed at the EPC in El Paso Texas. No injuries were reported. ERO leadership was notified"
1224,Use of Force,"ERO Phoenix, ICE Health Service Corps (IHSC), Eloy Detention Center (EDC)",N/A,2025SIR0011157,"On April 30, 2025, ERO Phoenix reported the use of oleoresin capsicum (OC) on a Cuban national detainee while housed at EDC in Eloy, Arizona. EDC staff escorted the detainee to the showers and instructed him to decontaminate but he refused. No injuries were reported. ERO leadership and the Joint Intake Center were notified."
1225,Use of Force,"ERO San Antonio, ICE Health Service Corps (IHSC), T. Don Hutto Detention Center (TDHDC)","Undetermined, pending investigation",2025SIR0011093,"On April 30, 2025, ERO San Antonio reported the use of force on a Nicaraguan national detainee while housed at the TDHDC in Taylor, Texas. No injuries were reported. ERO leadership and the ICE OPR Intake Center were notified."
1226,Use of Force,"ERO Seattle, ICE Health Service Corps (IHSC), Northwest ICE Processing Center (NWPIC)","Undetermined, pending investigation",2025SIR0011069,"On April 30, 2025, ERO Atlanta reported the use of force on a Salvadoran national detainee housed at the NWIPC in Tacoma, Washington. The detainee suffered a fingernail injury. ERO leadership was notified."
1227,Use of Force,"ERO Washington, Farmville Detention Center (FDC)","Undetermined, pending investigation",2025SIR0011146,"On April 30, 2025, ERO Washington reported the use of force on a Dominican national detainee while housed at the FDC in Farmville, Virginia. No injuries were reported. ERO leadership and the ICE OPR Intake Center were notified."
1228,Use of Force,"ERO Atlanta, ERO Charleston (SC), FBI",Executive Office for Immigration Review,2025SIR0011043,"On May 1, 2025, HSI Atlanta reported the use of force on a Brazilian national detainee during processing, at the ERO Charleston office in North Charleston, South Carolina. The detainee incurred minor injuries, was evaluated at a local hospital, and cleared. ERO leadership was notified."
1229,Use of Force,"ERO Washington D.C., ERO Richmond, Farmville Detention Center (FDC)","Undetermined, pending investigation",2025SIR0011214,"On May 2, 2025, ERO Washington, D.C. reported the use of oleoresin capsicum spray on a Nigerian national detainee while housed at the FDC in Farmville, Virginia. No injuries were reported. ERO leadership and the ICE OPR Intake Center were notified."
1230,Use of Force,"ERO Phoenix, Eloy Detention Center (EDC), Eloy Police Department (EPD)","Undetermined, pending investigation",2025SIR0011348,"On May 3, 2025, ERO Phoenix reported the use of oleoresin capsicum spray on a Mexican national detainee while housed at the EDC in Eloy, Arizona. No injuries were reported. ERO leadership and the ICE OPR Intake Center were notified."
1231,Use of Force,"ERO Philadelphia, Moshannon Valley Processing Center (MVPC)","Undetermined, pending investigation",2025SIR0011355,"On May 4, 2025, ERO Philadelphia reported the use of force on a Honduran national detainee while housed at the MVPC in Philipsburg, Pennsylvania. No injuries were reported, and the detainee was placed on suicide watch. ERO leadership was notified."
1232,Use of Force,"ERO Washington D.C., ERO Richmond, ICE Health Service Corps (IHSC), Farmville Detention Center (FDC)","Undetermined, pending investigation",2025SIR0011346,"On May 4, 2025, ERO Washington, D.C. reported the use of oleoresin capsicum spray on an Ecuadorian national detainee while housed at the FDC in Farmville, Virginia. The detainee was escorted to a medical unit for decontamination and evaluation, and no injuries were reported. ERO leadership and the ICE OPR Intake Center were notified."
1233,Use of Force,"ERO Dallas, ERO Lubbock, Bluebonnet Detention Center (BBDC)","Undetermined, pending investigation",2025SIR0011404,"On May 5, 2025, ERO Dallas reported the use of force and deployment of oleoresin capsicum (OC) spray on 18 Venezuelan national detainees, while housed at the BDC in Anson, Texas. During this incident, several detainees verbally threatened BDC security staff and threatened to take hostages. BDC Medical staff decontaminated, evaluated, and cleared all ICE detainees with no injuries. ERO leadership was notified."
1234,Use of Force,"ERO Harlingen, El Valle Detention Facility (EVDF)","Undetermined, pending investigation",2025SIR0011384,"On May 5, 2025, ERO Harlingen reported the use of force on a Kyrgyzstani national detainee while housed at the EVDG in Raymondville, Texas. EVDG medical staff evaluated the detainee, and no injuries were reported. ERO leadership was notified."
1235,Use of Force,"ERO San Antonio, T. Don Hutto Detention Center (TDHDC)","Undetermined, pending investigation",2025SIR0011393,"On May 5, 2025, ERO San Antonio reported the use of force on an Ethiopian national detainee while housed at the TDHDC in Taylor, Texas. No injuries were reported. ERO leadership was notified."
1236,Use of Force,"ERO Harlingen, Port Isabel Detention Center (PIDC)","Undetermined, pending investigation",2025SIR0011478,"On May 6, 2025, ERO Harlingen reported the use of force on a Colombian national detainee while housed at the PIDC in Los Fresnos, Texas. The detainee was medically evaluated, and no injuries were reported. ERO leadership was notified."
1237,Use of Force,"ERO Harlingen, Webb County Detention (WCDC)","Undetermined, pending investigation",2025SIR0011473,"On May 6, 2025, ERO Harlingen reported the use of force on a Venezuelan national detainee while housed at the WCDC in Laredo, Texas. The detainee was medically evaluated, and no injuries were reported. ERO leadership and the ICE OPR Intake Center were notified."
1238,Use of Force,"ERO Phoenix, Central Arizona Florence Correctional Complex (CAFCC), Florence Police Department (FPD)","Undetermined, pending investigation",2025SIR0011480,"On May 6, 2025, ERO Phoenix reported the use of force and deployment of oleoresin capsicum spray on a Cuban national detainee, after the detainee physically assaulted a CAFCC staff member, while housed at the CAFCC in Florence, Arizona. Medical staff evaluated CAFCC staff and the detainee, and no injuries were reported. ERO leadership and FPD were notified."
1239,Use of Force,"ERO Philadelphia, Moshannon Valley Processing Center (MVPC)","Undetermined, pending investigation",2025SIR0011476,"On May 6, 2025, ERO Philadelphia reported the use of force on a Honduran national detainee while housed at the MVPC in Philipsburg, Pennsylvania. Medical staff evaluated the detainee, and no injuries were reported. ERO leadership and the ICE OPR Intake Center were notified."
1240,Use of Force,"ERO San Antonio, South Texas ICE Processing Center (STIPC)","Undetermined, pending investigation",2025SIR0011494,"On May 6, 2025, ERO San Antonio reported the use of force on a Colombian national detainee housed at the STIPC in Pearsall Texas. Medical staff evaluated the detainee, and no injuries were reported. One STIPC contract officer sustained a scratch. ERO leadership was notified."
1241,Use of Force,"ERO Harlingen, ICE Health Service Corps (IHSC), El Valle Detention Facility (EVDF)","Undetermined, pending investigation",2025SIR0011539,"On May 7, 2025, ERO Harlingen reported the use of force on a Dominican national detainee and a Mexican national detainee, following a physical altercation, while housed at the EVDF in Raymondville, Texas. The detainees were medically evaluated, and no injuries were reported. ERO leadership and the ICE OPR Intake Center were notified."
1242,Use of Force,"ERO Boston, Federal Correctional Institute Berlin (FCIB)","Undetermined, pending investigation",2025SIR0011633,"On May 8, 2025, ERO Boston reported a use of force on two Brazilian national detainees who were involved in a physical altercation, while housed at the FCI in Berlin, New Hampshire. No injuries were reported. ERO leadership and the OPR Intake Center were notified."
1243,Use of Force,"ERO San Antonio, South Texas ICE Processing Center (STIPC)","Undetermined, pending investigation",2025SIR0011664,"On May 8, 2025, ERO San Antonio reported the use of force on a Mexican national detainee, while housed at the STIPC in Pearsall, Texas. No injuries were reported and the detainee refused medical evaluation. ERO leadership was notified."
1244,Use of Force,"ERO Seattle, ICE Health Service Corps (IHSC), Northwest ICE Processing Center (NWPIC)","Undetermined, pending investigation",2025SIR0011607,"On May 8, 2025, ERO Seattle reported the use of force on a Salvadoran national detainee, while housed at the NWIPC in Tacoma, Washington. No injuries were reported. ERO leadership was notified."
1245,Use of Force,"ERO Houston, Joe Corley Processing Center (JCPC)","Undetermined, pending investigation",2025SIR0015733,"On July 21, 2025, ERO Houston reported the use of force on a Pakistani national detainee, while housed at the JCPC in Conroe, Texas. No injuries were reported. ERO leadership was notified."
1246,Use of Force,"ERO Harlingen, Port Isabel Detention Center (PIDC)","Undetermined, pending investigation",2025SIR0015824,"On July 22, 2025, ERO Harlingen reported the use of force on a Georgian national detainee and a Mexican national detainee while housed at the PIDC in Los Fresnos, Texas. No injuries were reported. ERO leadership was notified."
1247,Use of Force,"ERO Houston, Joe Corley Processing Center (JCPC)","Undetermined, pending investigation",2025SIR0015739,"On July 22, 2025, ERO Houston reported the use of force on a Venezuelan national detainee and a Cuban national detainee while housed at the JCPC in Conroe, Texas. No injuries were reported. ERO leadership was notified."
1248,Use of Force,"ERO Miami, Glades County Detention Center (GCDC)","Undetermined, pending investigation",2025SIR0015829,"On July 23, 2025, ERO Miami reported the use of force on a Honduran national detainee while housed at the GCDC in Moore Haven, Florida. No injuries were reported. ERO leadership was notified."
1249,Use of Force,"ERO Los Angeles, Adelanto ICE Processing Center (APC)","Undetermined, pending investigation",2025SIR0016042,"On July 26, 2025, ERO Los Angeles reported the use of oleoresin capsicum spray on a Russian national detainee, while housed at the APC in Adelanto, California. No injuries were reported. ERO leadership and the ICE OPR Intake Center were notified."
1250,Use of Force,"ERO Los Angeles, Adelanto ICE Processing Center (APC)","Undetermined, pending investigation",2025SIR0016043,"On July 26, 2025, ERO Los Angeles reported the use of oleoresin capsicum spray on an Iranian national detainee, while housed at the APC in Adelanto, California. No injuries were reported. ERO leadership and the ICE OPR Intake Center were notified."
1251,Use of Force,"ERO Philadelphia, Moshannon Valley Processing Center (MVPC)","Undetermined, pending investigation",2025SIR0016056,"On July 27, 2025, ERO Philadelphia reported the use of oleoresin capsicum spray on a Venezuelan national detainee, while housed at the MVPC in Philipsburg, Pennsylvania. No injuries were reported. ERO leadership was notified."
1252,Use of Force,"ERO Houston, ICE Health Service Corps (IHSC), Montgomery Processing Center (MPC)","Undetermined, pending investigation",2025SIR0016095,"On July 28, 2025, ERO Houston reported the use of force on a Salvadoran national detainee while housed at the MPC in Conroe, Texas. IHSC medically evaluated the detainee, and no injuries were reported. ERO leadership and the ICE OPR Joint Intake Center were notified."
1253,Use of Force,"ERO Miami, ICE Health Service Corps (IHSC), Krome Service Processing Center (KSPC)","Undetermined, pending investigation",2025SIR0015678,"On July 28, 2025, ERO Miami reported the use of force on a Cuban national detainee while housed at the KSPC in Miami, Florida. IHSC medically evaluated the detainee, and no injuries were reported. ERO leadership was notified."
1254,Use of Force,"ERO Phoenix, ICE Health Service Corps (IHSC), Eloy Detention Center (EDC)","Undetermined, pending investigation",2025SIR0016106,"On July 28, 2025, ERO Phoenix reported the use of oleoresin capsicum (OC) spray on a Sudanese national detainee and a Cuban national detainee while housed at the EDC in Eloy, Arizona. The detainees were decontaminated. IHSC evaluated the detainees. No injuries were reported. ERO leadership and ICE OPR Joint Intake Center were notified."
1255,Use of Force,"ERO Detroit, North Lake Correctional Center (NLCC)","Undetermined, pending investigation",2025SIR0016168,"On July 29, 2025, ERO Detroit reported the use of force on a Chilean national detainee, while housed at the NLCF in Baldwin, Michigan. The detainee suffered minor abrasions on the wrists. ERO leadership, ICE Health Services Corps, and the ICE OPR Intake Center were notified."
1256,Use of Force,"ERO Miami, Broward Transitional Center (BTC)","Undetermined, pending investigation",2025SIR0016119,"On July 29, 2025, ERO Miami reported the use of force on a Venezuelan national detainee while housed at the BTC in Pompano Beach, Florida. No injuries were reported. ERO leadership was notified."
1257,Use of Force,"ERO Harlingen, Port Isabel Detention Center (PIDC)","Undetermined, pending investigation",2025SIR0016223,"On July 30, 2025, ERO Harlingen reported the use of force on a Georgian national detainee, while housed at the PIDC in Los Fresnos, Texas. No injuries were reported. ERO leadership was notified."
1258,Use of Force,"ERO Harlingen, Port Isabel Detention Center (PIDC)","Undetermined, pending investigation",2025SIR0016266,"On July 30, 2025, ERO Harlingen reported the use of force on a Brazilian national detainee and a Venezuelan national detainee while housed at the PIDC in Los Fresnos, Texas. No injuries were reported. ERO leadership was notified."
1259,Use of Force,"ERO Houston, IAH Secure Adult Detention Center (IAH)","Undetermined, pending investigation",2025SIR0016192,"On July 30, 2025, ERO Houston reported the use of force on a Honduran national detainee, housed at the IAH in Livingston, Texas. No injuries were reported. ERO leadership was notified."
1260,Use of Force,ERO Philadelphia,"Undetermined, pending investigation",2025SIR0016232,"On July 31, 2025, ERO Philadelphia reported the use of force on an Ecuadorian national detainee, during an enforcement action in Philadelphia, Pennsylvania. No injuries were reported. ERO leadership was notified."
1261,Use of Force,"ERO Harlingen, ICE Health Service Corps (IHSC), Port Isabel Detention Center (PIDC)","Undetermined, pending investigation",2025SIR0016392,"On August 1, 2025, ERO Harlingen reported the use of force on an Iranian national detainee, while housed at the PIDC in Los Fresnos, Texas. No injuries were reported. ERO leadership and the ICE OPR Intake Center were notified."
1262,Use of Force,"ERO Harlingen, ICE Health Service Corps (IHSC), Port Isabel Detention Center (PIDC)","Undetermined, pending investigation",2025SIR0016463,"On August 3, 2025, ERO Harlingen reported the use of force on an Iranian national detainee, while housed at the PIDC in Los Fresnos, Texas. No injuries were reported. ERO leadership and IHSC were notified."
1263,Use of Force,"ERO San Diego, Otay Mesa Detention Center (OMDC)","Undetermined, pending investigation",2025SIR0016458,"On August 3, 2025, ERO San Diego reported the use of force on a Nicaraguan national detainee, while housed at the OMDC in San Diego, California. No injuries were reported. ERO leadership and the ICE OPR Intake Center were notified."
1264,Use of Force,"ERO Dallas, Prairieland Detention Center (PDC)","Undetermined, pending investigation",2025SIR0016531,"On August 5, 2025, ERO Dallas reported the use of oleoresin capsicum spray on a Salvadoran national detainee while housed at the PDC in Alvarado, Texas. PDC staff escorted the detainee for decontamination and medical evaluation. No injuries were reported. ERO leadership was notified."
1265,Use of Force,"ERO New Orleans, Winn Correctional Center (WCC)","Undetermined, pending investigation",2025SIR0016545,"On August 5, 2025, ERO New Orleans reported the use of Oleoresin Capsicum (OC) spray on a Russian national detainee housed at the WCC in Winnfield, Louisiana. The WCC medical staff medically evaluated and cleared the detainee. No injuries were reported. ERO leadership and the ICE OPR Joint Intake Center were notified."
1266,Use of Force,"ERO Salt Lake, Nevada Southern Detention Center (NSDC), Pahrump Valley Fire Department","Undetermined, pending investigation",2025SIR0016582,"On August 5, 2025, ERO Salt Lake City reported the use of oleoresin capsicum spray on a Mexican national, while housed at the NSDC in Pahrump, Nevada. The detainee was evaluated by HSDC medical staff and transported by PVDF to the UMC in Las Vegas, Nevada for treatment of injuries to their right eye which were believed to be self-inflicted. ERO leadership and the ICE OPR Joint Intake Center were notified."
1267,Use of Force,"ERO Chicago, ICE Health Service Corps (IHSC), Finney County Jail (FCJ)","Undetermined, pending investigation",2025SIR0016600,"On August 5, 2025, ERO Chicago reported the use of electro muscular discharge device (EMMD) on a Salvadoran national detainee while housed at the FCJ in Garden City, Kansas. No injuries were reported. ERO leadership, IHSC, and the ICE OPR Intake Center were notified."
1268,Use of Force,"ERO El Paso, ERO Dallas, ICE Health Service Corps (IHSC), Enhanced Soft Sided Facility (EHF)","Undetermined, pending investigation",2025SIR0016612,"On August 6, 2025, ERO El Paso reported the use of force on a Mexican national detainee, while housed at the EHF in El Paso, Texas. IHSC conducted a medical evaluation and referred the detainee to a local hospital for precautionary head and facial injury evaluation. ERO leadership and the ICE OPR Intake Center were notified."
1269,Use of Force,"ERO Houston, ICE Health Service Corps (IHSC), Montgomery Processing Center (MPC)","Undetermined, pending investigation",2025SIR0016617,"On August 6, 2025, ERO Houston reported the use of force on a Honduran national detainee while housed at the MPC in Conroe, Texas. IHSC medically evaluated and cleared the detainee. No injuries were reported. ERO leadership and the ICE OPR Intake Center were notified."
1270,Use of Force,"ERO Los Angeles, Adelanto ICE Processing Center (APC)","Undetermined, pending investigation",2025SIR0011670,"On May 9, 2025, ERO Los Angeles reported the use of force on a Salvadoran national detainee while housed at the APC in Adelanto, California. Minor injuries were reported. ERO leadership was notified."
1271,Use of Force,"ERO Miami, Krome Service Processing Center (KSPC)","Undetermined, pending investigation",2025SIR0011663,"On May 9, 2025, ERO Miami reported the use of force on a Guatemalan national detainee while housed at the KSPC in Miami Florida. No injuries were reported. ERO leadership was notified."
1272,Use of Force,"ERO San Antonio, T. Don Hutto Detention Center (TDHDC)","Undetermined, pending investigation",2025SIR0016597,"On August 6, 2025, ERO San Antonio reported the use of force on a Cuban national detainee while housed at the TDHDC in Taylor, Texas. No injuries were reported. ERO leadership was notified."
1273,Use of Force,"ERO San Antonio, T. Don Hutto Detention Center (TDHDC), ICE Health Service Corps (IHSC)","Undetermined, pending investigation",2025SIR0015873,"On August 6, 2025, ERO San Antonio reported the use of force on a Honduran national detainee while housed at the TDHDC in Taylor, Texas. No injuries were reported. ERO leadership was notified."
1274,Use of Force,"ERO San Antonio, ICE Health Service Corps (IHSC), South Texas ICE Processing Center (STIPC)","Undetermined, pending investigation",2025SIR0016637,"On August 6, 2025, ERO San Antonio reported the use of force on Egyptian national detainee housed at the STIPC in Pearsall, Texas. IHSC conducted a medical evaluation and cleared the detainee. No injuries were reported. ERO leadership and the ICE OPR Intake Center were notified."
1275,Use of Force,"ERO San Antonio, ICE Health Service Corps (IHSC), T. Don Hutto Detention Center (TDHDC)","Undetermined, pending investigation",2025SIR0011696,"On May 9, 2025, ERO San Antonio reported the use of force on a Cuban national detainee while housed at the TDHDC in Taylor, Texas. No injuries were reported. ERO leadership was notified."
1276,Use of Force,"ERO Chicago, ICE Health Service Corps (IHSC), Oldham County Detention Center (OCDC)","Undetermined, pending investigation",2025SIR0016720,"On August 7, 2025, ERO Chicago reported the use of force on a Venezuelan national detainee while housed at the OCDC in La Grange, Kentucky. IHSC conducted a medical evaluation and cleared the detainee. No injuries were reported. ERO leadership and the ICE OPR Joint Intake Center were notified."
1277,Use of Force,"ERO Harlingen, ICE Health Service Corps (IHSC), Port Isabel Detention Center (PIDC)","Undetermined, pending investigation",2025SIR0016667,"On August 7, 2025, ERO Harlingen reported the use of force on an Iranian national detainee while housed at the PIDC in Los Fresnos, Texas. IHSC medical staff conducted a medical evaluation and cleared the detainee. No injuries were reported. ERO leadership and the ICE OPR Intake Center were notified."
1278,Use of Force,"ERO San Antonio, South Texas ICE Processing Center (STIPC)","Undetermined, pending investigation",2025SIR0011749,"On May 10, 2025, ERO San Antonio reported the use of chemical agents and pepper ball gun on a Colombian national detainee, while housed at the STIPC in Pearsall, Texas. STIPC medical staff evaluated the detainee and noted a small abrasion on his right hand. STIPC contract officers escorted the detainee to the showers for decontamination. ERO leadership and the ICE OPR Intake Center were notified."
1279,Use of Force,"ERO Harlingen, ICE Health Service Corps (IHSC), Port Isabel Detention Center (PIDC)","Undetermined, pending investigation",2025SIR0016734/2025SIR0016772,"On August 8, 2025, ERO Harlingen reported the use of force on an Iranian national detainee, while housed at the PIDC in Los Fresnos, Texas. No injuries were reported. ERO leadership and IHSC were notified."
1280,Use of Force,"ERO Miami, ICE Health Service Corps (IHSC), Krome Service Processing Center (KSPC)","Undetermined, pending investigation",2025SIR0011785,"On May 11, 2025, ERO Miami reported the use of force on a Dominican national detainee while housed at the KSPC in Miami, Florida. IHSC medical staff evaluated the detainee and medically cleared him. AKSPC contract officer suffered minor injuries to the hand and face. ERO leadership and ICE OPR Intake Center were notified."
1281,Use of Force,"ERO Harlingen, Webb County Detention (WCDC)","Undetermined, pending investigation",2025SIR0016768,"On June 7, 2025, ERO Harlingen reported the use of force on a Venezuelan national while housed at the WCDC in Laredo, Texas. No injuries were reported. ERO leadership and the ICE OPR Joint Intake Center were notified."
1282,Use of Force,"ERO New Orleans, Pine Prairie ICE Processing Center (PPC)","Undetermined, pending investigation",2025SIR0016792,"On August 8, 2025, ERO New Orleans reported the deployment of oleoresin capsicum (OC) spray on a Nicaraguan national and a Honduran national detainee while housed at the PPIPC in Pine Prairie, Louisiana. PPIPC staff immediately started the decontamination process. PPIPC medical staff conducted a medical evaluation and cleared the detainee. No injuries were reported. ERO leadership and the ICE Intake Center were notified."
1283,Use of Force,"ERO Philadelphia, Moshannon Valley Processing Center (MVPC)","Undetermined, pending investigation",2025SIR0016767,"On August 8, 2025, ERO Philadelphia reported the deployment of oleoresin capsicum (OC) spray on a Haitian national detainee while housed at the MVPC in Philipsburg, Pennsylvania. MVPC staff escorted the detainee to medical for decontamination and for medical evaluation. No injuries were reported. ERO leadership and the ICE Intake Center were notified."
1284,Use of Force,"ERO San Antonio, ICE Health Service Corps (IHSC), South Texas ICE Processing Center (STIPC)","Undetermined, pending investigation",2025SIR0016793,"On August 8, 2024, ERO San Antonio reported the use of oleoresin capsicum (OC) spray on a Venezuelan national detainee while housed at the STIPC in Pearsall, Texas. STIPC staff escorted the detainee to the medical unit for decontamination and medical evaluation. IHSC medical staff evaluated and cleared the detainee. No injuries were reported. ERO leadership and the ICE OPR Intake Center were notified."
1285,Use of Force,"ERO Harlingen, Port Isabel Detention Center (PIDC)","Undetermined, pending investigation",2025SIR0011867,"On May 12, 2025, ERO Harlingen reported the use of force on a Cuban national detainee and a Dominican national detainee, while housed at the PIDC in Los Fresnos, Texas. PIDC staff escorted the detainees to medical for evaluation and clearance, and no injuries were reported. ERO leadership was notified."
1286,Use of Force,"ERO Atlanta, Folkston ICE Processing Center (FDRIPC)","Undetermined, pending investigation",2025SIR0016817,"On August 9, 2025, ERO Atlanta reported the use of oleoresin capsicum spray on a Honduran national detainee while housed at the FIPC in Folkston, Georgia. No injuries were reported. ERO leadership was notified."
1287,Use of Force,"ERO Harlingen, El Valle Detention Facility (EVDF)","Undetermined, pending investigation",2025SIR0016824,"On August 9, 2025, ERO Harlingen reported the use of force on a Mexican national detainee while housed at the EVDF in Raymondville, Texas. No injuries were reported. ERO leadership and the ICE OPR Intake Center notified."
1288,Use of Force,"ERO Dallas, Eden Detention Center (EDC)","Undetermined, pending investigation",2025SIR0011913,"On May 13, 2025, ERO Dallas reported the use of oleoresin capsicum spray on a Venezuelan national detainee, while housed at the EDC in Eden, Texas. No injuries were reported, and the detainee was placed on suicide observation. ERO leadership was notified"
1289,Use of Force,"ERO New Orleans, Central Louisiana ICE Correctional Center (CLIPC)","Undetermined, pending investigation",2025SIR0016818,"On August 9, 2025, ERO New Orleans reported the use of oleoresin capsicum on 11 detainees in the recreation yard, while in CLIPC in Jena, Louisianna. No injuries were reported to the detainees. A CLIPC staff member received an injury to the thumb during the incident. ERO leadership and the ICE OPR Intake Center were notified."
1290,Use of Force,"ERO New Orleans, Washington County Detention Center (WCDC)","Undetermined, pending investigation",2025SIR0016834,"On August 9, 2025, ERO New Orleans reported the use of force on a Guatemalan national detainee housed at the WCDC in Fayetteville, Arkansas. No injuries were reported. ERO leadership and the ICE OPR Intake Center were notified."
1291,Use of Force,"ERO Los Angeles, ERO Adelanto, Adelanto ICE Processing Center (APC)","Undetermined, pending investigation",2025SIR0016858,"On August 10, 2025, ERO Los Angeles reported use of oleoresin capsicum spray on a Mexican national detainee while housed at the APC in Adelanto, California. No injuries were reported. ERO leadership was notified."
1292,Use of Force,"ERO Seattle, ICE Health Service Corps (IHSC), Northwest ICE Processing Center (NWPIC)","Undetermined, pending investigation",2025SIR0012002,"On May 14, 2025, ERO Seattle reported the use of force on a Mexican national detainee and Guatemalan national detainee following a physical altercation, while housed at the NWIPC in Tacoma, Washington. The Guatemalan detainee suffered a minor laceration. ERO leadership was notified."
1293,Use of Force,"ERO Phoenix, Central Arizona Florence Correctional Complex (CAFCC)","Undetermined, pending investigation",2025SIR0016846,"On August 10, 2025, ERO Phoenix reported the use of oleoresin capsicum spray on a Sudanese national detainee while housed at the CAFCC in Florence, Arizona. No injuries were reported. ERO leadership and ICE OPR Intake Center were notified."
1294,Use of Force,"ERO Seattle, ICE Health Service Corps (IHSC), Northwest ICE Processing Center (NWPIC)","Undetermined, pending investigation",2025SIR0011955,"On May 14, 2025, ERO Seattle reported the use of force on a Salvadoran national detainee, while housed at the NWIPC in Tacoma, Washington. No injuries were reported. ERO leadership was notified."
1295,Use of Force,"ERO Dallas, Bluebonnet Detention Center (BBDC)","Undetermined, pending investigation",2025SIR0016898,"On August 11, 2025, ERO Dallas reported the use of force on a Colombian national detainee, while housed at the BDC in Anson, Texas. No injuries were reported. ERO leadership was notified."
1296,Use of Force,"ERO Houston, ICE Health Service Corps (IHSC), Northwest ICE Processing Center (NWPIC)","Undetermined, pending investigation",2025SIR0012058,"On May 15, 2025, ERO Houston reported the use of oleoresin capsicum spray on a Mexican national detainee, while housed at the MPC in Conroe, Texas. No injuries were reported and IHSC cleared the detainee. ERO leadership was notified."
1297,Use of Force,"ERO Los Angeles, ICE Health Service Corps (IHSC), Desert View Facility (DVF)","Undetermined, pending investigation",2025SIRO012056,"On May 15, 2025, ERO Los Angeles reported the use of oleoresin capsicum spray on a Jordanian national detainee, while housed at the DVF in Adelanto, CA. No injuries were reported. ERO leadership was notified."
1298,Use of Force,"ERO El Paso, ICE Health Service Corps (IHSC), El Paso Processing Center (EPC)","Undetermined, pending investigation",2025SIR0016912,"On August 11, 2025, ERO El Paso reported the use of force on a Venezuelan national detainee, while housed at the EPC in El Paso, Texas. No injuries were reported. ERO leadership was notified."
1299,Use of Force,"ERO Harlingen, Webb County Detention (WCDC)","Undetermined, pending investigation",2025SIR0016882,"On August 11, 2025, ERO Harlingen reported the use of force on a Venezuelan national detainee, while housed at the WCDC in Laredo, Texas. No injuries were reported. ERO leadership was notified."
1300,Use of Force,"ERO Los Angeles, Adelanto ICE Processing Center (APC)","Undetermined, pending investigation",2025SIR0016915,"On August 11, 2025, ERO Los Angeles reported the use of force and deployment of oleoresin capsicum spray on a Venezuelan national detainee, while housed at the APC in Adelanto, California. No injuries were reported. ERO leadership was notified."
1301,Use of Force,"ERO New Orleans, Pine Prairie ICE Processing Center (PPC)","Undetermined, pending investigation",2025SIR0016875,"On August 11, 2025, ERO New Orleans reported the use of force and deployment of oleoresin capsicum spray on an Ecuadorian national detainee and a Venezuelan national detainee, while housed at the PPIPC in Pine Prairie, Louisiana. No injuries were reported. ERO leadership and the ICE OPR Intake Center were notified."
1302,Use of Force,"ERO Harlingen, El Valle Detention Facility (EVDF)","Undetermined, pending investigation",2026SIR0005991,"On January 12, 2026, ERO Harlingen reported the use of force on a Mexican national detainee while housed at the EVDF in Raymondville, Texas. No injuries were reported. ERO leadership was notified."
1303,Use of Force,"ERO Phoenix, Eloy Detention Center (EDC)","Undetermined, pending investigation",2026SIR0006055,"On January 13, 2026, ERO Phoenix reported the use of force on a Kenyan national detainee while housed at the EDC in Eloy, Arizona. No injuries were reported. ERO leadership and the ICE OPR Intake Center were notified."
1304,Use of Force,"ERO Harlingen, ERO Laredo, Laredo Processing Center (LPC)","Undetermined, pending investigation",2026SIR0006101,"On January 14, 2026, ERO Harlingen reported the use of force on a British national detainee while housed at the LPC in Laredo, Texas. No mjunes were reported. ERO leadership was notified."
1305,Use of Force,"ERO Los Angeles, Adelanto ICE Processing Center (APC)","Undetermined, pending investigation",2026SIR0006164,"On January 14, 2026, ERO Los Angeles reported the use of force on a Mexican national detainee while housed at the APC in Adelanto, California. The subject sustained a hand laceration. ERO leadership and the ICE OPR Intake Center were notified."
1306,Use of Force,"ERO Houston, ICE Health Service Corps (IHSC)","Undetermined, pending investigation",2026SIR0006286,"On January 16, 2026, ERO Houston reported the use of force on a Honduran national detainee while housed at the MPC in Conroe, Texas. No injuries were reported. ERO leadership was notified."
1307,Use of Force,"ERO Philadelphia, Moshannon Valley Processing Center (MVPC)","Undetermined, pending investigation",2026SIR0006533,"On January 21, 2026, ERO Philadelphia reported the use of force on a Honduran national detainee while housed at the MVPC. in Philipsburg, Pennsylvania. No injunes were reported. ERO leadership and the ICE OPR Intake Center were notified."
1308,Use of Force,"ERO San Francisco, California City ICE Processing Center (CCIPC)","Undetermined, pending investigation",2026SIR0006634,"On January 22, 2026, ERO San Francisco reported the use of force on a Mexican national detainee and a Honduran national detainee while housed at the CCIPC in California City, Califomia. No injuries were reported. ERO leadership and the ICE OPR Intake Center were notified."
1309,Use of Force,"ERO Philadelphia, Moshannon Valley Processing Center (MVPC)","Undetermined, pending investigation",2026SIR0006660,"On January 23, 2026, ERO Philadelphia reported the use of force on a Yemeni national detainee while housed at the MVPC. in Philipsburg, Pennsylvania. No injuries were reported. ERO leadership and the ICE OPR Intake Center were notified."
1310,Use of Force,"ERO Phoenix, Florence Detention Center (FDC)","Undetermined, pending investigation",2026SIR0006675,"On January 23, 2026, ERO Phoenix reported the use of force on a group of ICE detainees housed at the FDC in Florence, Arizona. No injuries were reported. ERO leadership and ICE OPR Intake Center were notified."
1311,Use of Force,"ERO San Antonio, ICE Health Service Corps (IHSC), South Texas ICE Processing Center (STIPC)","Undetermined, pending investigation",2026SIR0006665,"On January 23, 2026, ERO San Antonio reported the use of force on a Cuban national detainee while housed at the STIPC in Pearsall, Texas. No injuries were reported. ERO leadership was notified."
1312,Use of Force,"ERO Chicago, ICE Health Service Corps (IHSC), Miami Correctional Center (MCC)","Undetermined, pending investigation",2026SIR0006733,"On January 24, 2026, ERO Chicago reported the use of force on an Indian national detainee while housed at the MCC in Bunker Hill. Indiana. No injuries were reported. ERO leadership, THSC, and the ICE OPR Intake Center were notified."
1313,Use of Force,"ERO Chicago, ICE Health Service Corps (IHSC), Miami Correctional Center (MCC)",Executive Office for Immigration Review,2026SIR0006760,"On January 24, 2026, ERO Chicago reported the use of force on an Uzbekistani national detainee while housed at the MCC in Bunker Hill. Indiana. No injuries were reported. ERO leadership, THSC, and the ICE OPR Intake Center were notified."
1314,Use of Force,"ERO San Antonio, ICE Health Service Corps (IHSC), South Texas ICE Processing Center (STIPC)","Undetermined, pending investigation",2026SIR0006770,"On January 24, 2026, ERO San Antonio reported the use of force on a Honduran national detainee while housed at the STIPC in Pearsall, Texas. No injuries were reported. ERO leadership was notified."
1315,Use of Force,"ERO Phoenix, ICE Health Service Corps (IHSC), Eloy Detention Center (EDC)","Undetermined, pending investigation",2026SIR0006789,"On January 25, 2026, ERO Phoenix reported the use of force on two Mexican national detainees and two Cuban national detainees while housed at the EDC in Eloy, Arizona. No injuries were reported. ERO leadership was notified."
1316,Use of Force,"ERO Atlanta, Stewart Detention Center (SDC)","Undetermined, pending investigation",2026SIR0006817,"On January 26, 2026, ERO Atlanta reported the use of force on a Nigerien national detainee housed at the SDC in Lumpkin, Georgia. No injuries were reported. ERO leadership was notified."
1317,Use of Force,"ERO Dallas, Prairieland Detention Center (PDC)","Undetermined, pending investigation",2026SIR0006818,"On January 26, 2026, ERO Dallas reported the use of force on a Mexican national detainee while housed at the PDC in Alvarado. Texas. No injuries were reported. ERO leadership was notified."
1318,Use of Force,"ERO Los Angeles, ERO Santa Ana, Santa Ana Detention Center (SADC)","Undetermined, pending investigation",2026SIR0006754,"On January 26, 2026, ERO Los Angeles reported the use of force on a Mexican national detainee while housed at the SADC in Santa Ana. California. No injuries were reported. ERO leadership and the ICE OPR Intake Center were notified."
1319,Use of Force,"ERO Phoenix, ICE Health Service Corps (IHSC), Eloy Detention Center (EDC)","Undetermined, pending investigation",2026SIR0006840,"On January 26, 2026, ERO Phoenix reported the use of force on a Jamaican national detainee and a Syrian national detainee while housed at the EDC in Eloy, Arizona. No injuries were reported. ERO leadership was notified."
1320,Use of Force,"ERO El Paso, Otero County Processing Center (OCPC)","Undetermined, pending investigation",2026SIR0006846,"On January 27, 2026, ERO El Paso reported the use of force on a Nigerian national detainee while housed at the OCPC in Chaparral, New Mexico. No injuries were reported. ERO leadership and the ICE OPR Intake Center were notified."
1321,Use of Force,"ERO New Orleans, Central Louisiana ICE Correctional Center (CLIPC)","Undetermined, pending investigation",2026SIR0006875,"On January 27, 2026, ERO New Orleans reported the use of force on a Honduran national detainee while housed at the CLIPC in Jena, Louisiana. No injuries were reported. ERO leadership and the ICE OPR Intake Center were notified."
1322,Use of Force,"ERO Chicago, ICE Health Service Corps (IHSC), Boone County Jail (BCJ)","Undetermined, pending investigation",2026SIR0006918,"On January 28, 2026, ERO Chicago reported the use of force on a Venezuelan national detainee while housed at the BC) in Burlington, Kentucky. No injuries were reported. ERO leadership, THSC, and the ICE OPR Intake Center were notified."
1323,Use of Force,"ERO Chicago, ICE Health Service Corps (IHSC), Miami Correctional Center (MCC)","Undetermined, pending investigation",2026SIR0006920,"On January 28, 2026, ERO Chicago reported the use of force on a Kenyan national detainee while housed at the MCF in Bunker Hill, Indiana. No injuries were reported. ERO leadership, THSC, and the ICE OPR Intake Center were notified."
1324,Use of Force,"ERO Los Angeles, Adelanto ICE Processing Center (APC)","Undetermined, pending investigation",2026SIR0006927,"On January 28, 2026, ERO Los Angeles reported the use of force on an Iraqi national detainee while housed at the APC in Adelanto, California. No injuries were reported. ERO leadership and the ICE OPR Intake Center were notified."
1325,Use of Force,"ERO New Orleans, ICE Health Service Corps (IHSC), Central Louisiana ICE Correctional Center (CLIPC)","Undetermined, pending investigation",2026SIR0006891,"On January 28, 2026, ERO New Orleans reported the use of force on a Honduran national detainee while housed at the CLIPC in Jena, Louisiana. No injuries were reported. ERO leadership and the ICE OPR Intake Center were notified."
1326,Use of Force,"ERO Atlanta, Stewart Detention Center (SDC)","Undetermined, pending investigation",2026SIR0007055,"On January 30, 2026, ERO Atlanta reported the use of force on a Salvadoran national detainee housed at the SDC in Lumpkin, Georgia. No injuries were reported. ERO leadership was notified."
1327,Use of Force,"ERO Dallas, Prairieland Detention Center (PDC)",Northern District of Texas,2026SIR0007138,"On January 31, 2026, ERO Dallas reported the use of force on a Burmese national detainee while housed at the PDC in Alvardo. Texas. A PDC staff member sustained injuries to their head. ERO leadership was notified."
1328,Use of Force,"ERO Los Angeles, ERO Adelanto, Adelanto ICE Processing Center (APC)","Undetermined, pending investigation",2026SIR0007177,"On February 1, 2026, ERO Los Angeles reported the use of force on a Salvadoran national detainee while housed at the APC in Adelanto, California. No injuries were reported. ERO leadership and the ICE OPR Intake Center were notified."
1329,Use of Force,"ERO New York, ICE Health Service Corps (IHSC), Orange County Jail (OCJ)","Undetermined, pending investigation",2026SIR0007313,"On February 3, 2026, ERO New York reported the use of force on a Dominican national while housed at the OCJ in Goshen, New York. One OC) staff member sustained a head injury, and the detainee sustained a head injury, left wrist sprain and scrotum contusion. ERO leadership was notified."
1330,Use of Force,"ERO Atlanta, Folkston ICE Processing Center (FDRIPC)","Undetermined, pending investigation",2026SIR0007355,"On February 4, 2026, ERO Atlanta reported the use of force on a Honduran national detainee housed at the FIPC in Folkston. Georgia. No injuries were reported. ERO leadership was notified."
1331,Use of Force,"ERO Chicago, ICE Health Service Corps (IHSC), Miami Correctional Center (MCC)","Undetermined, pending investigation",2026SIR0007351,"On February 4, 2026, ERO Chicago reported the use of force on a Kenyan national detainee while housed at the MCC in Bunker Hill, Indiana. No injuries were reported. ERO leadership, THSC, and the ICE OPR Intake Center were notified."
1332,Use of Force,"ERO EI Paso, El Paso Processing Center (EPC)","Undetermined, pending investigation",2026SIR0006912,"On February 4, 2026, ERO El Paso reported the use of force on a Honduran national detainee while housed at the EPC in El Paso, Texas. No injuries were reported. ERO leadership and the ICE OPR Intake Center were notified."
1333,Use of Force,"ERO Harlingen, ICE Health Service Corps (IHSC), Port Isabel Detention Center (PIDC)","Undetermined, pending investigation",2026SIR0007360,"On February 4, 2026, ERO Harlingen reported the use of force on a Guatemalan national detainee while housed at the PIDC in Los Fresnos, Texas. No injuries were reported. ERO leadership was notified."
1334,Use of Force,"ERO Miami, ICE Health Service Corps (IHSC), Krome Service Processing Center (KSPC)","Undetermined, pending investigation",2026SIR0007325,"On February 4, 2026, ERO Miami reported the use of force on a Cuban national detainee while housed at the KSPC in Miami, Florida. No injunes were reported. ERO leadership was notified."
1335,Use of Force,"ERO Phoenix, Florence Detention Center (FDC)","Undetermined, pending investigation",2026SIR0007366,"On February 4, 2026, ERO Phoenix reported the use of force on a group of detainees housed at the FDC in Florence, Arizona. No injuries were reported. ERO leadership and the ICE OPR Intake Center were notified."
1336,Use of Force,"ERO Atlanta, Stewart Detention Center (SDC)","Undetermined, pending investigation",2026SIR0007397,"On February 5, 2026, ERO Atlanta reported the use of force on a Congolese national detainee while housed at the SDC in Lumpkin, Georgia. No injuries were reported. ERO leadership was notified."
1337,Use of Force,"ERO New York, Metropolitan Detention Center (MDC)",Executive Office for Immigration Review,2026SIR0007555,"On February 6, 2026, ERO New York reported the use of force ou a Venezuelan national while housed at the MDC in New York. No Injuries were reported. ERO leadership was notified."
1338,Use of Force,"ERO Harlingen, Port Isabel Detention Center (PIDC)","Undetermined, pending investigation",2026SIR0007619,"On February 8, 2026, ERO Harlingen reported the use of force on an Afghan national detainee while housed at the PIDC in Los Fresnos, Texas. No injuries were reported. ERO leadership was notified."
1339,Use of Force,"ERO Harlingen, Port Isabel Detention Center (PIDC)","Undetermined, pending investigation",2026SIR0007622,"On February 9, 2026, ERO Harlingen reported the use of force on an Afghan national detainee while housed at the PIDC in Los Fresnos. Texas. No injuries were reported. ERO leadership was notified."
1340,Use of Force,"ERO Harlingen, ICE Health Service Corps (IHSC), Port Isabel Detention Center (PIDC)","Undetermined, pending investigation",2026SIR0007667,"On February 9, 2026, ERO Harlingen reported the use of force on an Afghan national detainee while housed at the PIDC in Los Fresnos. Texas. No injuries were reported. ERO leadership was notified."
1341,Use of Force,"ERO Chicago, Chase County Jail (CCJ)","Undetermined, pending investigation",2026SIR0007670,"On February 10, 2026, ERO Chicago reported the use of force on a Venezuelan national detainee while housed at the CCJ in Cottonwood Falls. Kansas. No injuries were reported. ERO leadership was notified."
1342,Use of Force,"ERO Harlingen, ICE Health Service Corps (IHSC), Port Isabel Detention Center (PIDC)","Undetermined, pending investigation",2026SIR0007710,"On February 10, 2026, ERO Harlingen reported the use of force on a Honduran national detainee while housed at the PIDC in Los Fresnos, Texas. No injuries were reported. ERO leadership was notified."
1343,Use of Force,"ERO Los Angeles, Adelanto ICE Processing Center (APC)","Undetermined, pending investigation",2026SIR0007737,"On February 10, 2026, ERO Los Angeles reported the use of force on a Mexican national detainee while housed at the APC in Adelanto, Califomia. An APC staff member sustained an injury to their hand. ERO leadership and the ICE OPR Intake Center were notified."
1344,Use of Force,"ERO Phoenix, Eloy Detention Center (EDC)","Undetermined, pending investigation",2026SIR0007693,"On February 10, 2026, ERO Phoenix reported the use of force on an Ecuadorian national detainee while housed at the EDC in Eloy, Arizona. No injuries were reported. ERO leadership and the ICE OPR Intake Center were notified."
1345,Use of Force,"ERO Washington D.C., Farmville Detention Center (FDC)","Undetermined, pending investigation",2026SIR0007712,"On February 10, 2026, ERO Washington, D.C. reported the use of force on a Mauritanian national detainee while housed at the FDC in Farmville, Virginia. No injuries were reported. ERO leadership and ICE OPR Intake Center were notified."
1346,Use of Force,"ERO Miami, Krome Service Processing Center (KSPC)","Undetermined, pending investigation",2026SIR0007668,"On February 11, 2026, ERO Miami reported the use of force on a Cuban national detainee while housed at the KSPC in Miami, Florida. No injuries were reported. ERO leadership was notified."
1347,Use of Force,"ERO San Antonio, South Texas ICE Processing Center (STIPC)","Undetermined, pending investigation",2026SIR0007838,"On February 12, 2026, ERO San Antonio reported the use of force on a Haitian national detainee while housed at the STIPC in Pearsall, Texas. No injuries were reported. ERO leadership was notified."
1348,Use of Force,"ERO Seattle, Northwest ICE Processing Center (NWPIC)","Undetermined, pending investigation",2026SIR0007795,"On February 12, 2026, ERO Seattle reported the use of force on a Mexican national detainee while housed at the NWIPC in Tacoma, Washington. No injuries were reported. ERO leadership was notified."
1349,Use of Force,"ERO Philadelphia, Moshannon Valley Processing Center (MVPC)","Undetermined, pending investigation",2026SIR0007896,"On February 13, 2026, ERO Philadelphia reported the use of force on a Moroccan national detainee and a Mexican national detainee housed at the MVPC in Philipsburg, Pennsylvania. No injuries were reported. ERO leadership and the ICE OPR Intake Center were notified"
1350,Use of Force,"ERO San Antonio, South Texas ICE Processing Center (STIPC)","Undetermined, pending investigation",2026SIR0007923,"On February 13, 2026, ERO San Antonio reported the use of force on a Cuban national detainee while housed at the STIPC in Pearsall, Texas. No injuries were reported. ERO leadership was notified."
1351,Use of Force,"ERO San Antonio, South Texas ICE Processing Center (STIPC)","Undetermined, pending investigation",2026SIR0007976,"On February 14, 2026, ERO San Antonio reported the use of force on a Cameroonian national detainee while housed at the STIPC in Pearsall, Texas. No injuries were reported. ERO leadership was notified."
1352,Use of Force,"ERO Seattle, Northwest ICE Processing Center (NWPIC)","Undetermined, pending investigation",2026SIR0007985,"On February 14, 2026, ERO Seattle reported the use of force on a Filipino national detainee while housed at the NWIPC in Tacoma, Washington. No injuries were reported. ERO leadership was notified."
1353,Use of Force,"ERO EI Paso, El Paso Processing Center (EPC)","Undetermined, pending investigation",2026SIR0008120,"On February 18, 2026, ERO El Paso reported the use of force on a Cuban national detainee while housed at the EPC in El Paso, Texas. No injuries were reported. ERO leadership was notified."
1354,Use of Force,"ERO Atlanta, Folkston ICE Processing Center (FDRIPC)","Undetermined, pending investigation",2026SIR0008217,"On February 19, 2026, ERO Atlanta reported the use of force on a Jordanian national detainee while housed at the FIPC in Folkston, Georgia. No injuries were reported. ERO leadership was notified."
1355,Use of Force,"ERO Harlingen, Port Isabel Detention Center (PIDC)","Undetermined, pending investigation",2026SIR0008226,"On February 19, 2026, ERO Harlingen reported the use of force on three Ecuadoran national detainees while housed at the PIDC in Los Fresnos, Texas. No injuries were reported. ERO leadership was notified."
1356,Use of Force,"ERO Phoenix, Central Arizona Florence Correctional Complex (CAFCC)","Undetermined, pending investigation",2026SIR0008222,"On February 19, 2026, ERO Phoenix reported the use of force on a Chinese national housed at the CAFCC in Florence, Arizona. No injuries were reported. ERO leadership and the ICE OPR Intake Center were notified."
1357,Use of Force,"ERO Phoenix, Central Arizona Florence Correctional Complex (CAFCC)","Undetermined, pending investigation",2026SIR0008234,"On February 19, 2026, ERO Phoenix reported the use of force on a Chinese national housed at the CAFCC in Florence, Arizona. No injuries were reported. ERO leadership and the ICE OPR Intake Center were notified."
1358,Use of Force,"ERO Salt Lake, Nevada Southern Detention Center (NSDC)","Undetermined, pending investigation",2026SIR0008257,"On February 19, 2026, ERO Salt Lake City reported the use of force on a Venezuelan national detainee while housed at the NSDC in Pahrump, Nevada. No injuries were reported. ERO leadership was notified."
1359,Use of Force,"ERO Seattle, Northwest ICE Processing Center (NWPIC)","Undetermined, pending investigation",2026SIR0008178,"On February 19, 2026, ERO Seattle reported the use of force on a Mexican national detainee while housed at the NWIPC in Tacoma. Washington. The detainee sustained abrasions on their wrist. ERO leadership was notified."
1360,Use of Force,"ERO El Paso, El Paso Processing Center (EPC)","Undetermined, pending investigation",2026SIR0008317,"On February 20, 2026, ERO Fl Paso reported the use of force on a Cuban national detainee while housed at the EPC in El Paso, Texas. No injuries were reported. ERO leadership was notified."
1361,Use of Force,"ERO Los Angeles, Adelanto ICE Processing Center (APC)","Undetermined, pending investigation",2026SIR0008262,"On February 20, 2026, ERO Los Angeles reported the use of force on a Vietnamese national detainee while housed at the APC in Adelanto, California. The detainee sustained a hand injury. ERO leadership and the ICE OPR Intake Center were notified."
1362,Use of Force,"ERO Miami, ICE Health Service Corps (IHSC), Krome Service Processing Center (KSPC)","Undetermined, pending investigation",2026SIR0008243,"On February 20, 2026, ERO Miami reported the use of force on a Honduran national detainee while housed at the KSPC in Miami, Florida. No mjuries were reported. ERO leadership was notified."
1363,Use of Force,"ERO Newark, Elizabeth Contract Detention Center (ECDF)","Undetermined, pending investigation",2026SIR0008319,"On February 20, 2026, ERO Newark reported the use of force on a Nigerian national detainee while housed at the ECDF in Elizabeth. New Jersey. No injuries were reported. ERO leadership was notified."
1364,Use of Force,"ERO San Diego, Otay Mesa Detention Center (OMDC)","Undetermined, pending investigation",2026SIR0008316,"On February 20, 2026, ERO San Diego reported the use of force on a Mexican national detainee and a Guatemalan national detainee, while housed at the OMDC in San Diego, California. No injuries were reported. ERO leadership and the ICE OPR Intake Center were notified."
1365,Use of Force,"ERO Phoenix, Central Arizona Florence Correctional Complex (CAFCC)","Undetermined, pending investigation",2026SIR0008369,"On February 21, 2026, ERO Phoenix reported the use of force on a Chinese national detainee while housed at the CAFCC in Florence, Arizona. No injuries were reported. ERO leadership and ICE OPR Intake Center were notified."
1366,Use of Force,"ERO Harlingen, ICE Health Service Corps (IHSC), Port Isabel Detention Center (PIDC)","Undetermined, pending investigation",2026SIR0008423,"On February 22, 2026, ERO Harlingen reported the use of force on an Ecuadoran national detainee while housed at the PIDC in Los Fresnos, Texas. No injuries were reported. ERO leadership was notified."
1367,Use of Force,"ERO New Orleans, Jackson Parish Correctional Center (JPCC)","Undetermined, pending investigation",2026SIR0008406,"On February 22, 2026, ERO New Orleans reported the use of force on a Belizean national while housed at the JPCC in Jonesboro, Louisiana. No injuries were reported. ERO leadership was notified."
1368,Use of Force,"ERO Phoenix, Central Arizona Florence Correctional Complex (CAFCC)","Undetermined, pending investigation",2026SIR0008409,"On February 22, 2026, ERO Phoenix reported the use of force on a Chinese national detainee while housed at the CAFCC in Florence. Arizona. No injuries were reported. ERO leadership and ICE OPR Intake Center were notified."
1369,Use of Force,"ERO Phoenix, Central Arizona Florence Correctional Complex (CAFCC)","Undetermined, pending investigation",2026SIR0008425,"On February 22, 2026, ERO Phoenix reported the use of force on two Cuban nationals, and one Honduran national detainee while housed at the CAFCC in Florence, Arizona. No injuries were reported. ERO leadership and ICE OPR Intake Center were notified."
1370,Use of Force,"ERO Chicago, Miami Correctional Center (MCC)","Undetermined, pending investigation",2026SIR0008441,"On February 23, 2026, ERO Chicago reported the use of force on a Kenyan national detainee housed at the MCC in Bunker Hill, Indiana. No injuries were reported. ERO leadership the ICE OPR Intake Center were notified."
1371,Use of Force,"ERO Atlanta, Folkston ICE Processing Center (FDRIPC)","Undetermined, pending investigation",2026SIR0008510,"On February 24, 2026, ERO Atlanta reported the use of force on a Venezuelan national detainee while housed at the FIPC in Folkston. Georgia. No injuries were reported. ERO leadership was notified."
1372,Use of Force,"ERO Philadelphia, Moshannon Valley Processing Center (MVPC)","Undetermined, pending investigation",2026SIR0008468,"On February 24, 2026, ERO Philadelphia reported the use of force on a Guinean national detainee while housed at the MVPC in Philipsburg, Pennsylvania. No injuries were reported. ERO leadership and the ICE OPR Intake Center were notified."
1373,Use of Force,"ERO San Francisco, Golden State Annex (GSA)","Undetermined, pending investigation",2026SIR0008495,"On February 24, 2026, ERO San Francisco reported the use of force on two Salvadoran national detainees and one French national detainee while housed at the GSA in McFarland. California. No injuries were reported. ERO leadership was notified."
1374,Use of Force,"ERO Harlingen, Port Isabel Detention Center (PIDC)","Undetermined, pending investigation",2026SIR0008550,"On February 25, 2026, ERO Harlingen reported the use of force on two Cuban national detainees and a Honduran national detainee while housed at the PIDC in Los Fresnos, Texas. No injuries were reported. ERO leadership was notified."
1375,Use of Force,"ERO New Orleans, River Correctional Center (RCC)","Undetermined, pending investigation",2026SIR0008471,"On February 25, 2026, ERO New Orleans reported the use of force on a Haitian national detainee while housed at the RCC in Ferriday, Louisiana. No injuries were reported. ERO leadership and the ICE OPR Intake Center were notified."
1376,Use of Force,"ERO New Orleans, South Louisiana ICE Processing Center (SLIPC)","Undetermined, pending investigation",2026SIR0008557,"On February 25, 2026, ERO New Orleans reported the use of force on a Colombian national detainee while housed at the SLIPC in Basile, Louisiana. No injuries were reported. ERO leadership was notified."
1377,Use of Force,"ERO Phoenix, Florence Detention Center (FDC)","Undetermined, pending investigation",2026SIR0008555,"On February 25, 2026, ERO Phoenix reported on multiple detainees while housed at the FDC in Florence, Arizona. No injuries were reported. ERO leadership and ICE OPR Intake Center were notified."
1378,Use of Force,"ERO San Antonio, South Texas ICE Processing Center (STIPC)","Undetermined, pending investigation",2026SIR0008595,"On February 25, 2026, ERO San Antonio reported the use of force on a Cuban national detainee while housed at the STIPC in Pearsall. Texas. No injuries were reported. ERO leadership was notified."
1379,Use of Force,"ERO Atlanta, Folkston ICE Processing Center (FDRIPC)","Undetermined, pending investigation",2026SIR0008581,"On February 26, 2026, ERO Atlanta reported the use of force on a Ghanaian national detainee while housed at the FIPC in Folkston, Georgia. No injuries were reported. ERO leadership was notified."
1380,Use of Force,"ERO Chicago, ICE Health Service Corps (IHSC), Miami Correctional Center (MCC)","Undetermined, pending investigation",2026SIR0008605,"On February 26, 2026, ERO Chicago reported the use of force on a Venezuelan national detainee while housed at the MCC in Bunker Hill, Indiana. No injuries were reported. ERO leadership, THSC, and the ICE OPR Intake Center were notified."
1381,Use of Force,"ERO Chicago, ICE Health Service Corps (IHSC), Miami Correctional Center (MCC)","Undetermined, pending investigation",2026SIR0008604,"On February 26, 2026, ERO Chicago reported the use of force on a Mexican national detainee while housed at the MCC in Bunker Hill, Indiana. No injuries were reported. ERO leadership, THSC, and the ICE OPR Intake Center were notified."
1382,Use of Force,"ERO Miami, Krome Service Processing Center (KSPC)","Undetermined, pending investigation",2026SIR0008621,"On February 26, 2026, ERO Miami reported the use of force on a Peruvian national detainee housed at the KSPC in Miami, Florida. No injuries were reported. ERO leadership was notified."
1383,Use of Force,"ERO Seattle, Northwest ICE Processing Center (NWPIC)","Undetermined, pending investigation",2026SIR0008559,"On February 26, 2026, ERO Seattle reported the use of force on a Micronesian national detainee, a Congolese national detainee, a Belizean national detainee, a Sierra Leonian national detainee, a Somalian national detainee, a dual Ivorian/Liberian national detainee. two Mexican national detainees, and two Gambian national detainees while housed at the NWIPC in Tacoma, Washington. No injuries were reported. ERO leadership was notified."
1384,Use of Force,"ERO Phoenix, Florence Detention Center (FDC), Arizona Removal Operations Coordination Center (AROCC), Mesa Fire Department (MFD)","Undetermined, pending investigation",2026SIR0008714,"On February 27, 2026, ERO Phoenix reported the use of force on a group of 47 detainees while housed at the AROCC in Mesa, Arizona. No injuries were reported, ERO leadership. MFD, and the ICE OPR Intake Center were notified."
1385,Use of Force,"ERO Miami, Broward Transitional Center (BTC), Krome Service Processing Center (KSPC)","Undetermined, pending investigation",2026SIR0008802,"On February 28, 2026, ERO Miami reported the use of force on a Nicaraguan national detainee while housed at the BTC in Pompano Beach. Florida. The detainee sustained a bruise on back of his head. ERO leadership was notified."
1386,Use of Force,"ERO Atlanta, Folkston ICE Processing Center (FDRIPC)","Undetermined, pending investigation",2026SIR0004254,"On December 8, 2025, ERO Atlanta reported the use of force on a Nigerian national detainee housed at the FIPC in Folkston, Georgia. No injuries were reported. ERO leadership was notified."
1387,Use of Force,"ERO Harlingen, ICE Health Service Corps (IHSC), Port Isabel Detention Center (PIDC)","Undetermined, pending investigation",2026SIR0004312,"On December 9, 2025, ERO Harlingen reported the use of force on a Salvadoran national detainee while housed at the PIDC in Los Fresnos, Texas. No injuries were reported. ERO leadership was notified."
1388,Use of Force,"ERO Harlingen, El Valle Detention Facility (EVDF)","Undetermined, pending investigation",2026SIR0004364,"On December 9, 2025, ERO Harlingen reported the use of force on an Afghan national detainee while housed at the EVDF in Raymondville, Texas. No injuries were reported. ERO leadership was notified."
1389,Use of Force,"ERO Atlanta, Stewart Detention Center (SDC)","Undetermined, pending investigation",2026SIR0004372,"On December 10, 2025, ERO Atlanta reported the use of force on a Nigerian national detainee while housed at the SDC in Lumpkin, Georgia. No injuries were reported. ERO leadership was notified."
1390,Use of Force,"ERO Atlanta, Folkston ICE Processing Center (FDRIPC)","Undetermined, pending investigation",2026SIR0004386,"On December 10, 2025, ERO Atlanta reported the use of force on a Mexican national detainee while housed at the FIPC in Folkston, Georgia. No injuries were reported. ERO leadership was notified."
1391,Use of Force,"ERO Atlanta, Folkston ICE Processing Center (FDRIPC)","Undetermined, pending investigation",2026SIR0004397,"On December 10, 2025, ERO Atlanta reported the use of force on a Mexican national detainee while housed at the FIPC in Folkston, Georgia. No injuries were reported. ERO leadership was notified."
1392,Use of Force,"ERO Dallas, Prairieland Detention Center (PDC)","Undetermined, pending investigation",2026SIR0004385,"On December 10, 2025, ERO Dallas reported the use of force on a Nepali national detainee while housed at the PDC in Alvarado, Texas. No injuries were reported. ERO leadership was notified."
1393,Use of Force,"ERO Harlingen, ICE Health Service Corps (IHSC), Port Isabel Detention Center (PIDC)","Undetermined, pending investigation",2026SIR0004373,"On December 10, 2025, ERO Harlingen reported the use of force on a Mexican national detainee while housed at the PIDC in Los Fresnos, Texas. The subject sustained a laceration to their head. ERO leadership was notified."
1394,Use of Force,"ERO Harlingen, El Valle Detention Facility (EVDF)","Undetermined, pending investigation",2026SIR0004412,"On December 10, 2025, ERO Harlingen reported the use of force on a Russian national detainee while housed at the EVDF in Raymondville, Texas. No injuries were reported. ERO leadership was notified."
1395,Use of Force,"ERO Seattle, ICE Health Service Corps (IHSC), Northwest ICE Processing Center (NWPIC)","Undetermined, pending investigation",2026SIR0004089,"On December 10, 2025, ERO Seattle reported the use of force on a Haitian national detainee while housed at the NWIPC in Tacoma, Washington. A NWIPC staff member sustained swelling in their face. ERO leadership was notified."
1396,Use of Force,"ERO Los Angeles, Adelanto ICE Processing Center (APC)","Undetermined, pending investigation",2026SIR0004485,"On December 11, 2025, ERO Los Angeles reported the use of force on a Colombian national detainee while housed at the APC in Adelanto, California. No injuries were reported. ERO leadership and the ICE OPR Intake Center were notified."
1397,Use of Force,"ERO Los Angeles, ICE Health Service Corps (IHSC), Adelanto ICE Processing Center (APC)","Undetermined, pending investigation",2026SIR0004459,"On December 11, 2025, ERO Los Angeles reported the use of force on 15-20 detainees while housed at the APC in Adelanto, California. No injuries were reported, ERO leadership and ICE OPR Intake were notified."
1398,Use of Force,"ERO Boston, Strafford County Department of Corrections (SCDOC)","Undetermined, pending investigation",2026SIR0004458,"On December 12, 2025, ERO Boston reported the use of force on a Ukrainian national detainee while housed at the SCDC in Dover, New Hampshire. No injuries were reported. ERO leadership was notified."
1399,Use of Force,"ERO Chicago, ICE Health Service Corps (IHSC), Miami Correctional Center (MCC)","Undetermined, pending investigation",2026SIR0004567,"On December 12, 2025, 2025, ERO Chicago reported the use of force on two Mexican national detainees, one Honduran national detainee, and one Guatemalan national detainee while housed at the MCF in Bunker Hill, Indiana. The detainees sustained minor injuries. ERO leadership, IHSC, and ICE OPR Intake Center were notified."
1400,Use of Force,"ERO Miami, ICE Health Service Corps (IHSC), Krome Service Processing Center (KSPC)","Undetermined, pending investigation",2026SIR0004489,"On December 12, 2025, ERO Miami reported the use of force on a Cuban national detainee while housed at the KSPC in Miami, Florida. No injuries were reported. ERO leadership was notified."
1401,Use of Force,"ERO Philadelphia, Pike County Correctional Facility (PCCF)","Undetermined, pending investigation",2026SIR0004576,"On December 12, 2025, ERO Philadelphia reported the use of force on an Egyptian national detainee while housed at the PCCF in Lords Valley, Pennsylvania. No injuries were reported. ERO leadership and the ICE OPR Integrity Coordination Center were notified."
1402,Use of Force,"ERO San Francisco, ICE Health Service Corps (IHSC), ICE Office of the Principal Legal Advisor (OPLA), California City ICE Processing Center (CCIPC)","Undetermined, pending investigation",2026SIR0004593,"On December 12, 2025, ERO San Francisco reported the use of force on a Sudanese national detainee while housed at the CCIPC in California City, California. No injuries were reported. ERO leadership, IHSC, OPLA and the ICE OPR Intake Center were notified."
1403,Use of Force,"ERO Atlanta, Folkston ICE Processing Center (FDRIPC)","Undetermined, pending investigation",2026SIR0004607,"On December 14, 2025, ERO Atlanta reported the use of force on a Mexican national detainee while housed at the FIPC in Folkston, Georgia. No injuries were reported. ERO leadership was notified."
1404,Use of Force,"ERO Philadelphia, Moshannon Valley Processing Center (MVPC)","Undetermined, pending investigation",2026SIR0004650,"On December 14, 2025, ERO Philadelphia reported the use of force on a Chinese national detainee while housed at the MVPC in Philipsburg, Pennsylvania. No injuries were reported. ERO leadership and the ICE OPR Intake Center were notified."
1405,Use of Force,"ERO Harlingen, El Valle Detention Facility (EVDF)","Undetermined, pending investigation",2026SIR0004807,"On December 17, 2025, ERO Harlingen reported the use of force on a Romanian national detainee while housed at the EVDF in Raymondville, Texas. No injuries were reported. ERO leadership was notified."
1406,Use of Force,"ERO Philadelphia, Moshannon Valley Processing Center (MVPC)","Undetermined, pending investigation",2026SIR0004836,"On December 17, 2025, ERO Philadelphia reported the use of force on a Congolese national detainee while housed at the MVPC in Philipsburg, Pennsylvania. No injuries were reported. ERO leadership and the ICE OPR Intake Center were notified."
1407,Use of Force,"ERO Atlanta, Stewart Detention Center (SDC)","Undetermined, pending investigation",2026SIR0004984,"On December 19, 2025, ERO Atlanta reported the use of force on a Mexican national detainee while housed at the SDC in Lumpkin, Georgia. No injuries were reported. ERO leadership was notified."
1408,Use of Force,"ERO Atlanta, Folkston ICE Processing Center (FDRIPC)","Undetermined, pending investigation",2026SIR0004947,"On December 19, 2025, ERO Atlanta reported the use of force on a Peruvian national detainee while housed at the FIPC in Folkston, Georgia. No injuries were reported. ERO leadership was notified."
1409,Use of Force,"ERO Washington D.C., Farmville Detention Center (FDC)","Undetermined, pending investigation",2026SIR0004972,"On December 19, 2025, ERO Washington, D.C. reported the use of force on a Guatemalan national detainee while housed at the FDC in Farmville, Virginia. No injuries were reported. ERO leadership and ICE OPR Intake Center were notified."
1410,Use of Force,"ERO Harlingen, ICE Health Service Corps (IHSC), Port Isabel Detention Center (PIDC)","Undetermined, pending investigation",2026SIR0005059,"On December 20, 2025, ERO Harlingen reported the use of force on an Iranian national detainee while housed at the PIDC in Los Fresnos, Texas. No injuries were reported. ERO leadership was notified."
1411,Use of Force,"ERO Miami, ICE Health Service Corps (IHSC), Krome Service Processing Center (KSPC)","Undetermined, pending investigation",2026SIR0005080,"On December 20, 2025, ERO Miami reported the use of force on a Cuban national detainee while housed at the KSPC in Miami, Florida. No injuries were reported. ERO leadership was notified."
1412,Use of Force,"ERO Miami, ICE Health Service Corps (IHSC), Krome Service Processing Center (KSPC)","Undetermined, pending investigation",2026SIR0005082,"On December 20, 2025, ERO Miami reported the use of force on a Haitian national detainee while housed at the KSPC in Miami, Florida. No injuries were reported. ERO leadership was notified."
1413,Use of Force,"ERO Chicago, Miami Correctional Center (MCC)","Undetermined, pending investigation",2026SIR0005090,"On December 21, 2025, ERO Chicago reported the use of force on a Haitian national detainee, a Honduran national detainee, and a Venezuelan national detainee while housed at the MCC in Bunker Hill, Indiana. The Haitian national detainee sustained an arm fracture. ERO leadership and the ICE OPR Intake Center were notified."
1414,Use of Force,"ERO Detroit, Calhoun County Jail (CCJ)","Undetermined, pending investigation",2026SIR0005103,"On December 21, 2025, ERO Detroit, reported the use of force on a Colombian national detainee while housed at the CCJ in Battle Creek, Michigan. No injuries were reported. ERO leadership and the ICE OPR Joint Intake Center were notified."
1415,Use of Force,"ERO Miami, ICE Health Service Corps (IHSC), Krome Service Processing Center (KSPC)","Undetermined, pending investigation",2026SIR0005091,"On December 21, 2025, ERO Miami reported the use of force on a Haitian national detainee and a Cuban national detainee while housed at the KSPC in Miami, Florida. No injuries were reported. ERO leadership was notified."
1416,Use of Force,"ERO Miami, ICE Health Service Corps (IHSC), Krome Service Processing Center (KSPC)","Undetermined, pending investigation",2026SIR0005092,"On December 21, 2025, ERO Miami reported the use of force on a Cuban national detainee and a Cuban national detainee while housed at the KSPC in Miami, Florida. No injuries were reported. ERO leadership was notified."
1417,Use of Force,"ERO Chicago, Miami Correctional Center (MCC)","Undetermined, pending investigation",2026SIR0005151,"On December 22, 2025, ERO Chicago reported the use of force on a Kenyan national detainee while housed at the MCF in Bunker Hill, Indiana. No injuries were reported. ERO leadership was notified."
1418,Use of Force,"ERO Dallas, Bluebonnet Detention Center (BBDC)","Undetermined, pending investigation",2025SIR0005170,"On December 22, 2025, ERO Dallas reported the use of force on a Jordanian national detainee while housed at the BDC in Anson, Texas. No injuries were reported. ERO leadership was notified."
1419,Use of Force,"ERO Philadelphia, Moshannon Valley Processing Center (MVPC)","Undetermined, pending investigation",2026SIR0005138,"On December 22, 2025, ERO Philadelphia reported the use of force on a Congolese national detainee while housed at the MVPC, in Philipsburg, Pennsylvania. No injuries were reported. ERO leadership and the ICE OPR Intake Center were notified."
1420,Use of Force,"ERO Atlanta, Stewart Detention Center (SDC)","Undetermined, pending investigation",2026SIR0005191,"On December 23, 2025, ERO Atlanta reported the use of force on a Haitian national detainee while housed at the SDC in Lumpkin, Georgia. No injuries were reported. ERO leadership was notified."
1421,Use of Force,"ERO Philadelphia, Moshannon Valley Processing Center (MVPC)","Undetermined, pending investigation",2026SIR0005208,"On December 23, 2025, ERO Philadelphia reported the use of force on a Guinean national detainee while housed at the MVPC in Philipsburg, Pennsylvania. One staff member sustained a possible broken finger. ERO leadership and the ICE OPR Intake Center were notified."
1422,Use of Force,"ERO Phoenix, Florence Detention Center (FDC)","Undetermined, pending investigation",2026SIR0005229,"On December 23, 2025, ERO Phoenix reported the use of force on multiple detainees while housed at the FDC in Florence, Arizona. No injuries were reported. ERO leadership and ICE OPR Intake Center were notified."
1423,Use of Force,"ERO Philadelphia, Moshannon Valley Processing Center (MVPC)","Undetermined, pending investigation",2026SIR0005250,"On December 24, 2025, ERO Philadelphia reported the use of force on a Congolese national detainee while housed at the MVPC in Philipsburg, Pennsylvania. ERO leadership and the ICE OPR Intake Center were notified."
1424,Use of Force,"ERO Washington D.C., Farmville Detention Center (FDC)","Undetermined, pending investigation",2026SIR0005254,"On December 24, 2025, ERO Washington, D.C. reported the use of force on a Togolese national detainee while housed at the FDC in Farmville, Virginia. No injuries were reported. ERO leadership and ICE OPR Intake Center were notified."
1425,Use of Force,"ERO San Antonio, ICE Health Service Corps (IHSC), South Texas ICE Processing Center (STIPC)","Undetermined, pending investigation",2026SIR0005290,"On December 25, 2025, ERO San Antonio reported the use force on a Honduran national detainee while housed in the STIPC in Pearsall, Texas. No injuries were reported. ERO leadership was notified."
1426,Use of Force,"ERO Philadelphia, Moshannon Valley Processing Center (MVPC)","Undetermined, pending investigation",2026SIR0005315,"On December 26, 2025, ERO Philadelphia reported the use of force on a Senegalese national detainee while housed at the MVPC in Philipsburg, Pennsylvania. No injuries were reported. ERO leadership and the ICE OPR Intake Center were notified."
1427,Use of Force,"ERO Philadelphia, Moshannon Valley Processing Center (MVPC)","Undetermined, pending investigation",2026SIR0005314,"On December 26, 2025, ERO Philadelphia reported the use of force on a Dominican national detainee while housed at the MVPC in Philipsburg, Pennsylvania. No injuries were reported. ERO leadership and the ICE OPR Intake Center were notified."
1428,Use of Force,"ERO Dallas, Cimarron Correctional Facility (CCF)","Undetermined, pending investigation",2026SIR0005348,"On December 27, 2025, ERO Dallas reported the use of force on four Chinese national detainees and one Russian national detainee while housed at the CCF in Cushing, Oklahoma. No injuries were reported. ERO leadership was notified."
1429,Use of Force,"ERO Atlanta, Folkston ICE Processing Center (FDRIPC)","Undetermined, pending investigation",2026SIR0005369,"On December 28, 2025, ERO Atlanta reported the use of force on a Jordanian national detainee housed at the FIPC in Folkston, Georgia. No injuries were reported. ERO leadership was notified."
1430,Use of Force,"ERO Atlanta, Folkston ICE Processing Center (FDRIPC)","Undetermined, pending investigation",2026SIR0005421,"On December 29, 2025, ERO Atlanta reported the use of force on a Venezuelan national detainee while housed at the FIPC in Folkston, Georgia. No injuries were reported. ERO leadership was notified."
1431,Use of Force,"ERO Saint Paul, Nebraska Department of Corrections McCook Work Ethic Camp (WEC)","Undetermined, pending investigation",2026SIR0005418,"On December 29, 2025, ERO Saint Paul reported the use of force on a Congolese national and a Mexican national while housed at the WEC in McCook, Nebraska. No injuries were reported. ERO leadership was notified."
1432,Use of Force,"ERO Harlingen, ICE Health Service Corps (IHSC), Port Isabel Detention Center (PIDC)","Undetermined, pending investigation",2026SIR0005501,"On December 31, 2025, ERO Harlingen reported the use of force on a Guatemalan national detainee and a Venezuelan national detainee while housed at the PIDC in Los Fresnos, Texas. No injuries were reported. ERO leadership was notified."
1433,Use of Force,"ERO San Francisco, California City ICE Processing Center (CCIPC)","Undetermined, pending investigation",2026SIR0005506,"On December 31, 2025, ERO San Francisco reported the use of force on one Mexican national detainee and two Salvadoran national detainees while housed at the CCIPC in California City, California. No injuries were reported. ERO leadership and the ICE OPR Intake Center were notified."
1434,Use of Force,"ERO Dallas, Bluebonnet Detention Center (BBDC)","Undetermined, pending investigation",2026SIR0005467,"On January 1, 2026, ERO Dallas reported the use of force on a Mexican national detainee while housed at the BDC in Anson, Texas. No injuries were reported. ERO leadership was notified."
1435,Use of Force,"ERO Atlanta, Stewart Detention Center (SDC)","Undetermined, pending investigation",2026SIR0005544,"On January 2, 2026, ERO Atlanta reported the use of force on a Mexican national detainee while housed at the SDC in Lumpkin, Georgia. No injuries were reported. ERO leadership was notified."
1436,Use of Force,"ERO Chicago, Miami Correctional Center (MCC)","Undetermined, pending investigation",2026SIR0005559,"On January 2, 2026, ERO Chicago reported the use of force on a Kenyan national detainee while housed at the MCF in Bunker Hill, Indiana. No injuries were reported. ERO leadership and the ICE OPR Intake Center were notified."
1437,Use of Force,"ERO Harlingen, ICE Health Service Corps (IHSC), Port Isabel Detention Center (PIDC)","Undetermined, pending investigation",2026SIR0005557,"On January 2, 2026, ERO Harlingen reported the use of force on an Afghan national detainee while housed at the PIDC in Los Fresnos, Texas. No injuries were reported. ERO leadership was notified."
1438,Use of Force,"ERO New Orleans, Western Tennessee Detention Facility (WTDF)","Undetermined, pending investigation",2026SIR0005529,"On January 2, 2026, ERO New Orleans reported the use of force on a Nicaraguan national detainee while housed at the WTDF in Mason, Tennessee. No injuries were reported. ERO leadership and ICE OPR Intake Center were notified."
1439,Use of Force,"ERO Philadelphia, Moshannon Valley Processing Center (MVPC)","Undetermined, pending investigation",2026SIR0005552,"On January 2, 2026, ERO Philadelphia reported the use of force on a Georgian national detainee while housed at the MVPC in Philipsburg, Pennsylvania. No injuries were reported. ERO leadership and ICE OPR Intake Center were notified."
1440,Use of Force,"ERO Harlingen, Port Isabel Detention Center (PIDC)","Undetermined, pending investigation",2026SIR0005565,"On January 3, 2026, ERO Harlingen reported the use of force on an Afghan national detainee while housed at the PIDC in Los Fresnos, Texas. No injuries were reported. ERO leadership was notified."
1441,Use of Force,"ERO Philadelphia, Moshannon Valley Processing Center (MVPC)","Undetermined, pending investigation",2026SIR0005591,"On January 3, 2026, ERO Philadelphia reported the use of force on an Afghan national detainee while housed at the MVPC in Philipsburg, Pennsylvania. No injuries were reported. ERO leadership and the ICE OPR Intake Center were notified."
1442,Use of Force,"ERO San Antonio, ICE Health Service Corps (IHSC), South Texas ICE Processing Center (STIPC)","Undetermined, pending investigation",2026SIR0005585,"On January 3, 2026, ERO San Antonio reported the use force on a Cuban national detainee while housed in the STIPC in Fearsall, Texas. No injuries were reported. ERO leadership was notified."
1443,Use of Force,"ERO Harlingen, Port Isabel Detention Center (PIDC)","Undetermined, pending investigation",2026SIR0005619,"On January 4, 2026, ERO Harlingen reported the use of force on a Venezuelan national detainee while housed at the PIDC in Los Fresnos, Texas. No injuries were reported. ERO leadership was notified."
1444,Use of Force,"ERO Harlingen, Port Isabel Detention Center (PIDC)","Undetermined, pending investigation",2026SIR0005620,"On January 4, 2026, ERO Harlingen reported the use of force on a Somalian national detainee while housed at the PIDC Los Fresnos, Texas. No injuries were reported. ERO leadership was notified."
1445,Use of Force,"ERO Harlingen, Port Isabel Detention Center (PIDC)","Undetermined, pending investigation",2026SIR0005621,"On January 4, 2026, ERO Harlingen reported the use of force on an Afghan national detainee while housed at the PIDC in Los Fresnos, Texas. No injuries were reported. ERO leadership was notified."
1446,Use of Force,"ERO Philadelphia, Federal Detention Center (FDC)","Undetermined, pending investigation",2026SIR0005610,"On January 4, 2026, ERO Philadelphia reported the use of force on a Russian national detainee while housed at the FDC, in Philadelphia, Pennsylvania. The detainee sustained minor injuries. ERO leadership was notified."
1447,Use of Force,"ERO Chicago, Miami Correctional Center (MCC)","Undetermined, pending investigation",2026SIR0005653,"On January 5, 2026, ERO Chicago reported use of force on a Ukrainian national detainee while housed at the MCF in Bunker Hill, Indiana. No injuries were reported. ERO leadership and the ICE OPR Intake Center were notified."
1448,Use of Force,"ERO Chicago, Miami Correctional Center (MCC)","Undetermined, pending investigation",2026SIR0005607,"On January 5, 2026, ERO Chicago reported use of force on a Haitian national detainee while housed at the MCF in Bunker Hill, Indiana. No injuries were reported. ERO leadership and the ICE OPR Intake Center were notified."
1449,Use of Force,"ERO Houston, Montgomery Processing Center (MPC)","Undetermined, pending investigation",2026SIR0005642,"On January 5, 2026, ERO Houston reported the use of force on a Honduran national detainee while housed at the MPC in Conroe, Texas. No injuries were reported. ERO leadership was notified."
1450,Use of Force,"ERO Los Angeles, Adelanto ICE Processing Center (APC)","Undetermined, pending investigation",2026SIR0005658,"On January 5, 2026, ERO Los Angeles reported the use of force on a Mexican national detainee while housed at the APC in Adelanto, California. No injuries were reported. ERO leadership and the ICE OPR Intake Center were notified."
1451,Use of Force,"ERO New Orleans, Central Louisiana ICE Correctional Center (CLIPC)","Undetermined, pending investigation",2026SIR0005639,"On January 5, 2026, ERO New Orleans reported the use of force on a Honduran national detainee and a Mauritanian national detainee while housed at the CLIPC in Jena, Louisiana. No injuries were reported. ERO leadership and the ICE OPR Intake Center were notified."
1452,Use of Force,"ERO Washington D.C., Farmville Detention Center (FDC)","Undetermined, pending investigation",2026SIR0005751,"On January 7, 2026, ERO Washington, D.C. reported the use of force on an Ethiopian national detainee while housed at the FDC in Farmville, Virginia. No injuries were reported. ERO leadership and the ICE OPR Intake Center were notified."
1453,Use of Force,"ERO Harlingen, El Valle Detention Facility (EVDF)",Executive Office for Immigration Review,2026SIR0005792,"On January 8, 2026, ERO Harlingen reported the use of force on an Indian national while housed at the EVDF in Raymondville Texas. No injuries were reported. ERO leadership was notified."
1454,Use of Force,"ERO Miami, ICE Health Service Corps (IHSC), Glades County Detention Center (GCDC)","Undetermined, pending investigation",2026SIR0005795,"On January 8, 2026, ERO Miami reported the use of force on a Cuban national detainee, a Haitian national detainee, and a Guatemalan national detainee while housed at the GCDC in Moore Haven, Florida. No injuries were reported. ERO leadership was notified."
1455,Use of Force,"ERO Phoenix, ICE Health Service Corps (IHSC), Eloy Detention Center (EDC)","Undetermined, pending investigation",2026SIR0005841,"On January 8, 2026, ERO Phoenix reported the use of force on a Cuban national detainee and an Afghani national detainee while housed at the EDC in Eloy, Arizona. No injuries were reported. ERO leadership was notified."
1456,Use of Force,"ERO Los Angeles, Adelanto ICE Processing Center (APC)",Executive Office for Immigration Review,2026SIR0005914,"On January 9, 2026, ERO Los Angeles reported the use of force on a Venezuelan national detainee while housed at the APC in Adelanto, California. No injuries were reported. ERO leadership and the ICE OPR Intake Center were notified."
1457,Use of Force,"ERO San Antonio, T. Don Hutto Detention Center (TDHDC)","Undetermined, pending investigation",2026SIR0005863,"On January 9, 2026, ERO San Antonio reported the use of force on a Cuban national detainee while housed in the TGHDCC in Taylor, Texas. No injuries were reported. ERO leadership was notified."
1458,Use of Force,"ERO San Antonio, South Texas ICE Processing Center (STIPC)","Undetermined, pending investigation",2026SIR0005887,"On January 9, 2026, ERO San Antonio reported the use of force on a Haitian national while housed at the STIPC in Persall, Texas. No injuries were reported. ERO leadership was notified."
1459,Use of Force,"ERO San Antonio, South Texas ICE Processing Center (STIPC)","Undetermined, pending investigation",2026SIR0005967,"On January 11, 2026, ERO San Antonio reported the use of force on a Haitian national detainee while housed at the STIPC in Pearsall. Texas. No injuries were reported. ERO leadership was notified."
1460,Use of Force,"ERO San Antonio, ICE Health Service Corps (IHSC), T. Don Hutto Detention Center (TDHDC)","Undetermined, pending investigation",2026SIR0005930,"On January 11, 2026, ERO San Antonio reported the use of force on a Nicaraguan national detainee while housed in the TGHDCC in Taylor, Texas. No injuries were reported. ERO leadership was notified."