row,sen_number,participant
1,2024SIR0004128,ERO San Antonio
1,2024SIR0004128,Karmes County Immigration Processing Center (KCIPC)
1,2024SIR0004128,ICE Health Service Corps (IHSC)
2,2024SIR0004222,ERO Houston
2,2024SIR0004222,ICE Health Service Corps (IHSC)
2,2024SIR0004222,Montgomery Processing Center (MPC)
3,2024SIR0004191,ERO San Antonio
3,2024SIR0004191,ICE Health Service Corps (IHSC)
3,2024SIR0004191,South Texas ICE Processing Center (STIPC)
4,2024SIR0004224,ERO Seattle
4,2024SIR0004224,Northwest ICE Processing Center (NWPIC)
4,2024SIR0004224,ICE Health Service Corps (IHSC)
5,2024SIR0004281,ERO Phoenix
5,2024SIR0004281,ICE Health Service Corps (IHSC)
5,2024SIR0004281,Eloy Detention Center (EDC)
6,2024SIR000434,ERO Seattle
6,2024SIR000434,Northwest ICE Processing Center (NWPIC)
6,2024SIR000434,ICE Health Service Corps (IHSC)
7,2024SIR0004366,ERO Miami
7,2024SIR0004366,ICE Health Service Corps (IHSC)
7,2024SIR0004366,Krome Service Processing Center (KSPC)
8,2024SIR0004392,ERO New Orleans
8,2024SIR0004392,Jackson Parish Correctional Center (JPCC)
9,2024SIR0004444,ERO San Antonio
9,2024SIR0004444,South Texas ICE Processing Center (STIPC)
9,2024SIR0004444,ICE Health Service Corps (IHSC)
10,2024SIR0004536,ERO Boston
10,2024SIR0004536,Wyatt Detention Center (WDC)
11,2024SIR0004569/ 2024SIR0004541,ERO Harlingen
11,2024SIR0004569/ 2024SIR0004541,ERO Laredo
11,2024SIR0004569/ 2024SIR0004541,Rio Grande Processing Center (RGPC)
12,2024SIR0004582,ERO Philadelphia
12,2024SIR0004582,Moshannon Valley Processing Center (MVPC)
13,2024SIR0004607,ERO Atlanta
13,2024SIR0004607,Stewart Detention Center (SDC)
14,2024SIR0004621,ERO Harlingen
14,2024SIR0004621,Rio Grande Processing Center (RGPC)
15,2024SIR0004630,ERO Harlingen
15,2024SIR0004630,ERO Laredo
15,2024SIR0004630,Rio Grande Processing Center (RGPC)
16,2024SIR0004679,ERO San Diego
16,2024SIR0004679,Otay Mesa Detention Center (OMDC)
17,2024SIR0004706,ERO San Antonio
17,2024SIR0004706,ICE Health Service Corps (IHSC)
17,2024SIR0004706,South Texas ICE Processing Center (STIPC)
18,2024SIR0004687,ERO San Antonio
18,2024SIR0004687,ICE Health Service Corps (IHSC)
18,2024SIR0004687,T. Don Hutto Detention Center (TDHDC)
19,2024SIR0004703,ERO San Antonio
19,2024SIR0004703,ICE Health Service Corps (IHSC)
19,2024SIR0004703,South Texas ICE Processing Center (STIPC)
20,2024SIR0004695,ERO San Diego
20,2024SIR0004695,Otay Mesa Detention Center (OMDC)
21,2024SIR0004747,ERO Houston
21,2024SIR0004747,Montgomery Processing Center (MPC)
21,2024SIR0004747,ICE Health Service Corps (IHSC)
22,2024SIR0004772,ERO San Antonio
22,2024SIR0004772,ICE Health Service Corps (IHSC)
22,2024SIR0004772,South Texas ICE Processing Center (STIPC)
23,2024SIR0004830,ERO Dallas
23,2024SIR0004830,Dallas Emergency Medical Services (EMS)
24,2024SIR0004882,ERO Harlingen
24,2024SIR0004882,ERO Laredo
24,2024SIR0004882,Rio Grande Processing Center (RGPC)
25,2024SIR0004890,ERO Harlingen
25,2024SIR0004890,Rio Grande Processing Center (RGPC)
26,2024SIR0004911,ERO Philadelphia
26,2024SIR0004911,Moshannon Valley Processing Center (MVPC)
27,2024SIR0004963,ERO Houston
27,2024SIR0004963,ICE Health Service Corps (IHSC)
27,2024SIR0004963,Montgomery Processing Center (MPC)
28,2024SIR0004924,ERO San Antonio
28,2024SIR0004924,ICE Health Service Corps (IHSC)
28,2024SIR0004924,South Texas ICE Processing Center (STIPC)
29,2024SIR0009241,ERO Salt Lake
29,2024SIR0009241,Nye County Detention Center (NCDC)
29,2024SIR0009241,Nye County Sheriff's Department (NCSD)
30,2024SIR0009292,ERO Phoenix
30,2024SIR0009292,ICE Health Service Corps (IHSC)
30,2024SIR0009292,Eloy Detention Center (EDC)
31,2024SIR0009381,ERO Miami
31,2024SIR0009381,Krome Service Processing Center (KSPC)
31,2024SIR0009381,ICE Health Service Corps (IHSC)
32,2024SIR0009397,ERO Miami
32,2024SIR0009397,ICE Health Service Corps (IHSC)
32,2024SIR0009397,Krome Service Processing Center (KSPC)
33,2024SIR0009404,ERO San Francisco
33,2024SIR0009404,ERO Bakersfield
33,2024SIR0009404,ICE Health Service Corps (IHSC)
33,2024SIR0009404,Golden State Annex (GSA)
34,2024SIR0009366,ERO Washington
34,2024SIR0009366,ICE Health Service Corps (IHSC)
34,2024SIR0009366,Caroline Detention Facility (CDF)
35,2024SIR0009386,ERO Washington
35,2024SIR0009386,Caroline Detention Facility (CDF)
36,2024SIR0009501,ERO Philadelphia
36,2024SIR0009501,Moshannon Valley Processing Center (MVPC)
37,2024SIR0009659,ERO El Paso
37,2024SIR0009659,El Paso Processing Center (EPC)
37,2024SIR0009659,ICE Health Service Corps (IHSC)
38,2024SIR0009668,ERO San Antonio
38,2024SIR0009668,South Texas ICE Processing Center (STIPC)
38,2024SIR0009668,ICE Health Service Corps (IHSC)
39,2024SIR0009643,ERO Seattle
39,2024SIR0009643,Northwest ICE Processing Center (NWPIC)
40,2024SIR0009820,ERO Houston
40,2024SIR0009820,ICE Health Service Corps (IHSC)
40,2024SIR0009820,IAH Secure Adult Detention Center (IAH)
41,2024SIR0009824,ERO Houston
41,2024SIR0009824,ICE Health Service Corps (IHSC)
41,2024SIR0009824,Montgomery Processing Center (MPC)
42,2024SIR0009892,ERO Atlanta
42,2024SIR0009892,Stewart Detention Center (SDC)
43,2024SIR0010028,ERO Chicago
43,2024SIR0010028,Dodge County Detention Facility (DCDF)
44,2024SIR0010026,ERO Miami
44,2024SIR0010026,Baker County Detention Center (BCDC)
45,2024SIR0010037,ERO Miami
45,2024SIR0010037,Krome Service Processing Center (KSPC)
45,2024SIR0010037,ICE Health
46,2024SIR0010065,ERO New Orleans
46,2024SIR0010065,River Correctional Center (RCC)
47,2024SIR0010235,ERO Atlanta
47,2024SIR0010235,ICE Health Service Corps (IHSC)
47,2024SIR0010235,Stewart Detention Center (SDC)
48,2024SIR0010176,ERO Miami
48,2024SIR0010176,Baker County Detention Center (BCDC)
49,2024SIR0010361,ERO San Francisco
49,2024SIR0010361,South Texas ICE Processing Center (STIPC)
50,2024SIR0010382,ERO Atlanta
50,2024SIR0010382,ICE Health Service Corps (IHSC)
50,2024SIR0010382,Stewart Detention Center (SDC)
50,2024SIR0010382,Piedmont Columbus Regional Hospital (PCRH)
50,2024SIR0010382,Stewart County Sheriff's Office (SCSO)
51,2024SIR0010367,ERO Buffalo
51,2024SIR0010367,Buffalo Federal Detention Facility (BFDF)
51,2024SIR0010367,ICE Health Service Corps (IHSC)
52,2024SIR0010381,ERO Houston
52,2024SIR0010381,ICE Health Service Corps (IHSC)
52,2024SIR0010381,IAH Secure Adult Detention Center (IAH)
53,2024SIR0010373,ERO Philadelphia
53,2024SIR0010373,Moshannon Valley Processing Center (MVPC)
54,2024SIR0010432,ERO Boston
54,2024SIR0010432,Strafford County Department of Corrections (SCDOC)
55,2024SIR0010403,ERO Miami
55,2024SIR0010403,Krome Service Processing Center (KSPC)
55,2024SIR0010403,ICE Health Service Corps (IHSC)
56,2024SIR0010454,ERO San Antonio
56,2024SIR0010454,South Texas ICE Processing Center (STIPC)
57,2024SIR0006425,ERO Miami
57,2024SIR0006425,Krome Service Processing Center (KSPC)
57,2024SIR0006425,ICE Health Service Corps (IHSC)
58,2024SIR0006413,ERO Philadelphia
58,2024SIR0006413,ICE Health Service Corps (IHSC)
58,2024SIR0006413,Moshannon Valley Processing Center (MVPC)
58,2024SIR0006413,Pennsylvania State Police (PSP)
59,2024SIR0006487,ERO Philadelphia
59,2024SIR0006487,Moshannon Valley Processing Center (MVPC)
60,2024SIR0006450,ERO Philadelphia
60,2024SIR0006450,Moshannon Valley Processing Center (MVPC)
61,2024SIR0006508,ERO El Paso
61,2024SIR0006508,ICE Health Service Corps (IHSC)
61,2024SIR0006508,El Paso Processing Center (EPC)
62,2024SIR0006526,ERO El Paso
62,2024SIR0006526,El Paso Processing Center (EPC)
62,2024SIR0006526,ICE Health Service Corps (IHSC)
63,2024SIR0006563,ERO El Paso
63,2024SIR0006563,ICE Health Service Corps (IHSC)
63,2024SIR0006563,El Paso Processing Center (EPC)
64,2024SIR0006543 / 2024SIR0006549,ERO San Antonio
64,2024SIR0006543 / 2024SIR0006549,South Texas ICE Processing Center (STIPC)
64,2024SIR0006543 / 2024SIR0006549,ICE Health Service Corps (IHSC)
64,2024SIR0006543 / 2024SIR0006549,Frio Regional Hospital (FRH)
65,2024SIR0006605,ERO Houston
65,2024SIR0006605,Joe Corley Processing Center (JCPC)
66,2024SIR0006741,ERO New Orleans
66,2024SIR0006741,Jackson Parish Correctional Center (JPCC)
67,2024SIR0006757,ERO New Orleans
67,2024SIR0006757,Jackson Parish Correctional Center (JPCC)
68,2024SIR0006837,ERO Miami
68,2024SIR0006837,Baker County Sheriff's Office (BCSO)
68,2024SIR0006837,Baker County Detention Center (BCDC)
69,2024SIR0006827,ERO Philadelphia
69,2024SIR0006827,Moshannon Valley Processing Center (MVPC)
70,2024SIR0006852,ERO York
70,2024SIR0006852,ERO Philadelphia
70,2024SIR0006852,Moshannon Valley Processing Center (MVPC)
71,2024SIR0006918,ERO El Paso
71,2024SIR0006918,Otero County Processing Center (OCPC)
72,2024SIR0006920,ERO El Paso
72,2024SIR0006920,Otero County Processing Center (OCPC)
73,2024SIR0006883,ERO San Antonio
73,2024SIR0006883,South Texas ICE Processing Center (STIPC)
73,2024SIR0006883,ICE Health Service Corps (IHSC)
74,2024SIR0006958,ERO Atlanta
74,2024SIR0006958,Stewart Detention Center (SDC)
75,2024SIR0007031,ERO Miami
75,2024SIR0007031,Krome Service Processing Center (KSPC)
75,2024SIR0007031,ICE Health Service Corps (IHSC)
76,2024SIR0006996,ERO San Diego
76,2024SIR0006996,Imperial Regional Detention (ICSO)
77,2024SIR0007062,ERO Miami
77,2024SIR0007062,Krome Service Processing Center (KSPC)
77,2024SIR0007062,ICE Health Service Corps (IHSC)
78,2024SIR0007137,ERO Dallas
78,2024SIR0007137,Prairieland Detention Center (PDC)
79,2024SIR0007147,ERO San Diego
79,2024SIR0007147,Otay Mesa Detention Center (OMDC)
80,2024SIR0007207,ERO Miami
80,2024SIR0007207,Krome Service Processing Center (KSPC)
80,2024SIR0007207,ICE Health Service Corps (IHSC)
81,2024SIR0007252,ERO Dallas
81,2024SIR0007252,Prairieland Detention Center (PDC)
82,2024SIR0007314,ERO Dallas
82,2024SIR0007314,Prairieland Detention Center (PDC)
83,,ERO Denver
83,,Denver Contract Detention Facility (DCDF)
83,,Aurora Police Department (APD)
83,,Lakewood Police Department (LPD)
84,2024SIR0007518,ERO El Paso
84,2024SIR0007518,Otero County Processing Center (OCPC)
85,2024SIR0007537,ERO San Antonio
85,2024SIR0007537,South Texas ICE Processing Center (STIPC)
85,2024SIR0007537,ICE Health Service Corps (IHSC)
86,2024SIR0007550,ERO Miami
86,2024SIR0007550,Krome Service Processing Center (KSPC)
86,2024SIR0007550,ICE Health Service Corps (IHSC)
87,2024SIR0007648,ERO New Orleans
87,2024SIR0007648,Central Louisiana ICE Correctional Center (CLIPC)
88,2024SIR0007788,ERO Miami
88,2024SIR0007788,ICE Health Service Corps (IHSC)
88,2024SIR0007788,Krome Service Processing Center (KSPC)
89,2024SIR0007857,ERO Atlanta
89,2024SIR0007857,Cobb County Adult Detention Center (CCADC)
89,2024SIR0007857,Stewart Detention Center (SDC)
90,2024SIR0007796,ERO Dallas
90,2024SIR0007796,Eden Detention Center (EDC)
91,2024SIR0007861,ERO Harlingen
91,2024SIR0007861,Webb County Detention (WCDC)
92,2024SIR0007831,ERO Miami
92,2024SIR0007831,Krome Service Processing Center (KSPC)
92,2024SIR0007831,ICE Health Service Corps (IHSC)
93,2024SIR0005027,ERO Miami
93,2024SIR0005027,ICE Health Service Corps (IHSC)
93,2024SIR0005027,Krome Service Processing Center (KSPC)
94,2024SIR0005068,ERO Washington
94,2024SIR0005068,Immigration Centers of America (ICA)
95,2024SIR0005111,ERO Philadelphia
95,2024SIR0005111,Moshannon Valley Processing Center (MVPC)
96,2024SIR0005208,ERO Harlingen
96,2024SIR0005208,Rio Grande Processing Center (RGPC)
97,2024SIR0005196,ERO Miami
97,2024SIR0005196,ICE Health Service Corps (IHSC)
97,2024SIR0005196,Krome Service Processing Center (KSPC)
98,2024SIR0005229,ERO Miami
98,2024SIR0005229,ICE Health Service Corps (IHSC)
98,2024SIR0005229,Krome Service Processing Center (KSPC)
99,2024SIR0005266,ERO New Orleans
99,2024SIR0005266,ICE Health Service Corps (IHSC)
99,2024SIR0005266,Winn Correctional Center (WCC)
100,2024SIR0005278,ERO Miami
100,2024SIR0005278,ICE Health Service Corps (IHSC)
100,2024SIR0005278,Krome Service Processing Center (KSPC)
101,2024SIR0005277,ERO San Antonio
101,2024SIR0005277,ICE Health Service Corps (IHSC)
101,2024SIR0005277,South Texas ICE Processing Center (STIPC)
102,2024SIR0005311,ERO Atlanta
102,2024SIR0005311,Stewart Detention Center (SDC)
103,2024SIR0005300,ERO New Orleans
103,2024SIR0005300,River Correctional Center (RCC)
104,2024SIR0005332,ERO San Diego
104,2024SIR0005332,Imperial Regional Detention (ICSO)
105,2024SIR0005345,ERO El Paso
105,2024SIR0005345,ICE Health Service Corps (IHSC)
105,2024SIR0005345,El Paso Processing Center (EPC)
106,2024SIR0005537,ERO El Paso
106,2024SIR0005537,Cibola County Correctional Center (CCCC)
107,2024SIR0005542,ERO San Antonio
107,2024SIR0005542,South Texas ICE Processing Center (STIPC)
107,2024SIR0005542,ICE Health Service Corps (IHSC)
108,2024SIR0005631,ERO Dallas
108,2024SIR0005631,Bluebonnet Detention Center (BBDC)
108,2024SIR0005631,Jones County Sheriff's Department (JCSD)
109,2024SIR0005637,ERO Miami
109,2024SIR0005637,ICE Health Service Corps (IHSC)
109,2024SIR0005637,Krome Service Processing Center (KSPC)
110,2024SIR0005693,ERO Miami
110,2024SIR0005693,ICE Health Service Corps (IHSC)
110,2024SIR0005693,Krome Service Processing Center (KSPC)
111,2024SIR0005731,ERO New Orleans
111,2024SIR0005731,Central Louisiana ICE Correctional Center (CLIPC)
112,2024SIR0005713,ERO Phoenix
112,2024SIR0005713,Central Arizona Florence Correctional Complex (CAFCC)
113,2024STR0005725,ERO San Antonio
113,2024STR0005725,South Texas ICE Processing Center (STIPC)
113,2024STR0005725,ICE Health Service Corps (IHSC)
114,2024SIR0005779,ERO Atlanta
114,2024SIR0005779,Stewart Detention Center (SDC)
115,2024SIR0005802,ERO Miami
115,2024SIR0005802,Krome Service Processing Center (KSPC)
115,2024SIR0005802,ICE Health Service Corps (IHSC)
116,2024SIR0005798,ERO San Antonio
116,2024SIR0005798,South Texas ICE Processing Center (STIPC)
116,2024SIR0005798,ICE Health Service Corps (IHSC)
117,2024SIR0005855,ERO Philadelphia
117,2024SIR0005855,Moshannon Valley Processing Center (MVPC)
118,2024SIR0005872,ERO Phoenix
118,2024SIR0005872,ICE Health Service Corps (IHSC)
118,2024SIR0005872,Eloy Detention Center (EDC)
119,2024SIR0005973,ERO Atlanta
119,2024SIR0005973,Stewart Detention Center (SDC)
120,2024SIR0005949,ERO Buffalo
120,2024SIR0005949,Buffalo Federal Detention Facility (BFDF)
120,2024SIR0005949,ICE Health Service Corps (IHSC)
121,2024SIR0005927,ERO Los Angeles
121,2024SIR0005927,Desert View Facility (DVF)
122,2024SIR0006091,ERO Buffalo
122,2024SIR0006091,Buffalo Federal Detention Facility (BFDF)
122,2024SIR0006091,ICE Health Service Corps (IHSC)
123,2024SIR0006108,ERO Miami
123,2024SIR0006108,Krome Service Processing Center (KSPC)
123,2024SIR0006108,ICE Health Service Corps (IHSC)
124,2024SIR0006107,ERO Salt Lake
124,2024SIR0006107,Nye County Detention Center (NCDC)
124,2024SIR0006107,Nye County Sheriff's Department (NCSD)
125,2024SIR0006208,ERO Seattle
125,2024SIR0006208,ICE Health Service Corps (IHSC)
125,2024SIR0006208,Northwest ICE Processing Center (NWPIC)
126,2024SIR0011909,ERO Miami
126,2024SIR0011909,Broward Transitional Center (BTC)
127,2024SIR0011880,ERO Philadelphia
127,2024SIR0011880,Moshannon Valley Processing Center (MVPC)
128,2024SIR0011980,ERO San Antonio
128,2024SIR0011980,South Texas ICE Processing Center (STIPC)
129,2024SIR0012025,ERO Atlanta
129,2024SIR0012025,Stewart Detention Center (SDC)
130,2024SIR0012009,ERO Miami
130,2024SIR0012009,ICE Health Service Corps (IHSC)
130,2024SIR0012009,Krome Service Processing Center (KSPC)
131,2024SIR0012001,ERO Philadelphia
131,2024SIR0012001,Moshannon Valley Processing Center (MVPC)
132,2024SIR0012064,ERO Philadelphia
132,2024SIR0012064,Moshannon Valley Processing Center (MVPC)
133,2024SIR0012127,ERO Phoenix
133,2024SIR0012127,ICE Health Service Corps (IHSC)
133,2024SIR0012127,Eloy Detention Center (EDC)
134,2024SIR0012176,ERO Harlingen
134,2024SIR0012176,El Valle Detention Facility (EVDF)
135,2024SIR0012177,ERO San Antonio
135,2024SIR0012177,Karmes County Immigration Processing Center (KCIPC)
136,2024SIR0012254,ERO San Diego
136,2024SIR0012254,Imperial Regional Detention (ICSO)
137,2024SIR0012255,ERO San Diego
137,2024SIR0012255,Imperial Regional Detention (ICSO)
137,2024SIR0012255,ICE Health Service Corps (IHSC)
137,2024SIR0012255,Paradise Valley Hospital (PVH)
138,2024SIR0012284,ERO San Diego
138,2024SIR0012284,Imperial Regional Detention (ICSO)
138,2024SIR0012284,ICE Health Service Corps (IHSC)
139,2024SIR0012367,ERO Atlanta
139,2024SIR0012367,Stewart Detention Center (SDC)
140,2024SIR0012406,ERO Dallas
140,2024SIR0012406,Prairieland Detention Center (PDC)
141,2024SIR0012378/2024SIR0012377,ERO San Antonio
141,2024SIR0012378/2024SIR0012377,South Texas ICE Processing Center (STIPC)
141,2024SIR0012378/2024SIR0012377,ICE Health Service Corps (IHSC)
142,2024SIR0012410,ERO Washington
142,2024SIR0012410,ICE Health Service Corps (IHSC)
142,2024SIR0012410,Caroline Detention Facility (CDF)
143,2024SIR0012416,ERO Washington
143,2024SIR0012416,Immigration Centers of America (ICA)
144,2024SIR0012509,ERO Miami
144,2024SIR0012509,ICE Health Service Corps (IHSC)
144,2024SIR0012509,Krome Service Processing Center (KSPC)
145,2024SIR0012478,ERO San Antonio
145,2024SIR0012478,ICE Health Service Corps (IHSC)
145,2024SIR0012478,T. Don Hutto Detention Center (TDHDC)
146,2024SIR0012572,ERO Philadelphia
146,2024SIR0012572,Moshannon Valley Processing Center (MVPC)
147,2024SIR0012590,ERO St Paul
147,2024SIR0012590,ICE Health Service Corps (IHSC)
147,2024SIR0012590,Kandiyohi County Jail (KCJ)
148,2024SIR0012651,ERO Miami
148,2024SIR0012651,ICE Health Service Corps (IHSC)
148,2024SIR0012651,Krome Service Processing Center (KSPC)
149,2024SIR0012586,ERO San Antonio
149,2024SIR0012586,ICE Health Service Corps (IHSC)
149,2024SIR0012586,T. Don Hutto Detention Center (TDHDC)
150,2024SIR0012752,ERO Miami
150,2024SIR0012752,ICE Health Service Corps (IHSC)
150,2024SIR0012752,Krome Service Processing Center (KSPC)
151,2024SIR0012780,ERO Miami
151,2024SIR0012780,ICE Health Service Corps (IHSC)
151,2024SIR0012780,Krome Service Processing Center (KSPC)
152,2024SIR0012765,ERO Philadelphia
152,2024SIR0012765,Moshannon Valley Processing Center (MVPC)
153,2024SIR0012801,ERO Phoenix
153,2024SIR0012801,ICE Health Service Corps (IHSC)
153,2024SIR0012801,Eloy Detention Center (EDC)
154,2024SIR0012796,ERO San Antonio
154,2024SIR0012796,South Texas ICE Processing Center (STIPC)
155,2024SIR0012792,ERO San Antonio
155,2024SIR0012792,ICE Health Service Corps (IHSC)
155,2024SIR0012792,South Texas ICE Processing Center (STIPC)
155,2024SIR0012792,Frio Regional Hospital (FRH)
156,2024SIR0012879,ERO Phoenix
156,2024SIR0012879,Eloy Detention Center (EDC)
157,2024SIR0012849,ERO Phoenix
157,2024SIR0012849,ICE Health Service Corps (IHSC)
157,2024SIR0012849,Eloy Detention Center (EDC)
158,2024SIR0012902,ERO San Antonio
158,2024SIR0012902,ICE Health Service Corps (IHSC)
158,2024SIR0012902,South Texas ICE Processing Center (STIPC)
159,2024SIR0012977,ERO Harlingen
159,2024SIR0012977,El Valle Detention Facility (EVDF)
160,2024SIR0012949,ERO Miami
160,2024SIR0012949,ICE Health Service Corps (IHSC)
160,2024SIR0012949,Krome Service Processing Center (KSPC)
161,2024SIR0013083,ERO El Paso
161,2024SIR0013083,Torrance County Detention Facility (TCDF)
162,2024SIR0013082,ERO New Orleans
162,2024SIR0013082,Alexandria Staging Facility (ASF)
163,2024SIR0013090,ERO Philadelphia
163,2024SIR0013090,Moshannon Valley Processing Center (MVPC)
164,2024SIR0007952,ERO San Antonio
164,2024SIR0007952,South Texas ICE Processing Center (STIPC)
164,2024SIR0007952,ICE Health Service Corps (IHSC)
165,2024SIR0007978,ERO Phoenix
165,2024SIR0007978,ICE Health Service Corps (IHSC)
165,2024SIR0007978,Eloy Detention Center (EDC)
166,2024SIR0008021,ERO Harlingen
166,2024SIR0008021,El Valle Detention Facility (EVDF)
167,2024SIR0008048,ERO Philadelphia
167,2024SIR0008048,ERO Miami
167,2024SIR0008048,Krome Service Processing Center (KSPC)
167,2024SIR0008048,ICE Health Service Corps (IHSC)
168,2024SIR0008095,ERO Miami
168,2024SIR0008095,Baker County Sheriff's Office (BCSO)
168,2024SIR0008095,Baker County Detention Center (BCDC)
169,2024SIR0008098,ERO San Antonio
169,2024SIR0008098,ICE Health Service Corps (IHSC)
169,2024SIR0008098,T. Don Hutto Detention Center (TDHDC)
170,2024SIR0008220,ERO El Paso
170,2024SIR0008220,El Paso Processing Center (EPC)
170,2024SIR0008220,ICE Health Service Corps (IHSC)
171,2024SIR0008096,ERO York
171,2024SIR0008096,ERO Philadelphia
171,2024SIR0008096,Moshannon Valley Processing Center (MVPC)
172,2024SIR0008267,ERO El Paso
172,2024SIR0008267,Otero County Processing Center (OCPC)
173,2024SIR0008278,ERO Miami
173,2024SIR0008278,Krome Service Processing Center (KSPC)
173,2024SIR0008278,ICE Health Service Corps (IHSC)
174,2024SIR0008289,ERO Dallas
174,2024SIR0008289,Prairieland Detention Center (PDC)
175,2024SIR0008285,ERO El Paso
175,2024SIR0008285,El Paso Processing Center (EPC)
175,2024SIR0008285,ICE Health Service Corps (IHSC)
176,2024SIR0008328,ERO Harlingen
176,2024SIR0008328,El Valle Detention Facility (EVDF)
177,2024SIR0008290,ERO San Antonio
177,2024SIR0008290,South Texas ICE Processing Center (STIPC)
177,2024SIR0008290,ICE Health Service Corps (IHSC)
178,2024SIR0008321,ERO Atlanta
178,2024SIR0008321,Stewart Detention Center (SDC)
179,2024SIR0008335,ERO San Antonio
179,2024SIR0008335,South Texas ICE Processing Center (STIPC)
179,2024SIR0008335,ICE Health Service Corps (IHSC)
180,2024SIR0008348,ERO San Antonio
180,2024SIR0008348,South Texas ICE Processing Center (STIPC)
180,2024SIR0008348,ICE Health Service Corps (IHSC)
181,2024SIR0008452,ERO Miami
181,2024SIR0008452,ICE Health Service Corps (IHSC)
181,2024SIR0008452,Krome Service Processing Center (KSPC)
182,2024SIR0008454,ERO Miami
182,2024SIR0008454,Krome Service Processing Center (KSPC)
182,2024SIR0008454,ICE Health Service Corps (IHSC)
183,2024SIR0008547,ERO Miami
183,2024SIR0008547,Krome Service Processing Center (KSPC)
183,2024SIR0008547,ICE Health Service Corps (IHSC)
184,2024SIR0008572,ERO Philadelphia
184,2024SIR0008572,Moshannon Valley Processing Center (MVPC)
185,2024SIR0008612,ERO Boston
185,2024SIR0008612,ERO San Antonio
185,2024SIR0008612,South Texas ICE Processing Center (STIPC)
186,2024SIR0008632,ERO Dallas
186,2024SIR0008632,Prairieland Detention Center (PDC)
187,2024SIR0008623,ERO Miami
187,2024SIR0008623,Krome Service Processing Center (KSPC)
187,2024SIR0008623,ICE Health Service Corps (IHSC)
188,2024SIR0008616,ERO Miami
188,2024SIR0008616,Krome Service Processing Center (KSPC)
188,2024SIR0008616,ICE Health Service Corps (IHSC)
189,2024SIR0008617,ERO Miami
189,2024SIR0008617,Krome Service Processing Center (KSPC)
189,2024SIR0008617,ICE Health Service Corps (IHSC)
190,2024SIR0008619,ERO Miami
190,2024SIR0008619,Krome Service Processing Center (KSPC)
190,2024SIR0008619,ICE Health Service Corps (IHSC)
191,2024SIR0008621,ERO Miami
191,2024SIR0008621,Krome Service Processing Center (KSPC)
191,2024SIR0008621,ICE Health Service Corps (IHSC)
192,2024SIR0008627,ERO Miami
192,2024SIR0008627,Krome Service Processing Center (KSPC)
192,2024SIR0008627,ICE Health Service Corps (IHSC)
193,2024SIR0008626,ERO Miami
193,2024SIR0008626,Krome Service Processing Center (KSPC)
193,2024SIR0008626,ICE Health Service Corps (IHSC)
194,2024SIR0008631,ERO Miami
194,2024SIR0008631,Krome Service Processing Center (KSPC)
194,2024SIR0008631,ICE Health Service Corps (IHSC)
195,2024SIR0008628,ERO San Diego
195,2024SIR0008628,Imperial Regional Detention (ICSO)
196,2024SIR0008637,ERO Boston
196,2024SIR0008637,ERO Harlingen
196,2024SIR0008637,South Texas ICE Processing Center (STIPC)
197,2024SIR0008649,ERO Washington D.C.
197,2024SIR0008649,Immigration Centers of America (ICA)
198,2024SIR0008710,ERO El Paso
198,2024SIR0008710,ICE Health Service Corps (IHSC)
198,2024SIR0008710,El Paso Processing Center (EPC)
199,2024SIR0008775,ERO Phoenix
199,2024SIR0008775,ERO Miami
199,2024SIR0008775,Florence Detention Center (FDC)
200,2024SIR0008847,ERO El Paso
200,2024SIR0008847,Cibola County Correctional Center (CCCC)
201,2024SIR0008824,ERO Miami
201,2024SIR0008824,Krome Service Processing Center (KSPC)
202,2024SIR0008822,ERO Miami
202,2024SIR0008822,Krome Service Processing Center (KSPC)
202,2024SIR0008822,ICE Health Service Corps (IHSC)
203,2024SIR0008831,ERO Miami
203,2024SIR0008831,Krome Service Processing Center (KSPC)
203,2024SIR0008831,ICE Health Service Corps (IHSC)
204,2024SIR0008869,ERO Miami
204,2024SIR0008869,Krome Service Processing Center (KSPC)
204,2024SIR0008869,ICE Health Service Corps (IHSC)
205,2024SIR0008936,ERO El Paso
205,2024SIR0008936,Otero County Processing Center (OCPC)
206,2024SIR0008966,ERO El Paso
206,2024SIR0008966,El Paso Processing Center (EPC)
206,2024SIR0008966,ICE Health Service Corps (IHSC)
207,2024SIR0008968,ERO El Paso
207,2024SIR0008968,El Paso Processing Center (EPC)
207,2024SIR0008968,ICE Health Service Corps (IHSC)
208,2024SIR0008834,ERO Philadelphia
208,2024SIR0008834,Moshannon Valley Processing Center (MVPC)
209,2024SIR0008982,ERO Philadelphia
209,2024SIR0008982,Moshannon Valley Processing Center (MVPC)
210,2024SIR0009074,ERO Bakersfield
210,2024SIR0009074,ICE Office of the Principal Legal Advisor (OPLA)
210,2024SIR0009074,Golden State Annex (GSA)
211,2024SIR0009077,ERO Houston
211,2024SIR0009077,ICE Health Service Corps (IHSC)
211,2024SIR0009077,Montgomery Processing Center (MPC)
212,2024SIR0009067,ERO Miami
212,2024SIR0009067,ICE Health Service Corps (IHSC)
212,2024SIR0009067,Krome Service Processing Center (KSPC)
213,2024SIR0009116,ERO Chicago
213,2024SIR0009116,ICE Health Service Corps (IHSC)
213,2024SIR0009116,Kay County Detention Center (KCDC)
214,2024SIR0009085,ERO Miami
214,2024SIR0009085,ICE Health Service Corps (IHSC)
214,2024SIR0009085,Krome Service Processing Center (KSPC)
215,2024SIR0009132,ERO San Antonio
215,2024SIR0009132,South Texas ICE Processing Center (STIPC)
215,2024SIR0009132,ICE Health Service Corps (IHSC)
216,2024SIR0009204/2024SIR0009220,ERO San Antonio
216,2024SIR0009204/2024SIR0009220,South Texas ICE Processing Center (STIPC)
216,2024SIR0009204/2024SIR0009220,ICE Health Service Corps (IHSC)
217,2024SIR0010608,ERO San Antonio
217,2024SIR0010608,T. Don Hutto Detention Center (TDHDC)
217,2024SIR0010608,ICE Health Service Corps (IHSC)
218,2024SIR0010694,ERO San Antonio
218,2024SIR0010694,South Texas ICE Processing Center (STIPC)
218,2024SIR0010694,ICE Health Service Corps (IHSC)
219,2024SIR0010684,ERO Washington D.C.
219,2024SIR0010684,Immigration Centers of America (ICA)
220,2024SIR0010733,ERO Atlanta
220,2024SIR0010733,Stewart Detention Center (SDC)
221,2024SIR0010780,ERO Miami
221,2024SIR0010780,Krome Service Processing Center (KSPC)
222,2024SIR0010769,ERO Miami
222,2024SIR0010769,ICE Health Service Corps (IHSC)
222,2024SIR0010769,Krome Service Processing Center (KSPC)
223,2024SIR0010758,ERO Miami
223,2024SIR0010758,Krome Service Processing Center (KSPC)
223,2024SIR0010758,ICE Health Service Corps (IHSC)
224,2024SIR0010785,ERO Miami
224,2024SIR0010785,ICE Health Service Corps (IHSC)
224,2024SIR0010785,Krome Service Processing Center (KSPC)
225,2024SIR0010845,ERO Miami
225,2024SIR0010845,ICE Health Service Corps (IHSC)
225,2024SIR0010845,Krome Service Processing Center (KSPC)
226,2024SIR0010900,ERO Philadelphia
226,2024SIR0010900,Moshannon Valley Processing Center (MVPC)
227,2024SIR0010914,ERO San Diego
227,2024SIR0010914,Otay Mesa Detention Center (OMDC)
228,2024SIR0010921,ERO Miami
228,2024SIR0010921,ICE Health Service Corps (IHSC)
228,2024SIR0010921,Krome Service Processing Center (KSPC)
228,2024SIR0010921,Dade Fire Rescue (MDFR)
228,2024SIR0010921,Florida Kendall Hospital (HCA-FKH)
229,2024SIR0010961,ERO San Antonio
229,2024SIR0010961,South Texas ICE Processing Center (STIPC)
229,2024SIR0010961,ICE Health Service Corps (IHSC)
230,2024SIR0011038,ERO Atlanta
230,2024SIR0011038,Stewart Detention Center (SDC)
231,2024SIR0010994,ERO Miami
231,2024SIR0010994,Krome Service Processing Center (KSPC)
231,2024SIR0010994,ICE Health Service Corps (IHSC)
232,2024SIR0011067,ERO Miami
232,2024SIR0011067,ICE Health Service Corps (IHSC)
232,2024SIR0011067,Krome Service Processing Center (KSPC)
233,2024SIR0011140,ERO Atlanta
233,2024SIR0011140,Stewart Detention Center (SDC)
234,2024SIR0011193,ERO Harlingen
234,2024SIR0011193,El Valle Detention Facility (EVDF)
235,2024SIR0011142,ERO Philadelphia
235,2024SIR0011142,Moshannon Valley Processing Center (MVPC)
236,2024SIR0011221,ERO Miami
236,2024SIR0011221,Baker County Detention Center (BCDC)
237,2024SIR0011232,ERO Miami
237,2024SIR0011232,ICE Health Service Corps (IHSC)
237,2024SIR0011232,Krome Service Processing Center (KSPC)
238,2024SIR0011196,ERO San Francisco
238,2024SIR0011196,Mesa Verde ICE Processing Center (MVIPC)
238,2024SIR0011196,ICE Health Service Corps (IHSC)
239,2024SIR0011308,ERO Harlingen
239,2024SIR0011308,Port Isabel Detention Center (PIDC)
240,2024SIR0011273,ERO Houston
240,2024SIR0011273,ICE Health Service Corps (IHSC)
240,2024SIR0011273,Montgomery Processing Center (MPC)
241,2024SIR0011390,ERO Harlingen
241,2024SIR0011390,El Valle Detention Facility (EVDF)
242,2024SIR0011407,ERO Philadelphia
242,2024SIR0011407,Moshannon Valley Processing Center (MVPC)
243,2024SIR0011460,ERO El Paso
243,2024SIR0011460,El Paso Processing Center (EPC)
243,2024SIR0011460,ICE Health Service Corps (IHSC)
244,2024SIR0011492,ERO Harlingen
244,2024SIR0011492,Port Isabel Detention Center (PIDC)
245,2024SIR0011516,ERO Seattle
245,2024SIR0011516,ICE Health Service Corps (IHSC)
245,2024SIR0011516,Northwest ICE Processing Center (NWPIC)
246,2024SIR0011635,ERO Houston
246,2024SIR0011635,IAH Secure Adult Detention Center (IAH)
247,2024SIR0011672,ERO Miami
247,2024SIR0011672,ICE Health Service Corps (IHSC)
247,2024SIR0011672,Krome Service Processing Center (KSPC)
248,2024SIR0011660,ERO San Antonio
248,2024SIR0011660,ICE Health Service Corps (IHSC)
248,2024SIR0011660,T. Don Hutto Detention Center (TDHDC)
249,2024SIR0011742,ERO Boston
249,2024SIR0011742,ERO Miami
249,2024SIR0011742,ICE Health Service Corps (IHSC)
249,2024SIR0011742,Krome Service Processing Center (KSPC)
250,2024SIR0011762,ERO Denver
250,2024SIR0011762,El Paso Behavioral Health System (EPBHS)
251,2024SIR0011784,ERO Houston
251,2024SIR0011784,ICE Health Service Corps (IHSC)
251,2024SIR0011784,Montgomery Processing Center (MPC)
252,2024SIR0011817,ERO Washington D.C.
252,2024SIR0011817,Immigration Centers of America (ICA)
253,2024SIR0013216,ERO San Diego
253,2024SIR0013216,Otay Mesa Detention Center (OMDC)
254,2024SIR0013341,ERO Detroit
254,2024SIR0013341,Calhoun County Jail (CCJ)
255,2024SIR0013306,ERO Miami
255,2024SIR0013306,Baker County Detention Center (BCDC)
256,2024SIR0013333,ERO New Orleans
256,2024SIR0013333,Winn Correctional Center (WCC)
257,2024SIR0013337,ERO San Antonio
257,2024SIR0013337,South Texas ICE Processing Center (STIPC)
257,2024SIR0013337,ICE Health Service Corps (IHSC)
258,2024SIR0013233,ERO San Antonio
258,2024SIR0013233,South Texas ICE Processing Center (STIPC)
258,2024SIR0013233,ICE Health Service Corps (IHSC)
258,2024SIR0013233,ICE Office of Professional Responsibility (OPR)
259,2024SIR0013281,ERO San Antonio
259,2024SIR0013281,T. Don Hutto Detention Center (TDHDC)
259,2024SIR0013281,ICE Health Service Corps (IHSC)
260,2024SIR0013369,ERO Phoenix
260,2024SIR0013369,Central Arizona Florence Correctional Complex (CAFCC)
261,2024SIR0013439,ERO Atlanta
261,2024SIR0013439,Folkston ICE Processing Center (FDRIPC)
261,2024SIR0013439,Southeast Georgia Health System- Camden Campus (SGCSCC)
262,2024SIR0013431,ERO San Antonio
262,2024SIR0013431,ICE Health Service Corps (IHSC)
262,2024SIR0013431,South Texas ICE Processing Center (STIPC)
263,2024SIR0013479,ERO San Francisco
263,2024SIR0013479,Mesa Verde ICE Processing Center (MVIPC)
263,2024SIR0013479,ICE Health Service Corps (IHSC)
264,2024SIR0013504,ERO Atlanta
264,2024SIR0013504,Folkston ICE Processing Center (FDRIPC)
265,2024SIR0013530,ERO Miami
265,2024SIR0013530,ICE Health Service Corps (IHSC)
265,2024SIR0013530,Krome Service Processing Center (KSPC)
266,2024SIR0013495,ERO New Orleans
266,2024SIR0013495,Pine Prairie ICE Processing Center (PPC)
267,2024SIR0013511,ERO New York
267,2024SIR0013511,ICE Office of the Principal Legal Advisor (OPLA)
267,2024SIR0013511,ICE Health Service Corps (IHSC)
267,2024SIR0013511,Orange County Jail (OCJ)
268,2024SIR0013467,ERO Washington D.C.
268,2024SIR0013467,Caroline Detention Facility (CDF)
269,2024SIR0013573,ERO Miami
269,2024SIR0013573,Krome Service Processing Center (KSPC)
269,2024SIR0013573,ICE Health Service Corps (IHSC)
270,2024SIR0013603,ERO Miami
270,2024SIR0013603,Krome Service Processing Center (KSPC)
270,2024SIR0013603,ICE Health Service Corps (IHSC)
271,2024SIR0013571,ERO New Orleans
271,2024SIR0013571,Winn Correctional Center (WCC)
272,2024SIR0013603,ERO Phoenix
272,2024SIR0013603,Eloy Detention Center (EDC)
272,2024SIR0013603,Eloy Police Department (EPD)
272,2024SIR0013603,ICE Health Service Corps (IHSC)
273,2024SIR0013760,ERO Harlingen
273,2024SIR0013760,ERO Laredo
273,2024SIR0013760,Laredo Processing Center (LPC)
274,2024SIR0013824,ERO Miami
274,2024SIR0013824,Krome Service Processing Center (KSPC)
274,2024SIR0013824,ICE Health Service Corps (IHSC)
275,2024SIR0013791,ERO Seattle
275,2024SIR0013791,ICE Health Service Corps (IHSC)
275,2024SIR0013791,Northwest ICE Processing Center (NWPIC)
276,2024SIR0013800,ERO St Paul
276,2024SIR0013800,Kandiyohi County Sheriff's Office (KCSO)
276,2024SIR0013800,Kandiyohi County Jail (KCJ)
277,2024SIR0013853,ERO Houston
277,2024SIR0013853,ICE Health Service Corps (IHSC)
277,2024SIR0013853,Montgomery Processing Center (MPC)
278,2024SIR0013866,ERO Miami
278,2024SIR0013866,ICE Health Service Corps (IHSC)
278,2024SIR0013866,Krome Service Processing Center (KSPC)
279,2024SIR0013845,ERO San Antonio
279,2024SIR0013845,T. Don Hutto Detention Center (TDHDC)
279,2024SIR0013845,ICE Health Service Corps (IHSC)
280,2024SIR0013887,ERO San Francisco
280,2024SIR0013887,Golden State Annex (GSA)
280,2024SIR0013887,ICE Health Service Corps (IHSC)
281,2024SIR0013865,ERO Seattle
281,2024SIR0013865,Northwest ICE Processing Center (NWPIC)
282,2024SIR0013928,ERO Harlingen
282,2024SIR0013928,El Valle Detention Facility (EVDF)
283,2024SIR0013956,ERO Miami
283,2024SIR0013956,Krome Service Processing Center (KSPC)
283,2024SIR0013956,ICE Health Service Corps (IHSC)
284,2024SIR0013945,ERO San Antonio
284,2024SIR0013945,South Texas ICE Processing Center (STIPC)
284,2024SIR0013945,ICE Health Service Corps (IHSC)
285,2024SIR0014012,ERO Miami
285,2024SIR0014012,Krome Service Processing Center (KSPC)
285,2024SIR0014012,ICE Health Service Corps (IHSC)
286,2024SIR0014028,ERO Philadelphia
286,2024SIR0014028,Moshannon Valley Processing Center (MVPC)
286,2024SIR0014028,ICE Office of Professional Responsibility (OPR)
287,2024SIR0013984,ERO San Antonio
287,2024SIR0013984,T. Don Hutto Detention Center (TDHDC)
287,2024SIR0013984,ICE Health Service Corps (IHSC)
288,2024SIR0014041,ERO Miami
288,2024SIR0014041,ICE Health Service Corps (IHSC)
288,2024SIR0014041,Krome Service Processing Center (KSPC)
289,2024SIR0014036,ERO San Antonio
289,2024SIR0014036,ICE Health Service Corps (IHSC)
289,2024SIR0014036,South Texas ICE Processing Center (STIPC)
290,2024SIR0014062,ERO Miami
290,2024SIR0014062,ICE Health Service Corps (IHSC)
290,2024SIR0014062,Krome Service Processing Center (KSPC)
291,2024SIR0014101,ERO Houston
291,2024SIR0014101,ICE Health Service Corps (IHSC)
291,2024SIR0014101,Montgomery Processing Center (MPC)
292,2024SIR0014072,ERO Miami
292,2024SIR0014072,ICE Health Service Corps (IHSC)
292,2024SIR0014072,Krome Service Processing Center (KSPC)
293,2024SIR0014090,ERO Phoenix
293,2024SIR0014090,ICE Health Service Corps (IHSC)
293,2024SIR0014090,Eloy Detention Center (EDC)
294,2024SIR0014173,ERO Miami
294,2024SIR0014173,Krome Service Processing Center (KSPC)
294,2024SIR0014173,Broward Transitional Center (BTC)
295,2024SIR0014165,ERO Miami
295,2024SIR0014165,Baker County Detention Center (BCDC)
296,2024SIR0014137,ERO Seattle
296,2024SIR0014137,Northwest ICE Processing Center (NWPIC)
297,2024SIR0014210,ERO San Antonio
297,2024SIR0014210,South Texas ICE Processing Center (STIPC)
297,2024SIR0014210,ICE Health Service Corps (IHSC)
298,2024SIR0014312,ERO El Paso
298,2024SIR0014312,ERO Albuquerque
298,2024SIR0014312,Cibola County Correctional Center (CCCC)
298,2024SIR0014312,Torrance County Detention Facility (TCDF)
299,2024SIR0014278,ERO San Antonio
299,2024SIR0014278,South Texas ICE Processing Center (STIPC)
299,2024SIR0014278,ICE Health Service Corps (IHSC)
300,2024SIR0014356,ERO San Antonio
300,2024SIR0014356,South Texas ICE Processing Center (STIPC)
300,2024SIR0014356,ICE Health Service Corps (IHSC)
301,2024SIR0014322,ERO San Antonio
301,2024SIR0014322,South Texas ICE Processing Center (STIPC)
301,2024SIR0014322,ICE Health Service Corps (IHSC)
302,2024SIR0014387,ERO Harlingen
302,2024SIR0014387,El Valle Detention Facility (EVDF)
303,2024SIR0014386,ERO Philadelphia
303,2024SIR0014386,Moshannon Valley Processing Center (MVPC)
304,2024SIR0014460,ERO Atlanta
304,2024SIR0014460,Stewart Detention Center (SDC)
305,2024SIR0014448,ERO Harlingen
305,2024SIR0014448,El Valle Detention Facility (EVDF)
306,2024SIR0014450,ERO Philadelphia
306,2024SIR0014450,Moshannon Valley Processing Center (MVPC)
307,2024SIR0014466,ERO Seattle
307,2024SIR0014466,Northwest ICE Processing Center (NWPIC)
307,2024SIR0014466,ICE Health Service Corps (IHSC)
308,2024SIR0014519,ERO El Paso
308,2024SIR0014519,El Paso Processing Center (EPC)
308,2024SIR0014519,ICE Health Service Corps (IHSC)
309,2024SIR0014510,ERO Harlingen
309,2024SIR0014510,El Valle Detention Facility (EVDF)
310,2024SIR0014488,ERO Seattle
310,2024SIR0014488,ERO Tacoma
310,2024SIR0014488,ICE Health Service Corps (IHSC)
310,2024SIR0014488,Northwest ICE Processing Center (NWPIC)
311,2024SIR0014584,ERO Philadelphia
311,2024SIR0014584,Moshannon Valley Processing Center (MVPC)
311,2024SIR0014584,ICE Office of Professional Responsibility (OPR)
312,2024SIR0014586,ERO Philadelphia
312,2024SIR0014586,Moshannon Valley Processing Center (MVPC)
312,2024SIR0014586,ICE Office of Professional Responsibility (OPR)
313,2024SIR0014645,ERO Seattle
313,2024SIR0014645,ICE Health Service Corps (IHSC)
313,2024SIR0014645,Northwest ICE Processing Center (NWPIC)
314,2024SIR0014664,ERO Philadelphia
314,2024SIR0014664,Moshannon Valley Processing Center (MVPC)
314,2024SIR0014664,ICE Office of Professional Responsibility (OPR)
315,2024SIR0014727,ERO Philadelphia
315,2024SIR0014727,Moshannon Valley Processing Center (MVPC)
316,2024SIR0014744,ERO Seattle
316,2024SIR0014744,Northwest ICE Processing Center (NWPIC)
316,2024SIR0014744,ICE Health Service Corps (IHSC)
317,2024SIR0014776,ERO Miami
317,2024SIR0014776,ICE Health Service Corps (IHSC)
317,2024SIR0014776,Krome Service Processing Center (KSPC)
317,2024SIR0014776,Broward Transitional Center (BTC)
318,2024SIR0014792,ERO San Antonio
318,2024SIR0014792,ICE Health Service Corps (IHSC)
318,2024SIR0014792,South Texas ICE Processing Center (STIPC)
319,2024SIR0014877,ERO San Antonio
319,2024SIR0014877,ICE Health Service Corps (IHSC)
319,2024SIR0014877,South Texas ICE Processing Center (STIPC)
320,2024SIR0014874,ERO San Diego
320,2024SIR0014874,Otay Mesa Detention Center (OMDC)
321,2024SIR0014888,ERO Miami
321,2024SIR0014888,Krome Service Processing Center (KSPC)
321,2024SIR0014888,ICE Health Service Corps (IHSC)
322,2024SIR0014893,ERO Philadelphia
322,2024SIR0014893,Moshannon Valley Processing Center (MVPC)
322,2024SIR0014893,ICE Office of Professional Responsibility (OPR)
323,2024SIR0014914,ERO Washington D.C.
323,2024SIR0014914,Farmville Detention Center (FDC)
323,2024SIR0014914,ICE Office of Professional Responsibility (OPR)
324,2024SIR0015028/2024SIR005032,ERO Boston
324,2024SIR0015028/2024SIR005032,Plymouth County Correctional Facility (PCCF)
325,2024SIR0015053,ERO Miami
325,2024SIR0015053,ICE Health Service Corps (IHSC)
325,2024SIR0015053,Krome Service Processing Center (KSPC)
326,2024SIR0015092,ERO El Paso
326,2024SIR0015092,ICE Health Service Corps (IHSC)
326,2024SIR0015092,El Paso Processing Center (EPC)
327,2024SIR0015091,ERO Harlingen
327,2024SIR0015091,Valley Baptist Medical Center (VBMC)
328,2024SIR0015096,ERO Miami
328,2024SIR0015096,ICE Health Service Corps (IHSC)
328,2024SIR0015096,Krome Service Processing Center (KSPC)
329,2024SIR0015104,ERO Miami
329,2024SIR0015104,Krome Service Processing Center (KSPC)
329,2024SIR0015104,ICE Health Service Corps (IHSC)
330,2024SIR0015159,ERO El Paso
330,2024SIR0015159,ICE Office of Professional Responsibility (OPR)
330,2024SIR0015159,ICE Health Service Corps (IHSC)
330,2024SIR0015159,El Paso Processing Center (EPC)
331,2024SIR0015155,ERO El Paso
331,2024SIR0015155,ICE Office of Professional Responsibility (OPR)
331,2024SIR0015155,ICE Health Service Corps (IHSC)
331,2024SIR0015155,El Paso Processing Center (EPC)
332,2024SIR0015148,ERO Harlingen
332,2024SIR0015148,Valley Baptist Medical Center (VBMC)
333,2024SIR0015216,ERO Harlingen
333,2024SIR0015216,Valley Baptist Medical Center (VBMC)
334,2024SIR0015213,ERO San Antonio
334,2024SIR0015213,ICE Health Service Corps (IHSC)
334,2024SIR0015213,South Texas ICE Processing Center (STIPC)
335,2024SIR0015250,ERO Atlanta
335,2024SIR0015250,Stewart Detention Center (SDC)
336,2024SIR0015270,ERO Philadelphia
336,2024SIR0015270,Moshannon Valley Processing Center (MVPC)
336,2024SIR0015270,ICE Office of Professional Responsibility (OPR)
337,2024SIR0015387,ERO Dallas
337,2024SIR0015387,Prairieland Detention Center (PDC)
338,2024SIR0015379,ERO Philadelphia
338,2024SIR0015379,Pike County Correctional Facility (PCCF)
339,2024SIR0015413,ERO Buffalo
339,2024SIR0015413,ICE Health Service Corps (IHSC)
339,2024SIR0015413,Buffalo Federal Detention Facility (BFDF)
340,2024SIR0015400,ERO San Diego
340,2024SIR0015400,Otay Mesa Detention Center (OMDC)
341,2024SIR0015399,ERO San Francisco
341,2024SIR0015399,ICE Health Service Corps (IHSC)
341,2024SIR0015399,Golden State Annex (GSA)
342,2024SIR0015432,ERO Philadelphia
342,2024SIR0015432,Moshannon Valley Processing Center (MVPC)
343,2024SIR0015463,ERO Philadelphia
343,2024SIR0015463,Moshannon Valley Processing Center (MVPC)
343,2024SIR0015463,ICE Office of Professional Responsibility (OPR)
344,2024SIR0017195,ERO New Orleans
344,2024SIR0017195,River Correctional Center (RCC)
345,2024SIR0017268,ERO Miami
345,2024SIR0017268,Krome Service Processing Center (KSPC)
345,2024SIR0017268,ICE Health Service Corps (IHSC)
346,2024SIR0017330,ERO Miami
346,2024SIR0017330,Krome Service Processing Center (KSPC)
346,2024SIR0017330,ICE Health Service Corps (IHSC)
347,2024SIR0017340,ERO San Antonio
347,2024SIR0017340,ICE Health Service Corps (IHSC)
347,2024SIR0017340,T. Don Hutto Detention Center (TDHDC)
348,2024SIR0017374,ERO Harlingen
348,2024SIR0017374,El Valle Detention Facility (EVDF)
349,2024SIR0017379,ERO Miami
349,2024SIR0017379,Collier County Sheriff's Office (CCSO)
349,2024SIR0017379,Collier County Jail (CCJ)
350,2025SIR0000030,ERO Atlanta
350,2025SIR0000030,Folkston ICE Processing Center (FDRIPC)
350,2025SIR0000030,ICE Health Service Corps (IHSC)
351,2025SIR0000129,ERO El Paso
351,2025SIR0000129,ICE Health Service Corps (IHSC)
351,2025SIR0000129,El Paso Processing Center (EPC)
352,2025SIR0000102,ERO Miami
352,2025SIR0000102,Krome Service Processing Center (KSPC)
352,2025SIR0000102,ICE Health Service Corps (IHSC)
353,2025SIR0000053,ERO New Orleans
353,2025SIR0000053,ICE Health Service Corps (IHSC)
353,2025SIR0000053,Central Louisiana ICE Correctional Center (CLIPC)
353,2025SIR0000053,ICE Office of Professional Responsibility (OPR)
354,2025SIR0000094,ERO Philadelphia
354,2025SIR0000094,Pike County Correctional Facility (PCCF)
355,2025SIR0000128,ERO San Diego
355,2025SIR0000128,Otay Mesa Detention Center (OMDC)
356,2025SIR0000164,ERO Atlanta
356,2025SIR0000164,Stewart Detention Center (SDC)
357,2025SIR00000207,ERO Chicago
357,2025SIR00000207,South Texas ICE Processing Center (STIPC)
357,2025SIR00000207,ICE Health Service Corps (IHSC)
358,2025SIR0000140,ERO Miami
358,2025SIR0000140,Baker County Detention Center (BCDC)
359,2024SIR0017269,ERO San Antonio
359,2024SIR0017269,ICE Health Service Corps (IHSC)
359,2024SIR0017269,T. Don Hutto Detention Center (TDHDC)
360,2025SIRO000290,ERO Boston
360,2025SIRO000290,ICE Health Service Corps (IHSC)
360,2025SIRO000290,Krome Service Processing Center (KSPC)
361,2025SIR0000291,ERO Phoenix
361,2025SIR0000291,Central Arizona Florence Correctional Complex (CAFCC)
362,2025SIR0000294,ERO Phoenix
362,2025SIR0000294,Central Arizona Florence Correctional Complex (CAFCC)
363,2025SIR0000336,ERO Philadelphia
363,2025SIR0000336,Moshannon Valley Processing Center (MVPC)
364,2025SIR0000320,ERO Richmond
364,2025SIR0000320,Caroline Detention Facility (CDF)
365,2025SIR0000379,ERO El Paso
365,2025SIR0000379,ICE Health Service Corps (IHSC)
365,2025SIR0000379,El Paso Processing Center (EPC)
366,2025SIR0000365,ERO Philadelphia
366,2025SIR0000365,Moshannon Valley Processing Center (MVPC)
366,2025SIR0000365,ICE Office of Professional Responsibility (OPR)
367,2025SIR0000394,ERO Seattle
367,2025SIR0000394,Northwest ICE Processing Center (NWPIC)
367,2025SIR0000394,ICE Health Service Corps (IHSC)
368,2025SIR0000443,ERO Philadelphia
368,2025SIR0000443,Pike County Correctional Facility (PCCF)
368,2025SIR0000443,ICE Office of Professional Responsibility (OPR)
369,2025SIR0000471,ERO Dallas
369,2025SIR0000471,Prairieland Detention Center (PDC)
370,2025SIRO000496,ERO Philadelphia
370,2025SIRO000496,Moshannon Valley Processing Center (MVPC)
370,2025SIRO000496,ICE Office of Professional Responsibility (OPR)
371,2025SIR0000575,ERO Philadelphia
371,2025SIR0000575,Moshannon Valley Processing Center (MVPC)
371,2025SIR0000575,ICE Office of Professional Responsibility (OPR)
372,2025SIR0000654,ERO Philadelphia
372,2025SIR0000654,Moshannon Valley Processing Center (MVPC)
373,2025SIR0000648,ERO Phoenix
373,2025SIR0000648,Central Arizona Florence Correctional Complex (CAFCC)
374,2025SIR0000676,ERO Miami
374,2025SIR0000676,Krome Service Processing Center (KSPC)
374,2025SIR0000676,ICE Health Service Corps (IHSC)
375,2025SIR0000672,ERO New Orleans
375,2025SIR0000672,ICE Health Service Corps (IHSC)
375,2025SIR0000672,Central Louisiana ICE Correctional Center (CLIPC)
376,2025SIR0000667,ERO Philadelphia
376,2025SIR0000667,Moshannon Valley Processing Center (MVPC)
376,2025SIR0000667,ICE Office of Professional Responsibility (OPR)
377,2025SIR0000674,ERO Miami
377,2025SIR0000674,Baker County Detention Center (BCDC)
378,2025SIR0000778,ERO Detroit
378,2025SIR0000778,ICE Health Service Corps (IHSC)
378,2025SIR0000778,Monroe County Jail (MCJ)
379,2025SIR0000765,ERO El Paso
379,2025SIR0000765,ICE Health Service Corps (IHSC)
379,2025SIR0000765,El Paso Processing Center (EPC)
380,2025SIR0000732,ERO Miami
380,2025SIR0000732,Baker County Detention Center (BCDC)
381,2025SIR0000727,ERO San Antonio
381,2025SIR0000727,ICE Health Service Corps (IHSC)
381,2025SIR0000727,T. Don Hutto Detention Center (TDHDC)
382,2025SIR0000779,ERO San Antonio
382,2025SIR0000779,ICE Health Service Corps (IHSC)
382,2025SIR0000779,South Texas ICE Processing Center (STIPC)
383,2025SIR0000790,ERO Dallas
383,2025SIR0000790,Bluebonnet Detention Center (BBDC)
384,2025SIR0000820,ERO El Paso
384,2025SIR0000820,Otero County Processing Center (OCPC)
385,2025SIR0000802,ERO Miami
385,2025SIR0000802,Krome Service Processing Center (KSPC)
385,2025SIR0000802,ICE Health Service Corps (IHSC)
386,2025SIR0000824,ERO San Antonio
386,2025SIR0000824,ICE Health Service Corps (IHSC)
386,2025SIR0000824,T. Don Hutto Detention Center (TDHDC)
387,2025SIR0000833,ERO San Antonio
387,2025SIR0000833,T. Don Hutto Detention Center (TDHDC)
387,2025SIR0000833,ICE Health Service Corps (IHSC)
388,2025SIR0000878,ERO El Paso
388,2025SIR0000878,ICE Health Service Corps (IHSC)
388,2025SIR0000878,El Paso Processing Center (EPC)
388,2025SIR0000878,Facility Cleaning Crew (FCC)
389,2025SIR0000887,ERO Miami
389,2025SIR0000887,Krome Service Processing Center (KSPC)
389,2025SIR0000887,ICE Health Service Corps (IHSC)
390,2025SIR0000829,ERO Philadelphia
390,2025SIR0000829,Moshannon Valley Processing Center (MVPC)
391,2025SIR0000936,ERO Los Angeles
391,2025SIR0000936,Desert View Facility (DVF)
392,2025SIR0000952,ERO Philadelphia
392,2025SIR0000952,Pike County Correctional Facility (PCCF)
393,2025SIR0000943,ERO Dallas
393,2025SIR0000943,Bluebonnet Detention Center (BBDC)
394,2025SIR0000998,ERO Philadelphia
394,2025SIR0000998,Moshannon Valley Processing Center (MVPC)
395,2025SIR0001129,ERO Boston
395,2025SIR0001129,ERO New Orleans
395,2025SIR0001129,Pine Prairie ICE Processing Center (PPC)
396,2025SIR0001095,ERO Harlingen
396,2025SIR0001095,El Valle Detention Facility (EVDF)
397,2025SIR0001220,ERO Atlanta
397,2025SIR0001220,Stewart Detention Center (SDC)
398,2025SIR0001222,ERO Atlanta
398,2025SIR0001222,Stewart Detention Center (SDC)
399,2025SIR0001258,ERO Miami
399,2025SIR0001258,ICE Health Service Corps (IHSC)
399,2025SIR0001258,Krome Service Processing Center (KSPC)
400,2025SIR0001238,ERO New Orleans
400,2025SIR0001238,Central Louisiana ICE Correctional Center (CLIPC)
401,2025SIR0001237,ERO San Antonio
401,2025SIR0001237,ICE Health Service Corps (IHSC)
401,2025SIR0001237,South Texas ICE Processing Center (STIPC)
402,2025SIR0001260,ERO Seattle
402,2025SIR0001260,ICE Health Service Corps (IHSC)
402,2025SIR0001260,Northwest ICE Processing Center (NWPIC)
403,2025SIR0001275,ERO San Antonio
403,2025SIR0001275,T. Don Hutto Detention Center (TDHDC)
403,2025SIR0001275,ICE Health Service Corps (IHSC)
404,2025SIR0001276,ERO San Antonio
404,2025SIR0001276,T. Don Hutto Detention Center (TDHDC)
404,2025SIR0001276,ICE Health Service Corps (IHSC)
405,2025SIR0001297,ERO Boston
405,2025SIR0001297,ERO Miami
405,2025SIR0001297,ICE Health Service Corps (IHSC)
405,2025SIR0001297,Krome Service Processing Center (KSPC)
406,2025SIR0001326,ERO San Antonio
406,2025SIR0001326,T. Don Hutto Detention Center (TDHDC)
406,2025SIR0001326,ICE Health Service Corps (IHSC)
407,2025SIR0001560,ERO Phoenix
407,2025SIR0001560,ICE Health Service Corps (IHSC)
407,2025SIR0001560,Eloy Detention Center (EDC)
408,2025SIR0001631,ERO Philadelphia
408,2025SIR0001631,Clinton County Correctional Facility (CCCF)
408,2025SIR0001631,University of Pittsburgh Medical Center (UPMC)
409,2025SIR0001639,ERO New Orleans
409,2025SIR0001639,Winn Correctional Center (WCC)
410,2025SIR0001647,ERO New Orleans
410,2025SIR0001647,ICE Health Service Corps (IHSC)
410,2025SIR0001647,River Correctional Center (RCC)
411,2025SIR0001682,ERO Harlingen
411,2025SIR0001682,Port Isabel Detention Center (PIDC)
412,2025SIR0001677,ERO Miami
412,2025SIR0001677,ICE Health Service Corps (IHSC)
412,2025SIR0001677,Krome Service Processing Center (KSPC)
413,2025SIR0001665,ERO San Antonio
413,2025SIR0001665,ICE Health Service Corps (IHSC)
413,2025SIR0001665,T. Don Hutto Detention Center (TDHDC)
414,2025SIR0001733,ERO El Paso
414,2025SIR0001733,ICE Health Service Corps (IHSC)
414,2025SIR0001733,El Paso Processing Center (EPC)
415,2025SIR0001738,ERO Houston
415,2025SIR0001738,ICE Health Service Corps (IHSC)
415,2025SIR0001738,Joe Corley Processing Center (JCPC)
416,2025SIR0001729,ERO Miami
416,2025SIR0001729,ICE Health Service Corps (IHSC)
416,2025SIR0001729,Krome Service Processing Center (KSPC)
417,2025SIR0001784,ERO Harlingen
417,2025SIR0001784,El Valle Detention Facility (EVDF)
418,2025SIR0001753,ERO Houston
418,2025SIR0001753,Montgomery Processing Center (MPC)
418,2025SIR0001753,ICE Health Service Corps (IHSC)
419,2025SIR0001749,ERO San Antonio
419,2025SIR0001749,ICE Health Service Corps (IHSC)
419,2025SIR0001749,T. Don Hutto Detention Center (TDHDC)
420,2025SIR0001833,ERO New Orleans
420,2025SIR0001833,Winn Correctional Center (WCC)
420,2025SIR0001833,NA
421,2025SIR0001816,ERO St Paul
421,2025SIR0001816,Sherburne County Jail (SCJ)
421,2025SIR0001816,ICE Health Service Corps (IHSC)
422,2025SIR0001867,ERO Harlingen
422,2025SIR0001867,Port Isabel Detention Center (PIDC)
423,2025STR0001867,ERO Harlingen
423,2025STR0001867,Port Isabel Detention Center (PIDC)
424,2025SIR0001850,ERO Miami
424,2025SIR0001850,Broward Transitional Center (BTC)
425,2025SIR0001968,ERO El Paso
425,2025SIR0001968,ICE Health Service Corps (IHSC)
425,2025SIR0001968,Otero County Processing Center (OCPC)
426,2025SIR0001949,ERO Miami
426,2025SIR0001949,Baker County Detention Center (BCDC)
427,2025SIR0001946,ERO San Antonio
427,2025SIR0001946,T. Don Hutto Detention Center (TDHDC)
427,2025SIR0001946,ICE Health Service Corps (IHSC)
428,2024SIR0015619,ERO Miami
428,2024SIR0015619,ICE Health Service Corps (IHSC)
428,2024SIR0015619,Krome Service Processing Center (KSPC)
429,2024SIR0015664,ERO San Antonio
429,2024SIR0015664,ICE Health Service Corps (IHSC)
429,2024SIR0015664,T. Don Hutto Detention Center (TDHDC)
430,2024SIR0015728,ERO San Diego
430,2024SIR0015728,Otay Mesa Detention Center (OMDC)
431,2024SIR0015761,ERO Philadelphia
431,2024SIR0015761,Moshannon Valley Processing Center (MVPC)
431,2024SIR0015761,ICE Office of Professional Responsibility (OPR)
432,2024SIR0015852,ERO Atlanta
432,2024SIR0015852,Stewart Detention Center (SDC)
433,2024SIR0015870,ERO Miami
433,2024SIR0015870,Krome Service Processing Center (KSPC)
433,2024SIR0015870,ICE Health Service Corps (IHSC)
434,2024SIR0015915,ERO San Antonio
434,2024SIR0015915,Karmes County Immigration Processing Center (KCIPC)
434,2024SIR0015915,South Texas ICE Processing Center (STIPC)
435,2024SIR0016091,ERO Buffalo
435,2024SIR0016091,ICE Health Service Corps (IHSC)
435,2024SIR0016091,Buffalo Federal Detention Facility (BFDF)
436,2024SIR0016124,ERO Atlanta
436,2024SIR0016124,Stewart Detention Center (SDC)
437,2024SIR0016107,ERO San Antonio
437,2024SIR0016107,ICE Health Service Corps (IHSC)
437,2024SIR0016107,T. Don Hutto Detention Center (TDHDC)
438,2024SIR0016155,ERO Washington
438,2024SIR0016155,ICE Health Service Corps (IHSC)
438,2024SIR0016155,Farmville Detention Center (FDC)
439,2024SIR0016195,ERO Philadelphia
439,2024SIR0016195,Moshannon Valley Processing Center (MVPC)
439,2024SIR0016195,ICE Office of Professional Responsibility (OPR)
440,2024SIR0016288,ERO Denver
440,2024SIR0016288,Denver Contract Detention Facility (DCDF)
440,2024SIR0016288,ICE Office of Professional Responsibility (OPR)
441,2024SIR0016252,ERO Phoenix
441,2024SIR0016252,Central Arizona Florence Correctional Complex (CAFCC)
442,2024SIR0016285,ERO San Antonio
442,2024SIR0016285,South Texas ICE Processing Center (STIPC)
442,2024SIR0016285,ICE Health Service Corps (IHSC)
443,2024SIR0016329,ERO San Diego
443,2024SIR0016329,San Luis Regional Detention Center (SLRDC)
443,2024SIR0016329,Special Operations Response Team (SORT)
444,2024SIR0016345,ERO Miami
444,2024SIR0016345,ICE Health Service Corps (IHSC)
444,2024SIR0016345,Krome Service Processing Center (KSPC)
445,2024SIR0016365,ERO Miami
445,2024SIR0016365,ICE Health Service Corps (IHSC)
445,2024SIR0016365,Broward Transitional Center (BTC)
446,2024SIR0016434,ERO Atlanta
446,2024SIR0016434,Stewart Detention Center (SDC)
447,2024SIR0016397,ERO Detroit
447,2024SIR0016397,ICE Office of Professional Responsibility (OPR)
447,2024SIR0016397,St. Clair County Jail (SCCJ)
448,2024SIR0016461,ERO Harlingen
448,2024SIR0016461,ERO New Orleans
448,2024SIR0016461,El Valle Detention Facility (EVDF)
449,2024SIR0016487,ERO Philadelphia
449,2024SIR0016487,Moshannon Valley Processing Center (MVPC)
450,2024SIR0016652,ERO Houston
450,2024SIR0016652,Montgomery Processing Center (MPC)
450,2024SIR0016652,ICE Health Service Corps (IHSC)
451,2024SIR0016657,ERO Philadelphia
451,2024SIR0016657,Moshannon Valley Processing Center (MVPC)
452,2024SIR0016663,ERO San Antonio
452,2024SIR0016663,South Texas ICE Processing Center (STIPC)
452,2024SIR0016663,ICE Health Service Corps (IHSC)
453,2024SIR0016673,ERO Harlingen
453,2024SIR0016673,El Valle Detention Facility (EVDF)
454,2024SIR0016678,ERO Houston
454,2024SIR0016678,Joe Corley Processing Center (JCPC)
455,2024SIR0016685,ERO Houston
455,2024SIR0016685,ICE Health Service Corps (IHSC)
455,2024SIR0016685,Montgomery Processing Center (MPC)
456,2024SIR0016686,ERO Miami
456,2024SIR0016686,ICE Health Service Corps (IHSC)
456,2024SIR0016686,Krome Service Processing Center (KSPC)
457,2024SIR0016731,ERO Atlanta
457,2024SIR0016731,Stewart Detention Center (SDC)
458,2024SIR0016735,ERO Buffalo
458,2024SIR0016735,Buffalo Federal Detention Facility (BFDF)
458,2024SIR0016735,ICE Health Service Corps (IHSC)
459,2024SIR0016773,ERO Harlingen
459,2024SIR0016773,El Valle Detention Facility (EVDF)
460,2024SIR0016720,ERO Philadelphia
460,2024SIR0016720,Moshannon Valley Processing Center (MVPC)
460,2024SIR0016720,ICE Office of Professional Responsibility (OPR)
461,2024SIR0016747,ERO St Paul
461,2024SIR0016747,ERO Omaha
461,2024SIR0016747,Polk County Jail (PCJ)
462,2024SIR0016810,ERO Detroit
462,2024SIR0016810,Seneca County Jail (SCJ)
463,2024SIR0016787,ERO Philadelphia
463,2024SIR0016787,Moshannon Valley Processing Center (MVPC)
463,2024SIR0016787,ICE Office of Professional Responsibility (OPR)
464,2024SIR0016857,ERO Philadelphia
464,2024SIR0016857,Moshannon Valley Processing Center (MVPC)
464,2024SIR0016857,ICE Office of Professional Responsibility (OPR)
465,2024SIR0016957,ERO San Antonio
465,2024SIR0016957,T. Don Hutto Detention Center (TDHDC)
465,2024SIR0016957,ICE Health Service Corps (IHSC)
466,2024SIR0016975,ERO El Paso
466,2024SIR0016975,ICE Health Service Corps (IHSC)
466,2024SIR0016975,El Paso Processing Center (EPC)
467,2024SIR0016977,ERO El Paso
467,2024SIR0016977,Torrance County Detention Facility (TCDF)
468,2024SIR0017005,ERO Richmond
468,2024SIR0017005,ERO Washington D.C.
468,2024SIR0017005,Caroline Detention Facility (CDF)
468,2024SIR0017005,Spotsylvania Hospital (SH)
469,2024SIR0017074,ERO Miami
469,2024SIR0017074,Krome Service Processing Center (KSPC)
469,2024SIR0017074,ICE Health Service Corps (IHSC)
470,2024SIR0017056,ERO Miami
470,2024SIR0017056,Krome Service Processing Center (KSPC)
470,2024SIR0017056,ICE Health Service Corps (IHSC)
471,2025SIR0001978,ERO Buffalo
471,2025SIR0001978,ERO Champlain
471,2025SIR0001978,Buffalo Federal Detention Facility (BFDF)
471,2025SIR0001978,Clinton County Jail (CCJ)
472,2025SIR0001988,ERO El Paso
472,2025SIR0001988,ICE Health Service Corps (IHSC)
472,2025SIR0001988,El Paso Processing Center (EPC)
473,2025SIR0001985,ERO San Francisco
473,2025SIR0001985,Golden State Annex (GSA)
473,2025SIR0001985,ICE Health Service Corps (IHSC)
474,2025SIR0001992,ERO Miami
474,2025SIR0001992,ICE Health Service Corps (IHSC)
474,2025SIR0001992,Krome Service Processing Center (KSPC)
475,2025SIR0002007,ERO San Antonio
475,2025SIR0002007,T. Don Hutto Detention Center (TDHDC)
475,2025SIR0002007,ICE Health Service Corps (IHSC)
476,2025SIR0002050,ERO Miami
476,2025SIR0002050,ICE Health Service Corps (IHSC)
476,2025SIR0002050,Krome Service Processing Center (KSPC)
477,2025SIR0002079,ERO Phoenix
477,2025SIR0002079,Central Arizona Florence Correctional Complex (CAFCC)
478,2025SIR0002156,ERO New Orleans
478,2025SIR0002156,ICE Health Service Corps (IHSC)
478,2025SIR0002156,Winn Correctional Center (WCC)
479,2025SIR0002112,ERO San Antonio
479,2025SIR0002112,ICE Health Service Corps (IHSC)
479,2025SIR0002112,T. Don Hutto Detention Center (TDHDC)
480,2025SIR0002120,ERO Seattle
480,2025SIR0002120,ICE Health Service Corps (IHSC)
480,2025SIR0002120,Northwest ICE Processing Center (NWPIC)
481,2025SIR0002178,ERO Washington D.C.
481,2025SIR0002178,Farmville Detention Center (FDC)
481,2025SIR0002178,ICE Health Service Corps (IHSC)
482,2025SIR0002235,ERO Harlingen
482,2025SIR0002235,El Valle Detention Facility (EVDF)
483,2025SIR0002252,ERO Harlingen
483,2025SIR0002252,El Valle Detention Facility (EVDF)
484,2025SIR0002260,ERO Harlingen
484,2025SIR0002260,Hidalgo County Jail (HCJ)
485,2025SIR0002261,ERO Harlingen
485,2025SIR0002261,Port Isabel Detention Center (PIDC)
486,2025SIR0002309,ERO Houston
486,2025SIR0002309,ICE Health Service Corps (IHSC)
486,2025SIR0002309,Montgomery Processing Center (MPC)
487,2025SIR0002281,ERO Philadelphia
487,2025SIR0002281,Moshannon Valley Processing Center (MVPC)
488,2025SIR0002292,ERO Philadelphia
488,2025SIR0002292,Pike County Correctional Facility (PCCF)
489,2025SIR0002361,ERO Philadelphia
489,2025SIR0002361,Pike County Correctional Facility (PCCF)
490,2025SIR0002352,ERO Phoenix
490,2025SIR0002352,ICE Health Service Corps (IHSC)
490,2025SIR0002352,Eloy Detention Center (EDC)
491,2025SIR0002334,ERO San Antonio
491,2025SIR0002334,ICE Health Service Corps (IHSC)
491,2025SIR0002334,T. Don Hutto Detention Center (TDHDC)
492,2025SIR0002441,ERO Houston
492,2025SIR0002441,ICE Health Service Corps (IHSC)
492,2025SIR0002441,Montgomery Processing Center (MPC)
493,2025SIR0002387,ERO Philadelphia
493,2025SIR0002387,Moshannon Valley Processing Center (MVPC)
494,2025SIR0002506,ERO El Paso
494,2025SIR0002506,ICE Health Service Corps (IHSC)
494,2025SIR0002506,Torrance County Detention Facility (TCDF)
495,2025SIR0002475,ERO Los Angeles
495,2025SIR0002475,Santa Ana Sub Office
496,2025SIR0002519,ERO Miami
496,2025SIR0002519,Krome Service Processing Center (KSPC)
496,2025SIR0002519,ICE Health Service Corps (IHSC)
497,2025SIR0002483,ERO Seattle
497,2025SIR0002483,ICE Health Service Corps (IHSC)
497,2025SIR0002483,Northwest ICE Processing Center (NWPIC)
498,2025SIR0002620,ERO Detroit
498,2025SIR0002620,ICE Health Service Corps (IHSC)
498,2025SIR0002620,Calhoun County Jail (CCJ)
499,2025SIR0002618,ERO Miami
499,2025SIR0002618,Krome Service Processing Center (KSPC)
499,2025SIR0002618,ICE Health Service Corps (IHSC)
500,2025SIR0002622,ERO Miami
500,2025SIR0002622,ICE Health Service Corps (IHSC)
500,2025SIR0002622,Krome Service Processing Center (KSPC)
501,2025SIR0002617,ERO Philadelphia
501,2025SIR0002617,Moshannon Valley Processing Center (MVPC)
502,2025SIR0002624,ERO Miami
502,2025SIR0002624,ICE Health Service Corps (IHSC)
502,2025SIR0002624,Broward Transitional Center (BTC)
502,2025SIR0002624,Fort Lauderdale Behavioral Hospital (FBH)
503,2025SIR0002627,ERO Miami
503,2025SIR0002627,ICE Health Service Corps (IHSC)
503,2025SIR0002627,Krome Service Processing Center (KSPC)
504,2025SIR0002650,ERO Miami
504,2025SIR0002650,Krome Service Processing Center (KSPC)
504,2025SIR0002650,ICE Health Service Corps (IHSC)
505,2025SIR0002646,ERO Philadelphia
505,2025SIR0002646,Moshannon Valley Processing Center (MVPC)
506,2025SIR0002634,ERO San Antonio
506,2025SIR0002634,ICE Health Service Corps (IHSC)
506,2025SIR0002634,South Texas ICE Processing Center (STIPC)
507,2025SIR0002636,ERO San Antonio
507,2025SIR0002636,ICE Health Service Corps (IHSC)
507,2025SIR0002636,T. Don Hutto Detention Center (TDHDC)
508,2025SIR0002737,ERO New Orleans
508,2025SIR0002737,Winn Correctional Center (WCC)
508,2025SIR0002737,ICE Health Service Corps (IHSC)
509,2025SIR0002799,ERO El Paso
509,2025SIR0002799,ICE Health Service Corps (IHSC)
509,2025SIR0002799,El Paso Processing Center (EPC)
510,2025SIR0002800,ERO El Paso
510,2025SIR0002800,El Paso Processing Center (EPC)
510,2025SIR0002800,ICE Health Service Corps (IHSC)
511,2025SIR0002824,ERO El Paso
511,2025SIR0002824,ICE Health Service Corps (IHSC)
511,2025SIR0002824,El Paso Processing Center (EPC)
512,2025SIR0002859,ERO Los Angeles
512,2025SIR0002859,Desert View Facility (DVF)
513,2025SIR0002836,ERO Miami
513,2025SIR0002836,Baker County Detention Center (BCDC)
514,2025SIR0002875,ERO Miami
514,2025SIR0002875,ICE Health Service Corps (IHSC)
514,2025SIR0002875,Krome Service Processing Center (KSPC)
515,2025SIR0002902,ERO Harlingen
515,2025SIR0002902,El Valle Detention Facility (EVDF)
516,2025SIR0003023,ERO San Antonio
516,2025SIR0003023,ICE Health Service Corps (IHSC)
516,2025SIR0003023,South Texas ICE Processing Center (STIPC)
517,2025SIR0003063,ERO Seattle
517,2025SIR0003063,ICE Health Service Corps (IHSC)
517,2025SIR0003063,Northwest ICE Processing Center (NWPIC)
518,2025SIR0003082,ERO Houston
518,2025SIR0003082,ICE Health Service Corps (IHSC)
518,2025SIR0003082,Montgomery Processing Center (MPC)
518,2025SIR0003082,Conroe Police Department (CPD)
519,2025SIR0003137,ERO Houston
519,2025SIR0003137,Joe Corley Processing Center (JCPC)
520,2025SIR0003168,ERO Seattle
520,2025SIR0003168,ICE Health Service Corps (IHSC)
520,2025SIR0003168,Northwest ICE Processing Center (NWPIC)
521,2025SIR0003174,ERO Seattle
521,2025SIR0003174,ICE Health Service Corps (IHSC)
521,2025SIR0003174,Northwest ICE Processing Center (NWPIC)
522,2025SIR0003204,ERO Miami
522,2025SIR0003204,Baker County Detention Center (BCDC)
523,2025SIR0003213,ERO San Antonio
523,2025SIR0003213,T. Don Hutto Detention Center (TDHDC)
523,2025SIR0003213,ICE Health Service Corps (IHSC)
524,2025SIR0003234,ERO Miami
524,2025SIR0003234,ICE Health Service Corps (IHSC)
524,2025SIR0003234,Krome Service Processing Center (KSPC)
525,2025SIR0003353,ERO Houston
525,2025SIR0003353,ICE Health Service Corps (IHSC)
525,2025SIR0003353,Joe Corley Processing Center (JCPC)
526,2025SIR0003336,ERO Miami
526,2025SIR0003336,Krome Service Processing Center (KSPC)
526,2025SIR0003336,ICE Health Service Corps (IHSC)
527,2025SIR0003422,ERO Harlingen
527,2025SIR0003422,El Valle Detention Facility (EVDF)
528,2025SIR0003504,ERO New York
528,2025SIR0003504,ICE Health Service Corps (IHSC)
528,2025SIR0003504,Buffalo Federal Detention Facility (BFDF)
529,2025SIR0003505,ERO San Antonio
529,2025SIR0003505,ICE Health Service Corps (IHSC)
529,2025SIR0003505,South Texas ICE Processing Center (STIPC)
530,2025SIR0003430 / 2025SIR0003433 / 2025SIR0003445 / 2025SIR0003446 / 2025SIR0003447 / 2025SIR0003468,ERO Washington D.C.
530,2025SIR0003430 / 2025SIR0003433 / 2025SIR0003445 / 2025SIR0003446 / 2025SIR0003447 / 2025SIR0003468,Farmville Detention Center (FDC)
531,2025SIR0003566,ERO Seattle
531,2025SIR0003566,ICE Health Service Corps (IHSC)
531,2025SIR0003566,Northwest ICE Processing Center (NWPIC)
532,2025SIR0003580,ERO Houston
532,2025SIR0003580,ICE Health Service Corps (IHSC)
532,2025SIR0003580,Montgomery Processing Center (MPC)
533,2025SIR0003581,ERO San Antonio
533,2025SIR0003581,ICE Health Service Corps (IHSC)
533,2025SIR0003581,T. Don Hutto Detention Center (TDHDC)
534,2025SIR0003643,ERO Seattle
534,2025SIR0003643,ERO Tacoma
534,2025SIR0003643,ICE Health Service Corps (IHSC)
534,2025SIR0003643,Northwest ICE Processing Center (NWPIC)
535,2025SIR0003699,ERO El Paso
535,2025SIR0003699,ICE Health Service Corps (IHSC)
535,2025SIR0003699,Otero County Processing Center (OCPC)
535,2025SIR0003699,Del Sol Medical Center
536,2025SIR0003846,ERO New Orleans
536,2025SIR0003846,ICE Health Service Corps (IHSC)
536,2025SIR0003846,Oakdale Processing Center (OPC)
536,2025SIR0003846,River Correctional Center (RCC)
537,2025SIR0003842,ERO Seattle
537,2025SIR0003842,ICE Health Service Corps (IHSC)
537,2025SIR0003842,Northwest ICE Processing Center (NWPIC)
538,2025SIR0003953,ERO Phoenix
538,2025SIR0003953,Central Arizona Florence Correctional Complex (CAFCC)
539,2025SIR0003979,ERO Miami
539,2025SIR0003979,ICE Health Service Corps (IHSC)
539,2025SIR0003979,Krome Service Processing Center (KSPC)
540,2025SIR0003962,ERO Seattle
540,2025SIR0003962,Northwest ICE Processing Center (NWPIC)
541,2025SIR0004014,ERO Miami
541,2025SIR0004014,ICE Health Service Corps (IHSC)
541,2025SIR0004014,Krome Service Processing Center (KSPC)
542,2025SIR0003993,ERO San Antonio
542,2025SIR0003993,ICE Health Service Corps (IHSC)
542,2025SIR0003993,T. Don Hutto Detention Center (TDHDC)
543,2025SIR0004059,ERO San Antonio
543,2025SIR0004059,ICE Health Service Corps (IHSC)
543,2025SIR0004059,South Texas ICE Processing Center (STIPC)
544,2025SIR0004071,ERO Philadelphia
544,2025SIR0004071,Moshannon Valley Processing Center (MVPC)
545,2025SIR0004067,ERO Phoenix
545,2025SIR0004067,ICE Health Service Corps (IHSC)
545,2025SIR0004067,Eloy Detention Center (EDC)
545,2025SIR0004067,Banner Casa Grande Medical Center (BCGMC)
546,2025SIR0004119,ERO Miami
546,2025SIR0004119,Krome Service Processing Center (KSPC)
546,2025SIR0004119,Larkin Community Hospital - Behavioral Health Services (LCH-BHS)
547,2025SIR0004115,ERO Philadelphia
547,2025SIR0004115,Moshannon Valley Processing Center (MVPC)
548,2025SIR0004136,ERO Miami
548,2025SIR0004136,Krome Service Processing Center (KSPC)
549,2025SIR0004132,ERO New Orleans
549,2025SIR0004132,River Correctional Center (RCC)
550,2025SIR0004167,ERO Miami
550,2025SIR0004167,ICE Health Service Corps (IHSC)
550,2025SIR0004167,Krome Service Processing Center (KSPC)
551,2025SIR0004163,ERO San Francisco
551,2025SIR0004163,ICE Health Service Corps (IHSC)
551,2025SIR0004163,Golden State Annex (GSA)
552,2025SIR0004196,ERO Dallas
552,2025SIR0004196,Bluebonnet Detention Center (BBDC)
553,2025SIR0004185,ERO Phoenix
553,2025SIR0004185,ICE Health Service Corps (IHSC)
553,2025SIR0004185,Eloy Detention Center (EDC)
554,2025SIR0004213,ERO Phoenix
554,2025SIR0004213,ICE Health Service Corps (IHSC)
554,2025SIR0004213,Eloy Detention Center (EDC)
555,2025SIR0004211,ERO St Paul
555,2025SIR0004211,ICE Health Service Corps (IHSC)
555,2025SIR0004211,Kandiyohi County Jail (KCJ)
556,2025SIR0004228,ERO Detroit
556,2025SIR0004228,Seneca County Jail (SCJ)
557,2025SIR0004277,ERO Dallas
557,2025SIR0004277,Prairieland Detention Center (PDC)
558,2025SIR0004285,ERO El Paso
558,2025SIR0004285,ICE Health Service Corps (IHSC)
558,2025SIR0004285,El Paso Processing Center (EPC)
559,2025SIR0004288,ERO Phoenix
559,2025SIR0004288,ICE Health Service Corps (IHSC)
559,2025SIR0004288,Eloy Detention Center (EDC)
560,2025SIR0004289,ERO San Antonio
560,2025SIR0004289,ICE Health Service Corps (IHSC)
560,2025SIR0004289,T. Don Hutto Detention Center (TDHDC)
561,2025SIR0004296,ERO Harlingen
561,2025SIR0004296,El Valle Detention Facility (EVDF)
562,2025SIR0004294,ERO Houston
562,2025SIR0004294,ICE Health Service Corps (IHSC)
562,2025SIR0004294,Montgomery Processing Center (MPC)
563,2025SIR0004304,ERO Miami
563,2025SIR0004304,ICE Health Service Corps (IHSC)
563,2025SIR0004304,Krome Service Processing Center (KSPC)
564,2025SIR0004316,ERO San Antonio
564,2025SIR0004316,T. Don Hutto Detention Center (TDHDC)
564,2025SIR0004316,ICE Health Service Corps (IHSC)
565,2025SIR0004342,ERO Harlingen
565,2025SIR0004342,El Valle Detention Facility (EVDF)
566,2025SIR0004352,ERO Miami
566,2025SIR0004352,ICE Health Service Corps (IHSC)
566,2025SIR0004352,Krome Service Processing Center (KSPC)
567,2025SIR0004410,ERO Harlingen
567,2025SIR0004410,El Valle Detention Facility (EVDF)
568,2025SIR0004368,ERO Houston
568,2025SIR0004368,ICE Health Service Corps (IHSC)
568,2025SIR0004368,Montgomery Processing Center (MPC)
569,2025SIR0004376,ERO Houston
569,2025SIR0004376,ICE Health Service Corps (IHSC)
569,2025SIR0004376,Montgomery Processing Center (MPC)
570,2025SIR0004417,ERO Denver
570,2025SIR0004417,Denver Contract Detention Facility (DCDF)
571,2025SIR0004443,ERO Miami
571,2025SIR0004443,ICE Health Service Corps (IHSC)
571,2025SIR0004443,Krome Service Processing Center (KSPC)
572,2025SIR0004444,ERO San Antonio
572,2025SIR0004444,ICE Health Service Corps (IHSC)
572,2025SIR0004444,South Texas ICE Processing Center (STIPC)
573,2025SIR0004499,ERO Dallas
573,2025SIR0004499,Bluebonnet Detention Center (BBDC)
574,2025SIR0004508,ERO Seattle
574,2025SIR0004508,ICE Health Service Corps (IHSC)
574,2025SIR0004508,Northwest ICE Processing Center (NWPIC)
575,2025SIR0004538,ERO Atlanta
575,2025SIR0004538,Folkston ICE Processing Center (FDRIPC)
576,2025SIR0004544,ERO Atlanta
576,2025SIR0004544,Folkston ICE Processing Center (FDRIPC)
577,2025SIR0004584,ERO Miami
577,2025SIR0004584,ICE Health Service Corps (IHSC)
577,2025SIR0004584,Krome Service Processing Center (KSPC)
578,2025SIR0004619,ERO Philadelphia
578,2025SIR0004619,Pike County Correctional Facility (PCCF)
579,2025SIR0004642,ERO Boston
579,2025SIR0004642,Wyatt Detention Center (WDC)
580,2025SIR0004695,ERO El Paso
580,2025SIR0004695,ICE Health Service Corps (IHSC)
580,2025SIR0004695,El Paso Processing Center (EPC)
581,2025SIR0004693,ERO Houston
581,2025SIR0004693,ICE Health Service Corps (IHSC)
581,2025SIR0004693,Montgomery Processing Center (MPC)
582,2025SIR0004739,ERO Detroit
582,2025SIR0004739,Calhoun County Jail (CCJ)
583,2025SIR0004778,ERO Buffalo
583,2025SIR0004778,Buffalo Federal Detention Facility (BFDF)
583,2025SIR0004778,ICE Health Service Corps (IHSC)
584,2025SIR0004838,ERO Seattle
584,2025SIR0004838,ICE Health Service Corps (IHSC)
584,2025SIR0004838,Northwest ICE Processing Center (NWPIC)
585,2025SIR0004911,ERO Harlingen
585,2025SIR0004911,El Valle Detention Facility (EVDF)
585,2025SIR0004911,Valley Baptist Medical Center (VBMC)
586,2025SIR0004907,ERO San Antonio
586,2025SIR0004907,ICE Health Service Corps (IHSC)
586,2025SIR0004907,South Texas ICE Processing Center (STIPC)
587,2025SIR0004936,ERO Miami
587,2025SIR0004936,ICE Health Service Corps (IHSC)
587,2025SIR0004936,Krome Service Processing Center (KSPC)
588,2025SIR0004939,ERO Miami
588,2025SIR0004939,ICE Health Service Corps (IHSC)
588,2025SIR0004939,Krome Service Processing Center (KSPC)
589,2025SIR0004917,ERO Philadelphia
589,2025SIR0004917,Moshannon Valley Processing Center (MVPC)
590,2025SIRO004981,ERO Philadelphia
590,2025SIRO004981,Moshannon Valley Processing Center (MVPC)
591,2025SIR0005026,ERO Atlanta
591,2025SIR0005026,Stewart Detention Center (SDC)
592,2025SIR0005019,ERO El Paso
592,2025SIR0005019,ICE Health Service Corps (IHSC)
592,2025SIR0005019,El Paso Processing Center (EPC)
593,2025SIR0005040,ERO Philadelphia
593,2025SIR0005040,Pike County Correctional Facility (PCCF)
594,2025SIR0005090,ERO Chicago
594,2025SIR0005090,Boone County Jail (BCJ)
595,2025SIR0005070,ERO Seattle
595,2025SIR0005070,ICE Health Service Corps (IHSC)
595,2025SIR0005070,Northwest ICE Processing Center (NWPIC)
596,2025SIR0005196,ERO Harlingen
596,2025SIR0005196,Port Isabel Detention Center (PIDC)
597,2025SIR0005147,ERO Houston
597,2025SIR0005147,ICE Health Service Corps (IHSC)
597,2025SIR0005147,Montgomery Processing Center (MPC)
598,2025SIR0005149,ERO Seattle
598,2025SIR0005149,Northwest ICE Processing Center (NWPIC)
599,2025SIR0005287,ERO Harlingen
599,2025SIR0005287,Port Isabel Detention Center (PIDC)
600,2025SIR0005213,ERO Philadelphia
600,2025SIR0005213,Pike County Correctional Facility (PCCF)
601,2025SIR0005305,ERO Miami
601,2025SIR0005305,Krome Service Processing Center (KSPC)
602,2025SIR0005357,ERO Philadelphia
602,2025SIR0005357,Clinton County Correctional Facility (CCCF)
603,2025SIR0005360,ERO Philadelphia
603,2025SIR0005360,Moshannon Valley Processing Center (MVPC)
604,2025SIR0005334,ERO St Paul
604,2025SIR0005334,ICE Health Service Corps (IHSC)
604,2025SIR0005334,Freeborn County Jail (FCJ)
605,2025SIR0005374,ERO Miami
605,2025SIR0005374,ICE Health Service Corps (IHSC)
605,2025SIR0005374,Krome Service Processing Center (KSPC)
606,2025SIR0005442,ERO Atlanta
606,2025SIR0005442,Folkston ICE Processing Center (FDRIPC)
607,2025SIR0005465,ERO Harlingen
607,2025SIR0005465,El Valle Detention Facility (EVDF)
608,2025SIR0005436,ERO Phoenix
608,2025SIR0005436,Eloy Detention Center (EDC)
608,2025SIR0005436,ICE Health Service Corps (IHSC)
609,2025SIR0005512,ERO El Paso
609,2025SIR0005512,ICE Health Service Corps (IHSC)
609,2025SIR0005512,ERO El Paso’s Special Response Team (SRT)
609,2025SIR0005512,ERO El Paso’s Crisis Negotiation Team (CNT)
609,2025SIR0005512,ICE Office of Professional Responsibility (OPR)
609,2025SIR0005512,El Paso Processing Center (EPC)
609,2025SIR0005512,El Paso Fire Department (EPFD)
609,2025SIR0005512,Emergency Medical Services (EMS)
610,2025SIR0005641,ERO San Antonio
610,2025SIR0005641,ERO New Orleans
610,2025SIR0005641,Pine Prairie ICE Processing Center (PPC)
611,2025SIRO007327,ERO Boston
611,2025SIRO007327,Plymouth County Correctional Facility (PCCF)
612,2025SIRO007203,ERO Harlingen
612,2025SIRO007203,El Valle Detention Facility (EVDF)
613,2025SIR0007146,ERO Miami
613,2025SIR0007146,Broward Transitional Center (BTC)
614,2025SIR0007404,ERO Chicago
614,2025SIR0007404,ICE Health Service Corps (IHSC)
614,2025SIR0007404,Boone County Jail (BCJ)
615,2025SIRO007470,ERO El Paso
615,2025SIRO007470,ICE Health Service Corps (IHSC)
615,2025SIRO007470,El Paso Processing Center (EPC)
616,2025SIR0007478,ERO Miami
616,2025SIR0007478,Krome Service Processing Center (KSPC)
617,2025SIR0007459,ERO New Orleans
617,2025SIR0007459,Central Louisiana ICE Correctional Center (CLIPC)
618,2025SIR0007456,ERO Seattle
618,2025SIR0007456,ICE Health Service Corps (IHSC)
618,2025SIR0007456,Northwest ICE Processing Center (NWPIC)
619,2025SIR0007495,ERO Houston
619,2025SIR0007495,ICE Health Service Corps (IHSC)
619,2025SIR0007495,Limestone County Detention Center (LCDC)
620,2025SIR0007448,ERO Miami
620,2025SIR0007448,Baker County Detention Center (BCDC)
621,2025SIR0007505,ERO San Antonio
621,2025SIR0007505,ICE Health Service Corps (IHSC)
621,2025SIR0007505,T. Don Hutto Detention Center (TDHDC)
622,2025SIR0007500,ERO Chicago
622,2025SIR0007500,ICE Health Service Corps (IHSC)
622,2025SIR0007500,Boone County Jail (BCJ)
623,2025SIR0007605,ERO Miami
623,2025SIR0007605,Krome Service Processing Center (KSPC)
624,2025SIRO007704,ERO Harlingen
624,2025SIRO007704,El Valle Detention Facility (EVDF)
625,2025SIRO007722,ERO Philadelphia
625,2025SIRO007722,Moshannon Valley Processing Center (MVPC)
626,2025SIR0007734,ERO San Antonio
626,2025SIR0007734,ICE Health Service Corps (IHSC)
626,2025SIR0007734,South Texas ICE Processing Center (STIPC)
627,2025SIR0007821,ERO New Orleans
627,2025SIR0007821,HSI Houston
627,2025SIR0007821,Alexandria Staging Facility (ASF)
628,2025SIR0007818,ERO New York
628,2025SIR0007818,ICE Health Service Corps (IHSC)
628,2025SIR0007818,Nassau County Jail (NCJ)
629,2025SIR0007824,ERO Seattle
629,2025SIR0007824,ICE Health Service Corps (IHSC)
629,2025SIR0007824,Northwest ICE Processing Center (NWPIC)
630,2025SIRO007890,ERO Harlingen
630,2025SIRO007890,El Valle Detention Facility (EVDF)
631,2025SIR0007921,ERO El Paso
631,2025SIR0007921,ICE Health Service Corps (IHSC)
631,2025SIR0007921,Torrance County Detention Facility (TCDF)
632,2025SIR0007951,ERO Miami
632,2025SIR0007951,Krome Service Processing Center (KSPC)
633,2025SIRO007936,ERO Phoenix
633,2025SIRO007936,Eloy Detention Center (EDC)
634,2025SIR0007963,ERO Dallas
634,2025SIR0007963,Cimarron Correctional Facility (CCF)
635,2025SIR0007982,ERO El Paso
635,2025SIR0007982,ERO Albuquerque
635,2025SIR0007982,Cibola County Correctional Center (CCCC)
636,2025SIRO007955,ERO Miami
636,2025SIRO007955,ICE Health Service Corps (IHSC)
636,2025SIRO007955,Krome Service Processing Center (KSPC)
637,2025SIR0008025,ERO New Orleans
637,2025SIR0008025,Central Louisiana ICE Correctional Center (CLIPC)
638,2025SIR0008056,ERO Detroit
638,2025SIR0008056,ICE Health Service Corps (IHSC)
638,2025SIR0008056,Calhoun County Jail (CCJ)
639,2025SIR0008092,ERO Harlingen
639,2025SIR0008092,Port Isabel Detention Center (PIDC)
640,2025SIR0008033,ERO Philadelphia
640,2025SIR0008033,Moshannon Valley Processing Center (MVPC)
641,2025SIR0008034,ERO St Paul
641,2025SIR0008034,ICE Health Service Corps (IHSC)
641,2025SIR0008034,Sherburne County Jail (SCJ)
642,2025SIR0008178,ERO El Paso
642,2025SIR0008178,ERO Albuquerque
642,2025SIR0008178,Torrance County Detention Facility (TCDF)
643,2025SIR0008148,ERO Harlingen
643,2025SIR0008148,ICE Health Service Corps (IHSC)
643,2025SIR0008148,Port Isabel Detention Center (PIDC)
644,2025SIR0008153,ERO San Antonio
644,2025SIR0008153,ICE Health Service Corps (IHSC)
644,2025SIR0008153,T. Don Hutto Detention Center (TDHDC)
645,2025SIRO008280,ERO Philadelphia
645,2025SIRO008280,Moshannon Valley Processing Center (MVPC)
646,2025SIR00083732 / 2025SIR0008377 / 2025SIR0008378,ERO San Francisco
646,2025SIR00083732 / 2025SIR0008377 / 2025SIR0008378,Federal Detention Center (FDC)
647,2025SIR0008383,ERO Miami
647,2025SIR0008383,Bureau of Prisons (BOP)
647,2025SIR0008383,Federal Detention Center (FDC)
648,2025SIR0008392,ERO Miami
648,2025SIR0008392,ICE Health Service Corps (IHSC)
648,2025SIR0008392,Krome Service Processing Center (KSPC)
649,2025SIR0008395,ERO Miami
649,2025SIR0008395,ICE Health Service Corps (IHSC)
649,2025SIR0008395,Krome Service Processing Center (KSPC)
650,2025SIR0008455,ERO El Paso
650,2025SIR0008455,ICE Health Service Corps (IHSC)
650,2025SIR0008455,Otero County Processing Center (OCPC)
651,2025SIR0008368,ERO New York
651,2025SIR0008368,ICE Health Service Corps (IHSC)
651,2025SIR0008368,Nassau County Jail (NCJ)
652,2025SIR0008448,ERO Philadelphia
652,2025SIR0008448,Moshannon Valley Processing Center (MVPC)
653,2025SIR0008434,ERO Phoenix
653,2025SIR0008434,Eloy Detention Center (EDC)
654,2025SIRO008499,ERO El Paso
654,2025SIRO008499,ICE Health Service Corps (IHSC)
654,2025SIRO008499,El Paso Processing Center (EPC)
655,2025SIR0008471,ERO San Antonio
655,2025SIR0008471,T. Don Hutto Detention Center (TDHDC)
655,2025SIR0008471,South Texas ICE Processing Center (STIPC)
655,2025SIR0008471,ICE Health Service Corps (IHSC)
656,2025SIR0008556,ERO Atlanta
656,2025SIR0008556,Stewart Detention Center (SDC)
657,2025SIR0008678,ERO Detroit
657,2025SIR0008678,Northeast Ohio Correctional Center (NEOCC)
658,2025SIR0008751,ERO Harlingen
658,2025SIR0008751,El Valle Detention Facility (EVDF)
659,2025SIRO008805,ERO Miami
659,2025SIRO008805,ICE Health Service Corps (IHSC)
659,2025SIRO008805,Krome Service Processing Center (KSPC)
660,2025SIR0008820,ERO Miami
660,2025SIR0008820,ICE Health Service Corps (IHSC)
660,2025SIR0008820,Krome Service Processing Center (KSPC)
661,2025SIR0008782,ERO Phoenix
661,2025SIR0008782,Central Arizona Florence Correctional Complex (CAFCC)
662,2025SIR0008813,ERO Seattle
662,2025SIR0008813,Northwest ICE Processing Center (NWPIC)
663,2025SIR0008848,ERO El Paso
663,2025SIR0008848,ICE Health Service Corps (IHSC)
663,2025SIR0008848,El Paso Processing Center (EPC)
664,2025SIR0008835,ERO Miami
664,2025SIR0008835,ICE Health Service Corps (IHSC)
664,2025SIR0008835,Krome Service Processing Center (KSPC)
665,2025SIR0008855,ERO Detroit
665,2025SIR0008855,ICE Health Service Corps (IHSC)
665,2025SIR0008855,St. Clair County Jail (SCCJ)
666,2025SIR0008866,ERO Miami
666,2025SIR0008866,ICE Health Service Corps (IHSC)
666,2025SIR0008866,Krome Service Processing Center (KSPC)
667,2025SIR0008941,ERO Washington D.C.
667,2025SIR0008941,Caroline Detention Facility (CDF)
668,2025SIR0009080,ERO Harlingen
668,2025SIR0009080,El Valle Detention Facility (EVDF)
669,2025SIR0009101,ERO Phoenix
669,2025SIR0009101,ICE Health Service Corps (IHSC)
669,2025SIR0009101,Eloy Detention Center (EDC)
670,2025SIR0009038,ERO San Antonio
670,2025SIR0009038,South Texas ICE Processing Center (STIPC)
670,2025SIR0009038,ICE Health Service Corps (IHSC)
671,2025SIR0009075,ERO San Antonio
671,2025SIR0009075,South Texas ICE Processing Center (STIPC)
671,2025SIR0009075,ICE Health Service Corps (IHSC)
672,2025SIR0009106,ERO Miami
672,2025SIR0009106,Broward Transitional Center (BTC)
673,2025SIR0009251,ERO Harlingen
673,2025SIR0009251,El Valle Detention Facility (EVDF)
674,2025SIR0009267,ERO Miami
674,2025SIR0009267,ICE Health Service Corps (IHSC)
674,2025SIR0009267,Krome Service Processing Center (KSPC)
675,2025SIR0009227,ERO San Francisco
675,2025SIR0009227,ICE Health Service Corps (IHSC)
675,2025SIR0009227,Golden State Annex (GSA)
676,2025SIRO009272,ERO Dallas
676,2025SIRO009272,Cimarron Correctional Facility (CCF)
677,2025SIRO009295,ERO Dallas
677,2025SIRO009295,Prairieland Detention Center (PDC)
678,2025SIR0009291,ERO Miami
678,2025SIR0009291,ICE Health Service Corps (IHSC)
678,2025SIR0009291,Krome Service Processing Center (KSPC)
679,2025SIR0009300,ERO Philadelphia
679,2025SIR0009300,Moshannon Valley Processing Center (MVPC)
680,2025SIR0009275,ERO San Antonio
680,2025SIR0009275,ICE Health Service Corps (IHSC)
680,2025SIR0009275,South Texas ICE Processing Center (STIPC)
681,2025SIR0009314,ERO Harlingen
681,2025SIR0009314,El Valle Detention Facility (EVDF)
682,2025SIRO009327,ERO Seattle
682,2025SIRO009327,ICE Health Service Corps (IHSC)
682,2025SIRO009327,Northwest ICE Processing Center (NWPIC)
683,2025SIRO009355,ERO Atlanta
683,2025SIRO009355,Stewart Detention Center (SDC)
684,2025SIR0009461,ERO Chicago
684,2025SIR0009461,ICE Health Service Corps (IHSC)
684,2025SIR0009461,Boone County Jail (BCJ)
685,2025SIRO009424,ERO Houston
685,2025SIRO009424,ICE Health Service Corps (IHSC)
685,2025SIRO009424,Montgomery Processing Center (MPC)
686,2025SIR0009389,ERO Philadelphia
686,2025SIR0009389,Moshannon Valley Processing Center (MVPC)
687,2025SIR0009563,ERO Dallas
687,2025SIR0009563,Bluebonnet Detention Center (BBDC)
688,2025SIR0009751,ERO Dallas
688,2025SIR0009751,Cimarron Correctional Facility (CCF)
689,2025SIR0009630,ERO Atlanta
689,2025SIR0009630,Stewart Detention Center (SDC)
690,2025SIR0009624,ERO San Antonio
690,2025SIR0009624,ICE Health Service Corps (IHSC)
690,2025SIR0009624,T. Don Hutto Detention Center (TDHDC)
691,2025SIR0019735/ 2025SIR0019736,ERO Harlingen
691,2025SIR0019735/ 2025SIR0019736,ICE Health Service Corps (IHSC)
691,2025SIR0019735/ 2025SIR0019736,Port Isabel Detention Center (PIDC)
692,2025SIR0019731/2025SIR0019732,ERO Harlingen
692,2025SIR0019731/2025SIR0019732,ICE Health Service Corps (IHSC)
692,2025SIR0019731/2025SIR0019732,Port Isabel Detention Center (PIDC)
693,2025SIR0019716,ERO San Antonio
693,2025SIR0019716,Karmes County Immigration Processing Center (KCIPC)
694,2026SIR0000080,ERO Harlingen
694,2026SIR0000080,ICE Health Service Corps (IHSC)
694,2026SIR0000080,Port Isabel Detention Center (PIDC)
695,2026SIR0000079,ERO Harlingen
695,2026SIR0000079,ICE Health Service Corps (IHSC)
695,2026SIR0000079,Port Isabel Detention Center (PIDC)
696,2026SIR0000117,ERO Harlingen
696,2026SIR0000117,ICE Health Service Corps (IHSC)
696,2026SIR0000117,Port Isabel Detention Center (PIDC)
697,2026SIR0000118,ERO Harlingen
697,2026SIR0000118,ICE Health Service Corps (IHSC)
697,2026SIR0000118,Port Isabel Detention Center (PIDC)
698,2026SIR0000174,ERO Harlingen
698,2026SIR0000174,ICE Health Service Corps (IHSC)
698,2026SIR0000174,Port Isabel Detention Center (PIDC)
699,2026SIR0000175,ERO Harlingen
699,2026SIR0000175,ICE Health Service Corps (IHSC)
699,2026SIR0000175,Port Isabel Detention Center (PIDC)
700,2026SIR0000149,ERO Los Angeles
700,2026SIR0000149,Adelanto ICE Processing Center (APC)
701,2026SIR0000223,ERO Philadelphia
701,2026SIR0000223,Moshannon Valley Processing Center (MVPC)
702,2026SIRO000226,ERO Phoenix
702,2026SIRO000226,Florence Detention Center (FDC)
703,2026SIR0000148,ERO San Antonio
703,2026SIR0000148,ICE Health Service Corps (IHSC)
703,2026SIR0000148,T. Don Hutto Detention Center (TDHDC)
704,2026SIR0000177,ERO San Francisco
704,2026SIR0000177,ICE Health Service Corps (IHSC)
704,2026SIR0000177,California City ICE Processing Center (CCIPC)
705,2026SIR0000155,ERO Washington D.C.
705,2026SIR0000155,ERO Richmond
705,2026SIR0000155,Farmville Detention Center (FDC)
706,2026SIR0000277,ERO Atlanta
706,2026SIR0000277,Stewart Detention Center (SDC)
707,2026SIR0000247/2026SIR0000248,ERO Harlingen
708,2026SIR0000284,ERO Harlingen
708,2026SIR0000284,ICE Health Service Corps (IHSC)
708,2026SIR0000284,Port Isabel Detention Center (PIDC)
709,2026SIR0000283,ERO Harlingen
709,2026SIR0000283,ICE Health Service Corps (IHSC)
709,2026SIR0000283,Port Isabel Detention Center (PIDC)
710,2026SIR0000198,ERO Miami
710,2026SIR0000198,ICE Health Service Corps (IHSC)
710,2026SIR0000198,Baker County Detention Center (BCDC)
711,2026SIR0000310,ERO New Orleans
711,2026SIR0000310,Winn Correctional Center (WCC)
712,2026SIR0000327,ERO Phoenix
712,2026SIR0000327,ICE Health Service Corps (IHSC)
712,2026SIR0000327,Central Arizona Florence Correctional Complex (CAFCC)
713,2026SIR0000260,ERO San Antonio
713,2026SIR0000260,ICE Health Service Corps (IHSC)
713,2026SIR0000260,T. Don Hutto Detention Center (TDHDC)
714,2026SIR0000342,ERO Harlingen
714,2026SIR0000342,ICE Health Service Corps (IHSC)
714,2026SIR0000342,Port Isabel Detention Center (PIDC)
715,2026SIR0000343,ERO Harlingen
715,2026SIR0000343,ICE Health Service Corps (IHSC)
715,2026SIR0000343,Port Isabel Detention Center (PIDC)
716,2026SIR0000347,ERO New Orleans
716,2026SIR0000347,Pine Prairie ICE Processing Center (PPC)
717,2026SIR0000345,ERO San Francisco
717,2026SIR0000345,ICE Health Service Corps (IHSC)
717,2026SIR0000345,California City ICE Processing Center (CCIPC)
718,2026SIR0000360,ERO Miami
718,2026SIR0000360,Glades County Detention Center (GCDC)
718,2026SIR0000360,Glades County Sheriff's Office (GCSO)
719,2026SIR0000400,ERO Atlanta
719,2026SIR0000400,Stewart Detention Center (SDC)
720,2026SIR0000393,ERO El Paso
720,2026SIR0000393,ERO Albuquerque
720,2026SIR0000393,ICE Health Service Corps (IHSC)
720,2026SIR0000393,Torrance County Detention Facility (TCDF)
721,2026SIR0000379,ERO Harlingen
721,2026SIR0000379,ICE Health Service Corps (IHSC)
721,2026SIR0000379,Port Isabel Detention Center (PIDC)
722,2026SIR0000380,ERO Harlingen
722,2026SIR0000380,ICE Health Service Corps (IHSC)
722,2026SIR0000380,Port Isabel Detention Center (PIDC)
723,2026SIR0000394,ERO Harlingen
723,2026SIR0000394,ICE Health Service Corps (IHSC)
723,2026SIR0000394,Port Isabel Detention Center (PIDC)
724,2026SIR0000395,ERO Harlingen
724,2026SIR0000395,ICE Health Service Corps (IHSC)
724,2026SIR0000395,Port Isabel Detention Center (PIDC)
725,2026SIR0000376,ERO Houston
725,2026SIR0000376,ICE Health Service Corps (IHSC)
725,2026SIR0000376,Montgomery Processing Center (MPC)
726,2026SIR0000412,ERO Phoenix
726,2026SIR0000412,ICE Health Service Corps (IHSC)
726,2026SIR0000412,Eloy Detention Center (EDC)
727,2026SIR0000482/2026SIR0000485,ERO Harlingen
727,2026SIR0000482/2026SIR0000485,ICE Health Service Corps (IHSC)
727,2026SIR0000482/2026SIR0000485,Port Isabel Detention Center (PIDC)
728,2026SIR0000523,ERO Dallas
728,2026SIR0000523,Cimarron Correctional Facility (CCF)
729,2026SIR0000531,ERO Philadelphia
729,2026SIR0000531,Moshannon Valley Processing Center (MVPC)
730,2026SIR0000595,ERO Harlingen
730,2026SIR0000595,ICE Health Service Corps (IHSC)
730,2026SIR0000595,Port Isabel Detention Center (PIDC)
731,2026SIR0000638/2026SIR0000639,ERO Harlingen
731,2026SIR0000638/2026SIR0000639,ICE Health Service Corps (IHSC)
731,2026SIR0000638/2026SIR0000639,Port Isabel Detention Center (PIDC)
732,2026SIR0000596,ERO Harlingen
732,2026SIR0000596,ICE Health Service Corps (IHSC)
732,2026SIR0000596,Port Isabel Detention Center (PIDC)
733,2026SIR0000640,ERO Harlingen
733,2026SIR0000640,El Valle Detention Facility (EVDF)
734,2026SIR0000646,ERO Harlingen
734,2026SIR0000646,El Valle Detention Facility (EVDF)
735,2026SIR0000625,ERO Philadelphia
735,2026SIR0000625,Moshannon Valley Processing Center (MVPC)
736,2026SIR0000735,ERO Phoenix
736,2026SIR0000735,Central Arizona Florence Correctional Complex (CAFCC)
737,2026SIR0000746,ERO Salt Lake
737,2026SIR0000746,Nevada Southern Detention Center (NSDC)
738,2026SIR0000784,ERO El Paso
738,2026SIR0000784,Otero County Processing Center (OCPC)
739,2026SIR0000771,ERO Harlingen
739,2026SIR0000771,ICE Health Service Corps (IHSC)
739,2026SIR0000771,Port Isabel Detention Center (PIDC)
740,2026SIR0000774,ERO Harlingen
740,2026SIR0000774,ICE Health Service Corps (IHSC)
740,2026SIR0000774,Port Isabel Detention Center (PIDC)
741,2026SIR0000806,ERO Harlingen
741,2026SIR0000806,ICE Health Service Corps (IHSC)
741,2026SIR0000806,Port Isabel Detention Center (PIDC)
742,2026SIR0000807,ERO Harlingen
742,2026SIR0000807,ICE Health Service Corps (IHSC)
742,2026SIR0000807,Port Isabel Detention Center (PIDC)
743,2026SIR0000811,ERO Dallas
743,2026SIR0000811,Cimarron Correctional Facility (CCF)
744,2026SIR0000829,ERO Harlingen
744,2026SIR0000829,ICE Health Service Corps (IHSC)
744,2026SIR0000829,Port Isabel Detention Center (PIDC)
745,2026SIR0000846,ERO Harlingen
745,2026SIR0000846,ICE Health Service Corps (IHSC)
745,2026SIR0000846,Port Isabel Detention Center (PIDC)
746,2026SIR0000892,ERO Harlingen
746,2026SIR0000892,ICE Health Service Corps (IHSC)
746,2026SIR0000892,Port Isabel Detention Center (PIDC)
747,2026SIR0000880,ERO Houston
747,2026SIR0000880,ICE Health Service Corps (IHSC)
747,2026SIR0000880,Montgomery Processing Center (MPC)
748,2026SIR0000910,ERO Dallas
748,2026SIR0000910,Prairieland Detention Center (PDC)
749,2026SIR0000943,ERO Harlingen
749,2026SIR0000943,ICE Health Service Corps (IHSC)
749,2026SIR0000943,Port Isabel Detention Center (PIDC)
750,2026SIR0000917,ERO Salt Lake
750,2026SIR0000917,Nevada Southern Detention Center (NSDC)
751,2026SIR0001098,ERO El Paso
751,2026SIR0001098,ICE Health Service Corps (IHSC)
751,2026SIR0001098,Torrance County Detention Facility (TCDF)
752,2026SIR0001058,ERO Harlingen
752,2026SIR0001058,ICE Health Service Corps (IHSC)
752,2026SIR0001058,Port Isabel Detention Center (PIDC)
753,2026SIR0001200,ERO Harlingen
753,2026SIR0001200,Port Isabel Detention Center (PIDC)
754,2026SIR0001202,ERO Philadelphia
754,2026SIR0001202,ERO York
754,2026SIR0001202,Moshannon Valley Processing Center (MVPC)
755,2026SIR0001182,ERO Salt Lake
755,2026SIR0001182,Nevada Southern Detention Center (NSDC)
756,2026SIR0001221,ERO Harlingen
756,2026SIR0001221,ICE Health Service Corps (IHSC)
756,2026SIR0001221,Port Isabel Detention Center (PIDC)
757,2026SIR0001254,ERO Miami
757,2026SIR0001254,Miami Federal Detention Center (FDC)
758,2026SIR0001249,ERO Miami
758,2026SIR0001249,Krome Service Processing Center (KSPC)
759,2026SIR0001232,ERO New Orleans
759,2026SIR0001232,Jackson Parish Correctional Center (JPCC)
760,2026SIR0001344,ERO Houston
760,2026SIR0001344,Joe Corley Processing Center (JCPC)
761,2026SIR0001331,ERO Philadelphia
761,2026SIR0001331,Moshannon Valley Processing Center (MVPC)
762,2026SIR0001458,ERO Chicago
762,2026SIR0001458,ICE Health Service Corps (IHSC)
762,2026SIR0001458,Grayson County Detention Center (GCDC)
763,2026SIR0001418,ERO Miami
763,2026SIR0001418,ICE Health Service Corps (IHSC)
763,2026SIR0001418,Baker County Detention Center (BCDC)
764,2026SIR0001406,ERO Denver
764,2026SIR0001406,Denver Contract Detention Facility (DCDF)
765,2026SIR0001593,ERO Dallas
765,2026SIR0001593,LaSalle Corrections Facility (LCCF)
766,2026SIR0001659,ERO El Paso
766,2026SIR0001659,Otero County Processing Center (OCPC)
767,2026SIR0001645,ERO Philadelphia
767,2026SIR0001645,Moshannon Valley Processing Center (MVPC)
768,2026SIR0001625,ERO Philadelphia
768,2026SIR0001625,ICE Health Service Corps (IHSC)
768,2026SIR0001625,Moshannon Valley Processing Center (MVPC)
769,2026SIR0001675,ERO San Francisco
769,2026SIR0001675,ICE Health Service Corps (IHSC)
769,2026SIR0001675,ICE Office of the Principal Legal Advisor (OPLA)
769,2026SIR0001675,California City ICE Processing Center (CCIPC)
770,2026SIR0001676,ERO Boston
770,2026SIR0001676,Plymouth County Correctional Facility (PCCF)
771,2026SIR0001683,ERO Chicago
771,2026SIR0001683,Miami Correctional Center (MCC)
772,2026SIR0001682,ERO Chicago
772,2026SIR0001682,Christian County Jail (CCJ)
773,2026SIR0001698,ERO Etowah
773,2026SIR0001698,ERO New Orleans
773,2026SIR0001698,Etowah County Jail (ECJ)
774,2026SIR0001660,ERO Philadelphia
774,2026SIR0001660,Moshannon Valley Processing Center (MVPC)
775,2026SIR0001699,ERO San Antonio
775,2026SIR0001699,T. Don Hutto Detention Center (TDHDC)
775,2026SIR0001699,ICE Health Service Corps (IHSC)
776,2026SIR0001700,ERO San Antonio
776,2026SIR0001700,ICE Health Service Corps (IHSC)
776,2026SIR0001700,T. Don Hutto Detention Center (TDHDC)
777,2026SIR0001741,ERO San Diego
777,2026SIR0001741,Otay Mesa Detention Center (OMDC)
778,2026SIR0001794,ERO Atlanta
778,2026SIR0001794,Folkston ICE Processing Center (FDRIPC)
779,2026SIR0001780,ERO San Antonio
779,2026SIR0001780,T. Don Hutto Detention Center (TDHDC)
780,2026SIR0001892,ERO El Paso
780,2026SIR0001892,El Paso Processing Center (EPC)
781,2026SIR0001902,ERO Los Angeles
781,2026SIR0001902,Adelanto ICE Processing Center (APC)
782,2026SIR0001854,ERO Miami
782,2026SIR0001854,Krome Service Processing Center (KSPC)
783,2025SIR0005673,ERO Dallas
783,2025SIR0005673,Bluebonnet Detention Center (BBDC)
784,2025SIR0005710,ERO Houston
784,2025SIR0005710,ICE Health Service Corps (IHSC)
784,2025SIR0005710,Montgomery Processing Center (MPC)
785,2025SIR0005728,ERO Miami
785,2025SIR0005728,ERO Washington D.C.
785,2025SIR0005728,ICE Health Service Corps (IHSC)
785,2025SIR0005728,Krome Service Processing Center (KSPC)
786,2025SIR0005778,ERO Miami
786,2025SIR0005778,Krome Service Processing Center (KSPC)
787,2025SIR0005616,ERO Philadelphia
787,2025SIR0005616,Moshannon Valley Processing Center (MVPC)
788,2025SIR0005672,ERO Philadelphia
788,2025SIR0005672,Moshannon Valley Processing Center (MVPC)
789,2025SIR0005831,ERO Washington D.C.
789,2025SIR0005831,Farmville Detention Center (FDC)
789,2025SIR0005831,ICE Health Service Corps (IHSC)
789,2025SIR0005831,Centra Southside Regional Hospital (CSRH)
789,2025SIR0005831,Virginia Commonwealth University Medical Center (VCUMC)
790,2025SIR0005833,ERO Washington D.C.
790,2025SIR0005833,Farmville Detention Center (FDC)
790,2025SIR0005833,ICE Health Service Corps (IHSC)
791,2025SIR0005810,ERO Miami
791,2025SIR0005810,ICE Health Service Corps (IHSC)
791,2025SIR0005810,Krome Service Processing Center (KSPC)
792,2025SIR0005805,ERO Miami
792,2025SIR0005805,ICE Health Service Corps (IHSC)
792,2025SIR0005805,Krome Service Processing Center (KSPC)
793,2025SIR0005851,ERO Atlanta
793,2025SIR0005851,Folkston ICE Processing Center (FDRIPC)
794,2025SIR0005867,ERO Houston
794,2025SIR0005867,ICE Health Service Corps (IHSC)
794,2025SIR0005867,Montgomery Processing Center (MPC)
795,2025SIR0005984,ERO Harlingen
795,2025SIR0005984,El Valle Detention Facility (EVDF)
796,2025SIR0005918,ERO Miami
796,2025SIR0005918,Krome Service Processing Center (KSPC)
797,2025SIR0005923,ERO Miami
797,2025SIR0005923,Krome Service Processing Center (KSPC)
798,2025SIR0006045,ERO Los Angeles
798,2025SIR0006045,ERO Adelanto
798,2025SIR0006045,Desert View Facility (DVF)
799,2025SIR0006035,ERO Miami
799,2025SIR0006035,ERO Batavia
799,2025SIR0006035,ICE Health Service Corps (IHSC)
799,2025SIR0006035,Krome Service Processing Center (KSPC)
800,2025SIR0006061,ERO New Orleans
800,2025SIR0006061,Winn Correctional Center (WCC)
801,2025SIR0006091,ERO Houston
801,2025SIR0006091,ICE Health Service Corps (IHSC)
801,2025SIR0006091,Montgomery Processing Center (MPC)
802,2025SIR0006142,ERO Miami
802,2025SIR0006142,Krome Service Processing Center (KSPC)
802,2025SIR0006142,ICE Health Service Corps (IHSC)
803,2025SIR0006119,ERO San Antonio
803,2025SIR0006119,ICE Health Service Corps (IHSC)
803,2025SIR0006119,T. Don Hutto Detention Center (TDHDC)
804,2025SIR0006231,ERO Boston
804,2025SIR0006231,Strafford County Department of Corrections (SCDOC)
805,2025SIR0006223,ERO Houston
805,2025SIR0006223,ICE Health Service Corps (IHSC)
805,2025SIR0006223,Montgomery Processing Center (MPC)
806,2025SIR0006236,ERO San Antonio
806,2025SIR0006236,ICE Health Service Corps (IHSC)
806,2025SIR0006236,South Texas ICE Processing Center (STIPC)
807,2025SIR0006258,ERO Atlanta
807,2025SIR0006258,Stewart Detention Center (SDC)
808,2025SIR0006257,ERO Atlanta
808,2025SIR0006257,Stewart Detention Center (SDC)
809,2025SIR0006308,ERO Atlanta
809,2025SIR0006308,Folkston ICE Processing Center (FDRIPC)
810,2025SIR0006303,ERO Dallas
810,2025SIR0006303,Bluebonnet Detention Center (BBDC)
811,2025SIR0006327,ERO Houston
811,2025SIR0006327,ICE Health Service Corps (IHSC)
811,2025SIR0006327,Montgomery Processing Center (MPC)
812,2025SIR0006290,ERO Philadelphia
812,2025SIR0006290,Moshannon Valley Processing Center (MVPC)
813,2025SIR0006358,ERO Houston
813,2025SIR0006358,Montgomery Processing Center (MPC)
814,2025SIR0006488,ERO Buffalo
814,2025SIR0006488,Buffalo Federal Detention Facility (BFDF)
814,2025SIR0006488,ICE Health Service Corps (IHSC)
815,2025SIR0006499,ERO Buffalo
815,2025SIR0006499,ERO Miami
815,2025SIR0006499,ERO Batavia
815,2025SIR0006499,ICE Health Service Corps (IHSC)
815,2025SIR0006499,Krome Service Processing Center (KSPC)
816,2025SIR0006478,ERO Philadelphia
816,2025SIR0006478,Moshannon Valley Processing Center (MVPC)
817,2025SIR0006566,ERO El Paso
817,2025SIR0006566,ICE Health Service Corps (IHSC)
817,2025SIR0006566,El Paso Processing Center (EPC)
818,2025SIR0006636,ERO Philadelphia
818,2025SIR0006636,Moshannon Valley Processing Center (MVPC)
819,2025SIR0006637,ERO Philadelphia
819,2025SIR0006637,Moshannon Valley Processing Center (MVPC)
820,2025SIR0006632,ERO Philadelphia
820,2025SIR0006632,Moshannon Valley Processing Center (MVPC)
821,2025SIR0006655,ERO Washington D.C.
821,2025SIR0006655,Farmville Detention Center (FDC)
822,2025SIR0006699,ERO Dallas
822,2025SIR0006699,Prairieland Detention Center (PDC)
823,2025SIR0006704,ERO Phoenix
823,2025SIR0006704,ICE Health Service Corps (IHSC)
823,2025SIR0006704,Eloy Detention Center (EDC)
824,2025SIR0006764,ERO Miami
824,2025SIR0006764,Krome Service Processing Center (KSPC)
825,2025SIR0006853,ERO Harlingen
825,2025SIR0006853,El Valle Detention Facility (EVDF)
826,2025SIR0006899,ERO Philadelphia
826,2025SIR0006899,Pike County Correctional Facility (PCCF)
827,2025SIR0006894,ERO Phoenix
827,2025SIR0006894,Eloy Detention Center (EDC)
828,2025SIR0006979,ERO San Antonio
828,2025SIR0006979,T. Don Hutto Detention Center (TDHDC)
828,2025SIR0006979,ICE Health Service Corps (IHSC)
829,2025SIR0007070,ERO Detroit
829,2025SIR0007070,Geauga County Jail (GCJ)
830,2025SIR0007058,ERO Miami
830,2025SIR0007058,Krome Service Processing Center (KSPC)
831,2025SIR0007075,ERO San Francisco
831,2025SIR0007075,ICE Health Service Corps (IHSC)
831,2025SIR0007075,Golden State Annex (GSA)
832,2025SIR0007141,ERO Harlingen
832,2025SIR0007141,El Valle Detention Facility (EVDF)
833,2025SIR0007120,ERO Houston
833,2025SIR0007120,Houston Contract Detention Facility (HCDF)
834,2025SIR0007258,ERO Dallas
834,2025SIR0007258,Prairieland Detention Center (PDC)
835,2025SIR0016859,ERO Philadelphia
835,2025SIR0016859,ICE Health Service Corps (IHSC)
835,2025SIR0016859,Moshannon Valley Processing Center (MVPC)
836,2025SIR0012179,ERO Miami
836,2025SIR0012179,ICE Health Service Corps (IHSC)
836,2025SIR0012179,Krome Service Processing Center (KSPC)
836,2025SIR0012179,Miami Dade Fire and Rescue (MDFR)
837,2025SIR0012185,ERO Miami
837,2025SIR0012185,ICE Health Service Corps (IHSC)
837,2025SIR0012185,Krome Service Processing Center (KSPC)
838,2025SIR0012181,ERO New Orleans
838,2025SIR0012181,Winn Correctional Center (WCC)
839,2025SIR0016976,ERO Los Angeles
839,2025SIR0016976,Adelanto ICE Processing Center (APC)
840,2025SIR0016929,ERO San Antonio
840,2025SIR0016929,ICE Health Service Corps (IHSC)
840,2025SIR0016929,South Texas ICE Processing Center (STIPC)
841,2025SIR0016755,ERO Detroit
841,2025SIR0016755,ICE Health Service Corps (IHSC)
841,2025SIR0016755,North Lake Correctional Center (NLCC)
842,2025SIR0016933,ERO San Antonio
842,2025SIR0016933,ICE Health Service Corps (IHSC)
842,2025SIR0016933,South Texas ICE Processing Center (STIPC)
843,2025SIR0012233,ERO Harlingen
843,2025SIR0012233,Port Isabel Detention Center (PIDC)
844,2025SIR0012239,ERO Harlingen
844,2025SIR0012239,Rio Grande Processing Center (RGPC)
845,2025SIR0012237,ERO Washington
845,2025SIR0012237,Farmville Detention Center (FDC)
846,2025SIR0017072,ERO El Paso
846,2025SIR0017072,ICE Health Service Corps (IHSC)
846,2025SIR0017072,El Paso Processing Center (EPC)
847,2025SIR0017047,ERO Miami
847,2025SIR0017047,Krome Service Processing Center (KSPC)
848,2025SIR0012273,ERO Dallas
848,2025SIR0012273,Bluebonnet Detention Center (BBDC)
849,2025SIR0017062,ERO Phoenix
849,2025SIR0017062,Eloy Detention Center (EDC)
850,2025SIR0012289,ERO Saint Paul
850,2025SIR0012289,Kandiyohi County Jail (KCJ)
851,2025SIRO012288,ERO Philadelphia
851,2025SIRO012288,Pike County Correctional Facility (PCCF)
852,2025SIR0017095,ERO San Antonio
852,2025SIR0017095,ICE Health Service Corps (IHSC)
852,2025SIR0017095,South Texas ICE Processing Center (STIPC)
853,2025SIR0012284,ERO Washington
853,2025SIR0012284,Farmville Detention Center (FDC)
854,2025SIR0016596,ERO Baltimore
855,2025SIR0017185,ERO Miami
855,2025SIR0017185,ICE Health Service Corps (IHSC)
855,2025SIR0017185,Krome Service Processing Center (KSPC)
856,2025SIR0017203,ERO Seattle
856,2025SIR0017203,Northwest ICE Processing Center (NWPIC)
857,2025SIR0017205,ERO Seattle
857,2025SIR0017205,Northwest ICE Processing Center (NWPIC)
858,2025SIR0012380,ERO Philadelphia
858,2025SIR0012380,Moshannon Valley Processing Center (MVPC)
859,2025SIR0012450,ERO Seattle
859,2025SIR0012450,ICE Health Service Corps (IHSC)
859,2025SIR0012450,Northwest ICE Processing Center (NWPIC)
860,2025SIR0017208,ERO Harlingen
860,2025SIR0017208,ICE Health Service Corps (IHSC)
860,2025SIR0017208,Port Isabel Detention Center (PIDC)
861,2025SIR0017263/2025SIR0017251,ERO Detroit
861,2025SIR0017263/2025SIR0017251,Calhoun County Jail (CCJ)
862,2025SIR0017273,ERO Harlingen
862,2025SIR0017273,ERO Laredo
862,2025SIR0017273,Webb County Detention (WCDC)
863,2025SIR0012539,ERO Atlanta
863,2025SIR0012539,Folkston ICE Processing Center (FDRIPC)
864,2025SIR0017346/2025SIR0017349,ERO Los Angeles
864,2025SIR0017346/2025SIR0017349,ERO Adelanto
864,2025SIR0017346/2025SIR0017349,Adelanto ICE Processing Center (APC)
865,2025SIR0017333,ERO New Orleans
865,2025SIR0017333,Pine Prairie ICE Processing Center (PPC)
866,2025SIR0012390,ERO Dallas
866,2025SIR0012390,Prairieland Detention Center (PDC)
867,2025SIR0012501,ERO Seattle
867,2025SIR0012501,ICE Health Service Corps (IHSC)
867,2025SIR0012501,Northwest ICE Processing Center (NWPIC)
868,2025SIR0017404,ERO San Antonio
868,2025SIR0017404,ICE Health Service Corps (IHSC)
868,2025SIR0017404,South Texas ICE Processing Center (STIPC)
869,2025SIR0012561,ERO San Antonio
869,2025SIR0012561,ICE Health Service Corps (IHSC)
869,2025SIR0012561,South Texas ICE Processing Center (STIPC)
870,2025SIR0017496,ERO San Antonio
870,2025SIR0017496,ICE Health Service Corps (IHSC)
870,2025SIR0017496,South Texas ICE Processing Center (STIPC)
871,2025SIR0012652,ERO El Paso
871,2025SIR0012652,ICE Health Service Corps (IHSC)
871,2025SIR0012652,El Paso Processing Center (EPC)
872,2025SIR0017510,ERO Houston
872,2025SIR0017510,Joe Corley Processing Center (JCPC)
873,2025SIR0017508,ERO Philadelphia
873,2025SIR0017508,ERO Pittsburgh Field Office Processing (EPFOP)
874,2025SIR0017225,ERO Seattle
874,2025SIR0017225,ERO Seattle Processing (ESP)
875,2025SIR0017626,ERO Los Angeles
875,2025SIR0017626,Desert View Facility (DVF)
876,2025SIR0017352,ERO Los Angeles
876,2025SIR0017352,Adelanto ICE Processing Center (APC)
877,2025SIR0017634,ERO Phoenix
877,2025SIR0017634,ICE Health Service Corps (IHSC)
877,2025SIR0017634,Eloy Detention Center (EDC)
877,2025SIR0017634,Eloy Police Department (EPD)
878,2025SIR0017685,ERO El Paso
878,2025SIR0017685,Camp East Montana (CEM)
879,2025SIR0012720,ERO Washington D.C.
879,2025SIR0012720,Farmville Detention Center (FDC)
880,2025SIR0017718,ERO Miami
880,2025SIR0017718,ICE Health Service Corps (IHSC)
880,2025SIR0017718,Krome Service Processing Center (KSPC)
881,2025SIR0017706,ERO Phoenix
881,2025SIR0017706,Central Arizona Florence Correctional Complex (CAFCC)
881,2025SIR0017706,Florence Police Department (FPD)
882,2025SIR0012732,ERO San Antonio
882,2025SIR0012732,T. Don Hutto Detention Center (TDHDC)
883,2025SIR0012766,ERO Phoenix
883,2025SIR0012766,ICE Health Service Corps (IHSC)
883,2025SIR0012766,Eloy Detention Center (EDC)
884,2025SIR0017745,ERO Denver
884,2025SIR0017745,Denver Contract Detention Facility (DCDF)
885,2025SIR0017771,ERO Phoenix
885,2025SIR0017771,Central Arizona Florence Correctional Complex (CAFCC)
886,2025SIR0012841,ERO El Paso
886,2025SIR0012841,ICE Health Service Corps (IHSC)
886,2025SIR0012841,Torrance County Detention Facility (TCDF)
887,2025SIR0012909,ERO Harlingen
887,2025SIR0012909,El Valle Detention Facility (EVDF)
888,2025SIR0012888/2025SIR0012910,ERO Harlingen
888,2025SIR0012888/2025SIR0012910,ICE Health Service Corps (IHSC)
888,2025SIR0012888/2025SIR0012910,Port Isabel Detention Center (PIDC)
889,2025SIR0012871,ERO Miami
889,2025SIR0012871,ICE Health Service Corps (IHSC)
889,2025SIR0012871,Krome Service Processing Center (KSPC)
890,2025SIR0012970,ERO Atlanta
890,2025SIR0012970,Folkston ICE Processing Center (FDRIPC)
891,2025SIR0012949,ERO Detroit
891,2025SIR0012949,Calhoun County Jail (CCJ)
892,2025SIR0012945,ERO Harlingen
892,2025SIR0012945,El Valle Detention Facility (EVDF)
893,2025SIR0012979,ERO Harlingen
893,2025SIR0012979,ICE Health Service Corps (IHSC)
893,2025SIR0012979,Port Isabel Detention Center (PIDC)
894,2025SIR0012954,ERO Houston
894,2025SIR0012954,Montgomery Processing Center (MPC)
894,2025SIR0012954,ICE Health Service Corps (IHSC)
895,2025SIR0012982,ERO Dallas
895,2025SIR0012982,Prairieland Detention Center (PDC)
896,2025SIR0013013,ERO Miami
896,2025SIR0013013,ICE Health Service Corps (IHSC)
896,2025SIR0013013,Krome Service Processing Center (KSPC)
897,2025SIR0013005,ERO Miami
897,2025SIR0013005,ICE Health Service Corps (IHSC)
897,2025SIR0013005,Baker County Detention Center (BCDC)
898,2025SIR0013022,ERO Atlanta
898,2025SIR0013022,Folkston ICE Processing Center (FDRIPC)
899,2025SIR0013048,ERO Harlingen
899,2025SIR0013048,Port Isabel Detention Center (PIDC)
900,2025SIR0013061,ERO Phoenix
900,2025SIR0013061,Central Arizona Florence Correctional Complex (CAFCC)
901,2025SIR0013085,ERO Los Angeles
901,2025SIR0013085,Adelanto ICE Processing Center (APC)
902,2025SIR0013081,ERO Miami
902,2025SIR0013081,ICE Health Service Corps (IHSC)
902,2025SIR0013081,Krome Service Processing Center (KSPC)
903,2025SIR0013135,ERO Philadelphia
903,2025SIR0013135,Pike County Correctional Facility (PCCF)
904,2025SIR0013212,ERO El Paso
904,2025SIR0013212,ICE Health Service Corps (IHSC)
904,2025SIR0013212,Torrance County Detention Facility (TCDF)
905,2025SIR0017837,ERO Harlingen
905,2025SIR0017837,Webb County Detention (WCDC)
906,2025SIR0017870,ERO Houston
906,2025SIR0017870,IAH Secure Adult Detention Center (IAH)
907,2025SIR0017931,ERO Atlanta
907,2025SIR0017931,ERO Miami
907,2025SIR0017931,Baker County Detention Center (BCDC)
908,2025SIR0017952,ERO Los Angeles
908,2025SIR0017952,ERO Adelanto
908,2025SIR0017952,Adelanto ICE Processing Center (APC)
909,2025SIR0017970,ERO Los Angeles
909,2025SIR0017970,ERO Adelanto
909,2025SIR0017970,Adelanto ICE Processing Center (APC)
910,2025SIR0017930,ERO Miami
910,2025SIR0017930,ICE Health Service Corps (IHSC)
910,2025SIR0017930,Krome Service Processing Center (KSPC)
911,2025SIR0018005,ERO San Diego
911,2025SIR0018005,Otay Mesa Detention Center (OMDC)
912,2025SIR0018033,ERO El Paso
912,2025SIR0018033,Camp East Montana (CEM)
913,2025SIR0018057,ERO El Paso
913,2025SIR0018057,ICE Health Service Corps (IHSC)
913,2025SIR0018057,Eloy Detention Center (EDC)
914,2025SIR0018042,ERO Phoenix
914,2025SIR0018042,Eloy Detention Center (EDC)
915,2025SIR0018054,ERO San Antonio
915,2025SIR0018054,ICE Health Service Corps (IHSC)
915,2025SIR0018054,South Texas ICE Processing Center (STIPC)
916,2025SIR0018097,ERO El Paso
916,2025SIR0018097,ICE Health Service Corps (IHSC)
916,2025SIR0018097,El Paso Processing Center (EPC)
917,2025SIR0018075,ERO Harlingen
917,2025SIR0018075,ICE Health Service Corps (IHSC)
917,2025SIR0018075,Port Isabel Detention Center (PIDC)
918,2025SIR0018087,ERO New Orleans
918,2025SIR0018087,Winn Correctional Center (WCC)
919,2025SIR0018146,ERO Boston
919,2025SIR0018146,Plymouth County Correctional Facility (PCCF)
920,2025SIR0018113/2025SIR0018114,ERO Los Angeles
920,2025SIR0018113/2025SIR0018114,ERO Adelanto
920,2025SIR0018113/2025SIR0018114,Adelanto ICE Processing Center (APC)
921,2025SIR0018250,ERO Los Angeles
921,2025SIR0018250,Adelanto ICE Processing Center (APC)
922,2025SIR0018181,ERO New Orleans
922,2025SIR0018181,Alexandria Staging Facility (ASF)
923,2025SIR0018191,ERO New Orleans
923,2025SIR0018191,Winn Correctional Center (WCC)
924,2025SIR0018326,ERO Dallas
924,2025SIR0018326,Bluebonnet Detention Center (BBDC)
925,2025SIR0018273,ERO Philadelphia
925,2025SIR0018273,Moshannon Valley Processing Center (MVPC)
926,2025SIR0018353,ERO San Francisco
926,2025SIR0018353,ERO Bakersfield
926,2025SIR0018353,ICE Office of the Principal Legal Advisor (OPLA)
926,2025SIR0018353,Mesa Verde ICE Processing Center (MVIPC)
926,2025SIR0018353,California City ICE Processing Center (CCIPC)
927,2025SIR0018389,ERO New Orleans
927,2025SIR0018389,Winn Correctional Center (WCC)
928,2025SIR0018414,ERO Harlingen
928,2025SIR0018414,Port Isabel Detention Center (PIDC)
929,2025SIR0013156,ERO Harlingen
929,2025SIR0013156,ICE Health Service Corps (IHSC)
929,2025SIR0013156,Port Isabel Detention Center (PIDC)
930,2025SIR0013176,ERO Miami
930,2025SIR0013176,ICE Health Service Corps (IHSC)
930,2025SIR0013176,Krome Service Processing Center (KSPC)
931,2025SIR0013187,ERO San Antonio
931,2025SIR0013187,ICE Health Service Corps (IHSC)
931,2025SIR0013187,South Texas ICE Processing Center (STIPC)
932,2025SIR0013218,ERO San Diego
932,2025SIR0013218,Otay Mesa Detention Center (OMDC)
933,2025SIR0013180,ERO Washington D.C.
933,2025SIR0013180,Caroline Detention Facility (CDF)
934,2025SIR0013290,ERO El Paso
934,2025SIR0013290,ICE Health Service Corps (IHSC)
934,2025SIR0013290,Enhanced Hardened Facility (EHF)
935,2025SIR0013231,ERO Houston
935,2025SIR0013231,ICE Health Service Corps (IHSC)
935,2025SIR0013231,Montgomery Processing Center (MPC)
936,2025SIR0013248,ERO New Orleans
936,2025SIR0013248,Adams County Detention Center (ACDC)
937,2025SIR0013282,ERO Seattle
937,2025SIR0013282,ICE Health Service Corps (IHSC)
937,2025SIR0013282,Northwest ICE Processing Center (NWPIC)
938,2025SIR0018472,ERO Harlingen
938,2025SIR0018472,ICE Health Service Corps (IHSC)
938,2025SIR0018472,Port Isabel Detention Center (PIDC)
939,2025SIR0013323,ERO Philadelphia
939,2025SIR0013323,Moshannon Valley Processing Center (MVPC)
940,2025SIR0018447,ERO San Antonio
940,2025SIR0018447,ICE Health Service Corps (IHSC)
940,2025SIR0018447,T. Don Hutto Detention Center (TDHDC)
941,2025SIR0013378,ERO Phoenix
941,2025SIR0013378,ICE Health Service Corps (IHSC)
941,2025SIR0013378,Eloy Detention Center (EDC)
942,2025SIR0018492,ERO Washington D.C.
942,2025SIR0018492,Farmville Detention Center (FDC)
943,2025SIR0013396,ERO Harlingen
943,2025SIR0013396,Webb County Detention (WCDC)
944,2025SIR0013399,ERO Phoenix
944,2025SIR0013399,Central Arizona Florence Correctional Complex (CAFCC)
945,2025SIR0013414,ERO Harlingen
945,2025SIR0013414,Port Isabel Detention Center (PIDC)
946,2025SIR0013423,ERO Miami
946,2025SIR0013423,ICE Health Service Corps (IHSC)
946,2025SIR0013423,Krome Service Processing Center (KSPC)
947,2025SIR0018531,ERO Boston
947,2025SIR0018531,ERO New Orleans
947,2025SIR0018531,Pine Prairie ICE Processing Center (PPC)
948,2025SIR0013451,ERO Atlanta
948,2025SIR0013451,Folkston ICE Processing Center (FDRIPC)
949,2025SIR0018319,ERO Atlanta
949,2025SIR0018319,Folkston ICE Processing Center (FDRIPC)
950,2025SIR0018679,ERO Dallas
950,2025SIR0018679,Prairieland Detention Center (PDC)
951,2025SIR0018721,ERO Miami
951,2025SIR0018721,Krome Service Processing Center (KSPC)
952,2025SIR0013529,ERO El Paso
952,2025SIR0013529,Cibola County Correctional Center (CCCC)
953,2025SIR0018699,ERO New York
953,2025SIR0018699,ICE Health Service Corps (IHSC)
953,2025SIR0018699,Orange County Jail (OCJ)
954,2025SIR0018661,ERO Philadelphia
954,2025SIR0018661,ERO York
954,2025SIR0018661,Moshannon Valley Processing Center (MVPC)
955,2025SIR0018756,ERO Atlanta
955,2025SIR0018756,ICE Health Service Corps (IHSC)
955,2025SIR0018756,Stewart Detention Center (SDC)
956,2025SIR0013462,ERO Dallas
956,2025SIR0013462,Bluebonnet Detention Center (BBDC)
957,2025SIR0018740,ERO Dallas
957,2025SIR0018740,ICE Health Service Corps (IHSC)
957,2025SIR0018740,Prairieland Detention Center (PDC)
958,2025SIR0013581,ERO Harlingen
958,2025SIR0013581,ICE Health Service Corps (IHSC)
958,2025SIR0013581,Port Isabel Detention Center (PIDC)
959,2025SIR0013584,ERO Los Angeles
959,2025SIR0013584,ERO Adelanto
959,2025SIR0013584,Adelanto ICE Processing Center (APC)
960,2025SIR0018732,ERO Phoenix
960,2025SIR0018732,ICE Health Service Corps (IHSC)
960,2025SIR0018732,Eloy Detention Center (EDC)
960,2025SIR0018732,Eloy Police Department (EPD)
961,2025SIR0018742,ERO Phoenix
961,2025SIR0018742,ICE Health Service Corps (IHSC)
961,2025SIR0018742,Central Arizona Florence Correctional Complex (CAFCC)
962,2025SIR0013565,ERO Washington D.C.
962,2025SIR0013565,Caroline Detention Facility (CDF)
963,2025SIR0018743,ERO San Antonio
963,2025SIR0018743,ICE Health Service Corps (IHSC)
963,2025SIR0018743,South Texas ICE Processing Center (STIPC)
964,2025SIR0018744,ERO San Antonio
964,2025SIR0018744,ICE Health Service Corps (IHSC)
964,2025SIR0018744,South Texas ICE Processing Center (STIPC)
965,2025SIR0018761,ERO Boston
965,2025SIR0018761,Strafford County Department of Corrections (SCDOC)
966,2025SIR0018828,ERO Chicago
966,2025SIR0018828,ICE Health Service Corps (IHSC)
966,2025SIR0018828,Kenton County Detention Center (KCDC)
967,2025SIR0018823,ERO El Paso
967,2025SIR0018823,ICE Health Service Corps (IHSC)
967,2025SIR0018823,El Paso Processing Center (EPC)
968,2025SIR0018807,ERO Miami
968,2025SIR0018807,Krome Service Processing Center (KSPC)
968,2025SIR0018807,ICE Health Service Corps (IHSC)
969,2025SIR0013623,ERO Detroit
969,2025SIR0013623,Calhoun County Jail (CCJ)
970,2025SIR0013658,ERO Los Angeles
970,2025SIR0013658,ERO Adelanto
970,2025SIR0013658,Adelanto ICE Processing Center (APC)
971,2025SIR0013673,ERO Phoenix
971,2025SIR0013673,Central Arizona Florence Correctional Complex (CAFCC)
972,2025SIR0018863,ERO Harlingen
972,2025SIR0018863,Port Isabel Detention Center (PIDC)
973,2025SIR0018880,ERO San Francisco
973,2025SIR0018880,California City ICE Processing Center (CCIPC)
974,2025SIR0013716,ERO Dallas
974,2025SIR0013716,Bluebonnet Detention Center (BBDC)
975,2025SIR0013725,ERO Seattle
975,2025SIR0013725,Anchorage City Jail (ACJ)
976,2025SIR0018970,ERO Harlingen
976,2025SIR0018970,Webb County Detention (WCDC)
977,2025SIR0018928,ERO Harlingen
977,2025SIR0018928,Port Isabel Detention Center (PIDC)
978,2025SIR0019060,ERO Harlingen
978,2025SIR0019060,ICE Health Service Corps (IHSC)
978,2025SIR0019060,Port Isabel Detention Center (PIDC)
979,2025SIR0019019,ERO Philadelphia
979,2025SIR0019019,ERO York
979,2025SIR0019019,Moshannon Valley Processing Center (MVPC)
980,2025SIR0019049,ERO Philadelphia
980,2025SIR0019049,ERO York
980,2025SIR0019049,Moshannon Valley Processing Center (MVPC)
981,2025SIR0019086,ERO Boston
981,2025SIR0019086,Strafford County Department of Corrections (SCDOC)
982,2025SIR0019122,ERO Phoenix
982,2025SIR0019122,ICE Health Service Corps (IHSC)
982,2025SIR0019122,Eloy Detention Center (EDC)
983,2025SIR0019124,ERO Phoenix
983,2025SIR0019124,ICE Health Service Corps (IHSC)
983,2025SIR0019124,Eloy Detention Center (EDC)
983,2025SIR0019124,EMS
984,2025SIR0019097,ERO San Antonio
984,2025SIR0019097,ICE Health Service Corps (IHSC)
984,2025SIR0019097,South Texas ICE Processing Center (STIPC)
985,2025SIR0019069,ERO Seattle
985,2025SIR0019069,Northwest ICE Processing Center (NWPIC)
986,2025SIR0019188,ERO Atlanta
986,2025SIR0019188,Folkston ICE Processing Center (FDRIPC)
987,2025SIR0019206,ERO Dallas
987,2025SIR0019206,Prairieland Detention Center (PDC)
988,2025SIR0019173,ERO El Paso
988,2025SIR0019173,Camp East Montana (CEM)
989,2025SIR0019199,ERO Miami
989,2025SIR0019199,ICE Health Service Corps (IHSC)
989,2025SIR0019199,Krome Service Processing Center (KSPC)
990,2025SIR0019210,ERO Miami
990,2025SIR0019210,Krome Service Processing Center (KSPC)
991,2025SIR0019235,ERO El Paso
991,2025SIR0019235,ICE Health Service Corps (IHSC)
991,2025SIR0019235,El Paso Processing Center (EPC)
992,2025SIR0019220,ERO Harlingen
992,2025SIR0019220,Port Isabel Detention Center (PIDC)
993,2025SIR0019225,ERO Harlingen
993,2025SIR0019225,Port Isabel Detention Center (PIDC)
994,2025SIR0019219,ERO New Orleans
994,2025SIR0019219,Winn Correctional Center (WCC)
995,2025SIR0019307,ERO Harlingen
995,2025SIR0019307,ICE Health Service Corps (IHSC)
995,2025SIR0019307,Port Isabel Detention Center (PIDC)
996,2025SIR0019306,ERO Harlingen
996,2025SIR0019306,ICE Health Service Corps (IHSC)
996,2025SIR0019306,Port Isabel Detention Center (PIDC)
997,2025SIR0019346,ERO Harlingen
997,2025SIR0019346,ICE Health Service Corps (IHSC)
997,2025SIR0019346,Port Isabel Detention Center (PIDC)
998,2025SIR0019273,ERO Philadelphia
998,2025SIR0019273,Moshannon Valley Processing Center (MVPC)
999,2025SIR0019389,ERO Harlingen
999,2025SIR0019389,ICE Health Service Corps (IHSC)
999,2025SIR0019389,Port Isabel Detention Center (PIDC)
1000,2025SIR0019390,ERO Harlingen
1000,2025SIR0019390,ICE Health Service Corps (IHSC)
1000,2025SIR0019390,Port Isabel Detention Center (PIDC)
1001,2025SIR0019392,ERO Houston
1001,2025SIR0019392,ICE Health Service Corps (IHSC)
1001,2025SIR0019392,Joe Corley Processing Center (JCPC)
1002,2025SIR0019458,ERO Harlingen
1002,2025SIR0019458,ICE Health Service Corps (IHSC)
1002,2025SIR0019458,Port Isabel Detention Center (PIDC)
1003,2025SIR0019457,ERO Harlingen
1003,2025SIR0019457,ICE Health Service Corps (IHSC)
1003,2025SIR0019457,Port Isabel Detention Center (PIDC)
1004,2025SIR0019474,ERO Philadelphia
1004,2025SIR0019474,Moshannon Valley Processing Center (MVPC)
1005,2025SIR0019535,ERO Dallas
1005,2025SIR0019535,ICE Health Service Corps (IHSC)
1005,2025SIR0019535,Eden Detention Center (EDC)
1006,2025SIR0019535,ERO Harlingen
1006,2025SIR0019535,ICE Health Service Corps (IHSC)
1006,2025SIR0019535,Port Isabel Detention Center (PIDC)
1007,2025SIR0019534,ERO Harlingen
1007,2025SIR0019534,ICE Health Service Corps (IHSC)
1007,2025SIR0019534,Port Isabel Detention Center (PIDC)
1008,2025SIR0019538,ERO New Orleans
1008,2025SIR0019538,Winn Correctional Center (WCC)
1009,2025SIR0019595,ERO New Orleans
1009,2025SIR0019595,River Correctional Center (RCC)
1010,2025SIR0019605,ERO Phoenix
1010,2025SIR0019605,ICE Health Service Corps (IHSC)
1010,2025SIR0019605,Eloy Detention Center (EDC)
1011,2025SIR0019615,ERO Phoenix
1011,2025SIR0019615,ICE Health Service Corps (IHSC)
1011,2025SIR0019615,Eloy Detention Center (EDC)
1012,2025SIR0019653,ERO El Paso
1012,2025SIR0019653,Otero County Processing Center (OCPC)
1013,2025SIR0019628,ERO Miami
1013,2025SIR0019628,Krome Service Processing Center (KSPC)
1014,2025SIR0019699,ERO El Paso
1014,2025SIR0019699,ICE Health Service Corps (IHSC)
1014,2025SIR0019699,El Paso Processing Center (EPC)
1015,2025SIR0019621,ERO Los Angeles
1015,2025SIR0019621,Adelanto ICE Processing Center (APC)
1016,2025SIRO019702,ERO San Francisco
1016,2025SIRO019702,ICE Health Service Corps (IHSC)
1016,2025SIRO019702,California City ICE Processing Center (CCIPC)
1017,2025SIR0013771,ERO San Antonio
1017,2025SIR0013771,ICE Health Service Corps (IHSC)
1017,2025SIR0013771,South Texas ICE Processing Center (STIPC)
1018,2025SIR0013769,ERO San Antonio
1018,2025SIR0013769,ICE Health Service Corps (IHSC)
1018,2025SIR0013769,South Texas ICE Processing Center (STIPC)
1019,2025SIR0013772,ERO San Antonio
1019,2025SIR0013772,ICE Health Service Corps (IHSC)
1019,2025SIR0013772,South Texas ICE Processing Center (STIPC)
1020,2025SIR0013777,ERO Seattle
1020,2025SIR0013777,ICE Health Service Corps (IHSC)
1020,2025SIR0013777,Northwest ICE Processing Center (NWPIC)
1021,2025SIR0013757,ERO Washington D.C.
1021,2025SIR0013757,Farmville Detention Center (FDC)
1022,2025SIR0013758,ERO Washington D.C.
1022,2025SIR0013758,Farmville Detention Center (FDC)
1023,2025SIR0013832,ERO Harlingen
1023,2025SIR0013832,Port Isabel Detention Center (PIDC)
1024,2025SIR0013872,ERO Los Angeles
1024,2025SIR0013872,Adelanto ICE Processing Center (APC)
1025,2025SIR0013937,ERO Harlingen
1025,2025SIR0013937,El Valle Detention Facility (EVDF)
1026,2025SIR0013910,ERO San Antonio
1026,2025SIR0013910,ICE Health Service Corps (IHSC)
1026,2025SIR0013910,South Texas ICE Processing Center (STIPC)
1027,2025SIR0013961,ERO Dallas
1027,2025SIR0013961,Prairieland Detention Center (PDC)
1027,2025SIR0013961,ICE Health Service Corps (IHSC)
1028,2025SIR0014040,ERO Atlanta
1028,2025SIR0014040,Stewart Detention Center (SDC)
1029,2025SIR0014085,ERO Chicago
1029,2025SIR0014085,Clay County Justice Center (CCJC)
1030,2025SIR0014082,ERO Salt Lake
1030,2025SIR0014082,Nevada Southern Detention Center (NSDC)
1031,2025SIR0014207,ERO San Antonio
1031,2025SIR0014207,ICE Health Service Corps (IHSC)
1031,2025SIR0014207,South Texas ICE Processing Center (STIPC)
1032,2025SIR0014253,ERO Boston
1032,2025SIR0014253,ICE Health Service Corps (IHSC)
1032,2025SIR0014253,Federal Correctional Institute Berlin (FCIB)
1032,2025SIR0014253,Strafford County Department of Corrections (SCDOC)
1033,2025SIR0014236,ERO Detroit
1033,2025SIR0014236,Northeast Ohio Correctional Center (NEOCC)
1034,2025SIR0014234,ERO El Paso
1034,2025SIR0014234,Cibola County Correctional Center (CCCC)
1035,2025SIR0014263,ERO San Antonio
1035,2025SIR0014263,T. Don Hutto Detention Center (TDHDC)
1035,2025SIR0014263,ICE Health Service Corps (IHSC)
1036,2025SIR0014366,ERO Miami
1036,2025SIR0014366,ICE Health Service Corps (IHSC)
1036,2025SIR0014366,Krome Service Processing Center (KSPC)
1037,2025SIR0014468,ERO San Antonio
1037,2025SIR0014468,T. Don Hutto Detention Center (TDHDC)
1037,2025SIR0014468,ICE Health Service Corps (IHSC)
1038,2025SIR0014473,ERO Washington D.C.
1038,2025SIR0014473,Farmville Detention Center (FDC)
1039,2025SIR0014526,ERO Atlanta
1039,2025SIR0014526,Folkston ICE Processing Center (FDRIPC)
1040,2025SIR0014559,ERO Houston
1040,2025SIR0014559,ICE Health Service Corps (IHSC)
1040,2025SIR0014559,Joe Corley Processing Center (JCPC)
1041,2025SIR0014541,ERO Seattle
1041,2025SIR0014541,ICE Health Service Corps (IHSC)
1041,2025SIR0014541,Northwest ICE Processing Center (NWPIC)
1042,2025SIR0014599,ERO El Paso
1042,2025SIR0014599,ICE Health Service Corps (IHSC)
1042,2025SIR0014599,Otero County Processing Center (OCPC)
1043,2025SIR0014600,ERO Miami
1043,2025SIR0014600,ICE Health Service Corps (IHSC)
1043,2025SIR0014600,Krome Service Processing Center (KSPC)
1044,2025SIR0014608,ERO San Antonio
1044,2025SIR0014608,Dilley Immigration Processing Center (DIPC)
1045,2025SIR0014622,ERO El Paso
1045,2025SIR0014622,ICE Health Service Corps (IHSC)
1045,2025SIR0014622,El Paso Processing Center (EPC)
1046,2025SIR0014621,ERO El Paso
1046,2025SIR0014621,ICE Health Service Corps (IHSC)
1046,2025SIR0014621,El Paso Processing Center (EPC)
1047,2025SIR0014730,ERO Detroit
1047,2025SIR0014730,Calhoun County Jail (CCJ)
1048,2025SIR0014724,ERO Detroit
1048,2025SIR0014724,Monroe County Jail (MCJ)
1049,2025SIR0014714,ERO Houston
1049,2025SIR0014714,ICE Health Service Corps (IHSC)
1049,2025SIR0014714,Montgomery Processing Center (MPC)
1050,2025SIR0014388,ERO Los Angeles
1050,2025SIR0014388,Adelanto ICE Processing Center (APC)
1050,2025SIR0014388,Anaheim Global Medical Center (AGMC)
1051,2025SIR0014427,ERO Los Angeles
1051,2025SIR0014427,ERO Adelanto
1051,2025SIR0014427,Adelanto ICE Processing Center (APC)
1052,2026SIR0001992,ERO Houston
1052,2026SIR0001992,ICE Health Service Corps (IHSC)
1052,2026SIR0001992,Houston Contract Detention Facility (HCDF)
1053,2026SIR0001935,ERO San Antonio
1053,2026SIR0001935,ICE Health Service Corps (IHSC)
1053,2026SIR0001935,South Texas ICE Processing Center (STIPC)
1054,2025SIR0014749,ERO New Orleans
1054,2025SIR0014749,Adams County Detention Center (ACDC)
1055,2026SIR0001919,ERO San Diego
1055,2026SIR0001919,Otay Mesa Detention Center (OMDC)
1056,2025SIR0014777,ERO Detroit
1056,2025SIR0014777,ICE Health Service Corps (IHSC)
1056,2025SIR0014777,Calhoun County Jail (CCJ)
1057,2026SIR0001999,ERO Dallas
1057,2026SIR0001999,Cimarron Correctional Facility (CCF)
1058,2025SIR0014786,ERO Miami
1058,2025SIR0014786,ICE Health Service Corps (IHSC)
1058,2025SIR0014786,Krome Service Processing Center (KSPC)
1059,2026SIR0002007,ERO Miami
1059,2026SIR0002007,ICE Health Service Corps (IHSC)
1059,2026SIR0002007,Krome Service Processing Center (KSPC)
1060,2025SIR0014809,ERO Philadelphia
1060,2025SIR0014809,Pike County Correctional Facility (PCCF)
1061,2025SIR0014875,ERO Detroit
1061,2025SIR0014875,ICE Health Service Corps (IHSC)
1061,2025SIR0014875,Calhoun County Jail (CCJ)
1062,2026SIR0002092,ERO Boston
1062,2026SIR0002092,Plymouth County Correctional Facility (PCCF)
1063,2026SIR0002077,ERO Philadelphia
1063,2026SIR0002077,Moshannon Valley Processing Center (MVPC)
1064,2026SIR0002139,ERO Miami
1064,2026SIR0002139,ICE Health Service Corps (IHSC)
1064,2026SIR0002139,Krome Service Processing Center (KSPC)
1065,2026SIR0002131,ERO Phoenix
1065,2026SIR0002131,Central Arizona Florence Correctional Complex (CAFCC)
1066,2026SIR0002152,ERO Saint Paul
1066,2026SIR0002152,ICE Health Service Corps (IHSC)
1066,2026SIR0002152,Freeborn County Jail (FCJ)
1067,2026SIR0002223,ERO San Francisco
1067,2026SIR0002223,Golden State Annex (GSA)
1068,2026SIR0002204,ERO Seattle
1068,2026SIR0002204,Northwest ICE Processing Center (NWPIC)
1069,2026SIR0002325,ERO Dallas
1069,2026SIR0002325,Prairieland Detention Center (PDC)
1070,2026SIR0002370,ERO Los Angeles
1070,2026SIR0002370,Adelanto ICE Processing Center (APC)
1071,2026SIR0002415,ERO New Orleans
1071,2026SIR0002415,Jackson Parish Correctional Center (JPCC)
1072,2026SIR0002461,ERO New Orleans
1072,2026SIR0002461,Pine Prairie ICE Processing Center (PPC)
1073,2026SIR0002484,ERO Washington D.C.
1073,2026SIR0002484,Farmville Detention Center (FDC)
1074,2026SIR0002486,ERO Washington D.C.
1074,2026SIR0002486,Farmville Detention Center (FDC)
1075,2026SIR0002536,ERO Harlingen
1075,2026SIR0002536,El Valle Detention Facility (EVDF)
1076,2026SIR0002500,ERO Philadelphia
1076,2026SIR0002500,Moshannon Valley Processing Center (MVPC)
1077,2026SIR0002588,ERO Harlingen
1077,2026SIR0002588,El Valle Detention Facility (EVDF)
1078,2026SIR0002606,ERO Harlingen
1078,2026SIR0002606,ICE Health Service Corps (IHSC)
1078,2026SIR0002606,Port Isabel Detention Center (PIDC)
1079,2026SIR0002544,ERO Miami
1079,2026SIR0002544,ICE Health Service Corps (IHSC)
1079,2026SIR0002544,Krome Service Processing Center (KSPC)
1080,2026SIR0002614,ERO New Orleans
1080,2026SIR0002614,Allen Parish Public Safety Complex (APPSC)
1081,2026SIR0002635,ERO Chicago
1081,2026SIR0002635,South Texas Immigration Processing Center (STIPC)
1082,2026SIR0002622,ERO Harlingen
1082,2026SIR0002622,Port Isabel Detention Center (PIDC)
1083,2026SIR0000513,ERO Boston
1083,2026SIR0000513,Plymouth County Correctional Facility (PCCF)
1084,2026SIR0002693,ERO Philadelphia
1084,2026SIR0002693,Moshannon Valley Processing Center (MVPC)
1085,2026SIR0002751,ERO Harlingen
1085,2026SIR0002751,Port Isabel Detention Center (PIDC)
1086,2026SIR0002913,ERO Harlingen
1086,2026SIR0002913,Port Isabel Detention Center (PIDC)
1087,2026SIR0002919,ERO Harlingen
1087,2026SIR0002919,El Valle Detention Facility (EVDF)
1088,2026SIR0002908,ERO Miami
1088,2026SIR0002908,ICE Health Service Corps (IHSC)
1088,2026SIR0002908,Glades County Detention Center (GCDC)
1089,2026SIR0002824,ERO Philadelphia
1089,2026SIR0002824,Moshannon Valley Processing Center (MVPC)
1090,2026SIR0002926,ERO Chicago
1090,2026SIR0002926,ICE Health Service Corps (IHSC)
1090,2026SIR0002926,Miami Correctional Center (MCC)
1091,2026SIR0002916,ERO Los Angeles
1091,2026SIR0002916,Adelanto ICE Processing Center (APC)
1092,2026SIRO002936,ERO New Orleans
1092,2026SIRO002936,Winn Correctional Center (WCC)
1093,2026SIR0003022,ERO Atlanta
1093,2026SIR0003022,Folkston ICE Processing Center (FDRIPC)
1094,2026SIR0002997,ERO Harlingen
1094,2026SIR0002997,ICE Health Service Corps (IHSC)
1094,2026SIR0002997,Port Isabel Detention Center (PIDC)
1095,2026SIR0003036,ERO Miami
1095,2026SIR0003036,ICE Health Service Corps (IHSC)
1095,2026SIR0003036,Krome Service Processing Center (KSPC)
1096,2026SIR0003080,ERO San Antonio
1096,2026SIR0003080,ICE Health Service Corps (IHSC)
1096,2026SIR0003080,South Texas ICE Processing Center (STIPC)
1097,2026SIR0003109,ERO San Antonio
1097,2026SIR0003109,ICE Health Service Corps (IHSC)
1097,2026SIR0003109,South Texas ICE Processing Center (STIPC)
1098,2026SIR0003351,ERO Boston
1098,2026SIR0003351,Strafford County Department of Corrections (SCDOC)
1099,2026SIR0003261,ERO Denver
1099,2026SIR0003261,Denver Contract Detention Facility (DCDF)
1100,2026SIR0003285,ERO San Antonio
1100,2026SIR0003285,ICE Health Service Corps (IHSC)
1100,2026SIR0003285,South Texas ICE Processing Center (STIPC)
1101,2026SIR0003403,ERO Chicago
1101,2026SIR0003403,ICE Health Service Corps (IHSC)
1101,2026SIR0003403,Kenton County Jail (KCJ)
1102,2025SIR0014886,ERO Boston
1102,2025SIR0014886,Strafford County Department of Corrections (SCDOC)
1103,2026SIR0003407,ERO San Antonio
1103,2026SIR0003407,ICE Health Service Corps (IHSC)
1103,2026SIR0003407,South Texas ICE Processing Center (STIPC)
1104,2025SIR0014966,ERO Houston
1104,2025SIR0014966,Montgomery Processing Center (MPC)
1105,2025SIR0014914,ERO Phoenix
1105,2025SIR0014914,Eloy Detention Center (EDC)
1106,2026SIR0003422,ERO New Orleans
1106,2026SIR0003422,Central Louisiana ICE Correctional Center (CLIPC)
1107,2025SIR0014967,ERO San Antonio
1107,2025SIR0014967,ICE Health Service Corps (IHSC)
1107,2025SIR0014967,South Texas ICE Processing Center (STIPC)
1107,2025SIR0014967,Frio Regional Hospital (FRH)
1108,2025SIR0014924,ERO San Francisco
1108,2025SIR0014924,Golden State Annex (GSA)
1108,2025SIR0014924,ICE Health Service Corps (IHSC)
1109,2025SIR0015034,ERO Los Angeles
1109,2025SIR0015034,Adelanto ICE Processing Center (APC)
1110,2025SIR0015037,ERO Los Angeles
1110,2025SIR0015037,ERO Adelanto
1110,2025SIR0015037,Adelanto ICE Processing Center (APC)
1111,2026SIR0003576,ERO Atlanta
1111,2026SIR0003576,Stewart Detention Center (SDC)
1112,2025SIR0015035,ERO New Orleans
1112,2025SIR0015035,Central Louisiana ICE Correctional Center (CLIPC)
1113,2026SIR0003480,ERO Philadelphia
1113,2026SIR0003480,Moshannon Valley Processing Center (MVPC)
1114,2025SIR0015063,ERO San Antonio
1114,2025SIR0015063,ICE Health Service Corps (IHSC)
1114,2025SIR0015063,South Texas ICE Processing Center (STIPC)
1115,2026SIR0003564,ERO Phoenix
1115,2026SIR0003564,Eloy Detention Center (EDC)
1116,2025SIR0015018,ERO Washington D.C.
1116,2025SIR0015018,Farmville Detention Center (FDC)
1117,2026SIR0003636,ERO Boston
1117,2026SIR0003636,Strafford County Department of Corrections (SCDOC)
1118,2025SIR0015085,ERO Atlanta
1118,2025SIR0015085,Stewart Detention Center (SDC)
1119,2026SIR0003584,ERO Denver
1119,2026SIR0003584,Denver Contract Detention Facility (DCDF)
1120,2025SIR0015132,ERO El Paso
1120,2025SIR0015132,Cibola County Correctional Center (CCCC)
1121,2026SIR0003599,ERO Harlingen
1121,2026SIR0003599,ICE Health Service Corps (IHSC)
1121,2026SIR0003599,Port Isabel Detention Center (PIDC)
1122,2025SIR0015126,ERO San Antonio
1122,2025SIR0015126,ICE Health Service Corps (IHSC)
1122,2025SIR0015126,South Texas ICE Processing Center (STIPC)
1123,2026SIR0003613,ERO Philadelphia
1123,2026SIR0003613,Moshannon Valley Processing Center (MVPC)
1124,2025SIR0015162,ERO Atlanta
1124,2025SIR0015162,Stewart Detention Center (SDC)
1125,2026SIR0003651,ERO Atlanta
1125,2026SIR0003651,ICE Health Service Corps (IHSC)
1125,2026SIR0003651,Folkston ICE Processing Center (FDRIPC)
1126,2025SIRO015204,ERO Boston
1126,2025SIRO015204,Plymouth County Correctional Facility (PCCF)
1126,2025SIRO015204,Plymouth County Sheriff's Department (PCSD)
1127,2026SIR0003657,ERO Denver
1127,2026SIR0003657,Denver Contract Detention Facility (DCDF)
1128,2025SIR0014990,HSI Norfolk
1128,2025SIR0014990,ERO Norfolk
1128,2025SIR0014990,CBP
1128,2025SIR0014990,U.S. Marshals Service (USMS)
1129,2025SIR0015107,ERO San Francisco
1130,2025SIR0015183,ERO Washington D.C.
1130,2025SIR0015183,Farmville Detention Center (FDC)
1131,2026SIR0003649,ERO Harlingen
1131,2026SIR0003649,ICE Health Service Corps (IHSC)
1131,2026SIR0003649,Port Isabel Detention Center (PIDC)
1132,2025SIR0015250,ERO Boston
1132,2025SIR0015250,Federal Correctional Institute Berlin (FCIB)
1132,2025SIR0015250,Plymouth County Sheriff's Department (PCSD)
1133,2026SIR0003648,ERO Harlingen
1133,2026SIR0003648,ICE Health Service Corps (IHSC)
1133,2026SIR0003648,Port Isabel Detention Center (PIDC)
1134,2025SIR0015255,ERO Detroit
1134,2025SIR0015255,ICE Health Service Corps (IHSC)
1134,2025SIR0015255,Chippewa County Jail (CCJ)
1135,2026SIR0003663/2026SIR0003680,ERO Harlingen
1135,2026SIR0003663/2026SIR0003680,ICE Health Service Corps (IHSC)
1135,2026SIR0003663/2026SIR0003680,Port Isabel Detention Center (PIDC)
1136,2025SIR0015227,ERO Houston
1136,2025SIR0015227,Joe Corley Processing Center (JCPC)
1137,2025SIR0015272,ERO San Antonio
1137,2025SIR0015272,ICE Health Service Corps (IHSC)
1137,2025SIR0015272,South Texas ICE Processing Center (STIPC)
1138,2025SIR0015278,ERO San Antonio
1138,2025SIR0015278,ICE Health Service Corps (IHSC)
1138,2025SIR0015278,South Texas ICE Processing Center (STIPC)
1139,2026SIR0003718,ERO Harlingen
1139,2026SIR0003718,ICE Health Service Corps (IHSC)
1139,2026SIR0003718,Port Isabel Detention Center (PIDC)
1140,2026SIR0003702,ERO Houston
1140,2026SIR0003702,ICE Health Service Corps (IHSC)
1140,2026SIR0003702,Montgomery Processing Center (MPC)
1141,2026SIR0003708,ERO San Diego
1141,2026SIR0003708,Otay Mesa Detention Center (OMDC)
1142,2025SIR0015303,ERO Detroit
1142,2025SIR0015303,Mahoning County Jail (MCJ)
1143,2025SIR0015287,ERO Houston
1143,2025SIR0015287,Joe Corley Processing Center (JCPC)
1144,2026SIR0003741/2026SIR0003742,ERO Harlingen
1144,2026SIR0003741/2026SIR0003742,ICE Health Service Corps (IHSC)
1144,2026SIR0003741/2026SIR0003742,Port Isabel Detention Center (PIDC)
1145,2026SIR0003732,ERO New Orleans
1145,2026SIR0003732,Jackson Parish Correctional Center (JPCC)
1146,2026SIR0003747,ERO New Orleans
1146,2026SIR0003747,Adams County Detention Center (ACDC)
1147,2026SIR0003748,ERO San Antonio
1147,2026SIR0003748,South Texas ICE Processing Center (STIPC)
1148,2025SIR0015340 / 2025SIR0015341,ERO Dallas
1148,2025SIR0015340 / 2025SIR0015341,Prairieland Detention Center (PDC)
1149,2026SIR0003757,ERO Atlanta
1149,2026SIR0003757,Folkston ICE Processing Center (FDRIPC)
1150,2026SIR0003756,ERO Atlanta
1150,2026SIR0003756,Folkston ICE Processing Center (FDRIPC)
1151,2025SIR0015393,ERO Harlingen
1151,2025SIR0015393,ICE Health Service Corps (IHSC)
1151,2025SIR0015393,Port Isabel Detention Center (PIDC)
1152,2026SIR0003770,ERO Harlingen
1152,2026SIR0003770,ICE Health Service Corps (IHSC)
1152,2026SIR0003770,Port Isabel Detention Center (PIDC)
1153,2026SIR0003761,ERO San Antonio
1153,2026SIR0003761,South Texas ICE Processing Center (STIPC)
1154,2026SIR0003796,ERO Harlingen
1154,2026SIR0003796,ICE Health Service Corps (IHSC)
1154,2026SIR0003796,Port Isabel Detention Center (PIDC)
1155,2026SIR0003834,ERO New Orleans
1155,2026SIR0003834,Winn Parish Correctional Center (WPCC)
1156,2026SIR0003829,ERO New York
1156,2026SIR0003829,ERO Central Islip
1156,2026SIR0003829,Nassau County Corrections Center (NCCC)
1157,2025SIR0015518,ERO El Paso
1157,2025SIR0015518,ERO Albuquerque
1157,2025SIR0015518,ICE Health Service Corps (IHSC)
1157,2025SIR0015518,Torrance County Detention Facility (TCDF)
1158,2025SIR0015513,ERO Philadelphia
1158,2025SIR0015513,Moshannon Valley Processing Center (MVPC)
1159,2025SIR0015542,ERO Miami
1159,2025SIR0015542,ICE Health Service Corps (IHSC)
1159,2025SIR0015542,Krome Service Processing Center (KSPC)
1159,2025SIR0015542,West Kendall Baptist Hospital (WKBH)
1160,2025SIR0015589,ERO Philadelphia
1160,2025SIR0015589,Moshannon Valley Processing Center (MVPC)
1161,2026SIR0003863,ERO Atlanta
1161,2026SIR0003863,Stewart Detention Center (SDC)
1162,2026SIR0003862,ERO Denver
1162,2026SIR0003862,Denver Contract Detention Facility (DCDF)
1163,2026SIR0003848/2026SIR0003847,ERO Harlingen
1163,2026SIR0003848/2026SIR0003847,ICE Health Service Corps (IHSC)
1163,2026SIR0003848/2026SIR0003847,Port Isabel Detention Center (PIDC)
1164,2026SIR0003859,ERO Harlingen
1164,2026SIR0003859,El Valle Detention Facility (EVDF)
1165,2025SIR0003906,ERO Harlingen
1165,2025SIR0003906,Webb County Detention (WCDC)
1166,2026SIR0003924,ERO New Orleans
1166,2026SIR0003924,ERO Fort Smith
1166,2026SIR0003924,Jackson Parish Correctional Center (JPCC)
1167,2026SIR0004000,ERO Harlingen
1167,2026SIR0004000,ICE Health Service Corps (IHSC)
1167,2026SIR0004000,Port Isabel Detention Center (PIDC)
1168,2025SIR0015645,ERO Washington D.C.
1168,2025SIR0015645,Farmville Detention Center (FDC)
1169,2026SIR0003940,ERO Harlingen
1169,2026SIR0003940,ICE Health Service Corps (IHSC)
1169,2026SIR0003940,Port Isabel Detention Center (PIDC)
1170,2026SIR0003934,ERO Los Angeles
1170,2026SIR0003934,Desert View Facility (DVF)
1171,2026SIR0003991,ERO Philadelphia
1171,2026SIR0003991,Moshannon Valley Processing Center (MVPC)
1172,2026SIR0004046,ERO Harlingen
1172,2026SIR0004046,ICE Health Service Corps (IHSC)
1172,2026SIR0004046,Port Isabel Detention Center (PIDC)
1173,2026SIR0004072,ERO Miami
1173,2026SIR0004072,ICE Health Service Corps (IHSC)
1173,2026SIR0004072,Krome Service Processing Center (KSPC)
1174,2025SIR0015707,ERO New York
1174,2025SIR0015707,Orange County Jail (OCJ)
1175,2026SIR0004071,ERO San Antonio
1175,2026SIR0004071,South Texas ICE Processing Center (STIPC)
1176,2025SIR0015696,ERO Phoenix
1176,2025SIR0015696,Central Arizona Florence Correctional Complex (CAFCC)
1177,2026SIR0004206,ERO Miami
1177,2026SIR0004206,ICE Health Service Corps (IHSC)
1177,2026SIR0004206,Krome Service Processing Center (KSPC)
1178,2026SIR0004234,ERO New Orleans
1178,2026SIR0004234,ICE Health Service Corps (IHSC)
1178,2026SIR0004234,Central Louisiana ICE Correctional Center (CLIPC)
1179,2026SIR0004227,ERO Philadelphia
1179,2026SIR0004227,Clinton County Correctional Facility (CCCF)
1180,2026SIR0004233,ERO San Antonio
1180,2026SIR0004233,ICE Health Service Corps (IHSC)
1180,2026SIR0004233,South Texas ICE Processing Center (STIPC)
1181,2026SIR0004228,ERO San Antonio
1181,2026SIR0004228,South Texas ICE Processing Center (STIPC)
1182,2025SIR0009726,ERO El Paso
1182,2025SIR0009726,ICE Health Service Corps (IHSC)
1182,2025SIR0009726,El Paso Processing Center (EPC)
1183,2025SIR0009730,ERO Harlingen
1183,2025SIR0009730,ICE Health Service Corps (IHSC)
1183,2025SIR0009730,Port Isabel Detention Center (PIDC)
1184,2025SIR0009746,ERO Seattle
1184,2025SIR0009746,Northwest ICE Processing Center (NWPIC)
1185,2025SIR0009940,ERO Atlanta
1185,2025SIR0009940,Folkston ICE Processing Center (FDRIPC)
1186,2025SIR0009838,ERO Philadelphia
1186,2025SIR0009838,Moshannon Valley Processing Center (MVPC)
1187,2025SIR0009749,ERO Dallas
1188,2025SIR0009864,ERO New York City
1188,2025SIR0009864,ICE Health Service Corps (IHSC)
1188,2025SIR0009864,Nassau County Corrections Center (NCCC)
1189,2025SIR0009971,ERO Miami
1189,2025SIR0009971,Broward Transitional Center (BTC)
1190,2025SIR0009957,ERO New Orleans
1190,2025SIR0009957,Richwood Correctional Center (RCC)
1191,2025SIR0010018,ERO Saint Paul
1191,2025SIR0010018,ERO Fort Snelling
1192,2025SIR0010159,ERO Chicago
1192,2025SIR0010159,ICE Health Service Corps (IHSC)
1192,2025SIR0010159,Boone County Jail (BCJ)
1193,2025SIR0010151,ERO Detroit
1193,2025SIR0010151,Calhoun County Jail (CCJ)
1194,2025SIR0010158,ERO Phoenix
1194,2025SIR0010158,ICE Health Service Corps (IHSC)
1194,2025SIR0010158,Eloy Detention Center (EDC)
1195,2025SIR0010103,ERO San Antonio
1195,2025SIR0010103,ICE Health Service Corps (IHSC)
1195,2025SIR0010103,South Texas ICE Processing Center (STIPC)
1196,2025SIR0010108,ERO San Antonio
1196,2025SIR0010108,ICE Health Service Corps (IHSC)
1196,2025SIR0010108,South Texas ICE Processing Center (STIPC)
1197,2025SIR0010090,ERO San Antonio
1197,2025SIR0010090,ICE Health Service Corps (IHSC)
1197,2025SIR0010090,South Texas ICE Processing Center (STIPC)
1198,2025SIR0010086,ERO Harlingen
1198,2025SIR0010086,ICE Health Service Corps (IHSC)
1198,2025SIR0010086,Port Isabel Detention Center (PIDC)
1199,2025SIR0010216,ERO Dallas
1199,2025SIR0010216,Cimarron Correctional Facility (CCF)
1200,2025SIR0010289,ERO Harlingen
1200,2025SIR0010289,ICE Health Service Corps (IHSC)
1200,2025SIR0010289,Port Isabel Detention Center (PIDC)
1201,2025SIR0010286,ERO Washington
1201,2025SIR0010286,Farmville Detention Center (FDC)
1202,2025SIR0010341,ERO Philadelphia
1202,2025SIR0010341,Moshannon Valley Processing Center (MVPC)
1203,2025SIR0010410,ERO Dallas
1203,2025SIR0010410,Bluebonnet Detention Center (BBDC)
1204,2025SIR0010572,ERO San Antonio
1204,2025SIR0010572,ICE Health Service Corps (IHSC)
1204,2025SIR0010572,South Texas ICE Processing Center (STIPC)
1205,2025SIR0010633,ERO Philadelphia
1205,2025SIR0010633,Moshannon Valley Processing Center (MVPC)
1206,2025SIR0010677,ERO San Antonio
1206,2025SIR0010677,ICE Health Service Corps (IHSC)
1206,2025SIR0010677,T. Don Hutto Detention Center (TDHDC)
1207,2025SIR0010628,ERO Washington D.C.
1207,2025SIR0010628,Farmville Detention Center (FDC)
1208,2025SIR0010744,ERO Dallas
1208,2025SIR0010744,Bluebonnet Detention Center (BBDC)
1209,2025SIR0010704,ERO Philadelphia
1209,2025SIR0010704,Moshannon Valley Processing Center (MVPC)
1210,2025SIR0010772,ERO Dallas
1210,2025SIR0010772,Bluebonnet Detention Center (BBDC)
1211,2025SIR0010771,ERO Detroit
1211,2025SIR0010771,Monroe County Jail (MCJ)
1212,2025SIR0010816,ERO Philadelphia
1212,2025SIR0010816,Moshannon Valley Processing Center (MVPC)
1213,2025SIR0010892,ERO Harlingen
1213,2025SIR0010892,Webb County Detention (WCDC)
1214,2025SIR0010902,ERO Philadelphia
1214,2025SIR0010902,Moshannon Valley Processing Center (MVPC)
1215,2025SIR0010912,ERO Dallas
1215,2025SIR0010912,Prairieland Detention Center (PDC)
1216,2025SIR0010925,ERO Miami
1216,2025SIR0010925,ICE Health Service Corps (IHSC)
1216,2025SIR0010925,Krome Service Processing Center (KSPC)
1217,2025SIR0010927,ERO San Diego
1217,2025SIR0010927,Otay Mesa Detention Center (OMDC)
1218,2025SIR0010913,ERO Washington D.C.
1218,2025SIR0010913,ERO Richmond
1218,2025SIR0010913,ERO San Antonio
1219,2025SIR0011021,ERO Harlingen
1219,2025SIR0011021,El Valle Detention Facility (EVDF)
1220,2025SIR0011020,ERO Harlingen
1220,2025SIR0011020,El Valle Detention Facility (EVDF)
1221,2025SIR0011083,ERO Atlanta
1221,2025SIR0011083,Folkston ICE Processing Center (FDRIPC)
1222,2025SIR0011136,ERO Dallas
1222,2025SIR0011136,Bluebonnet Detention Center (BBDC)
1223,2025SIR0011159,ERO El Paso
1223,2025SIR0011159,ICE Health Service Corps (IHSC)
1223,2025SIR0011159,El Paso Processing Center (EPC)
1224,2025SIR0011157,ERO Phoenix
1224,2025SIR0011157,ICE Health Service Corps (IHSC)
1224,2025SIR0011157,Eloy Detention Center (EDC)
1225,2025SIR0011093,ERO San Antonio
1225,2025SIR0011093,ICE Health Service Corps (IHSC)
1225,2025SIR0011093,T. Don Hutto Detention Center (TDHDC)
1226,2025SIR0011069,ERO Seattle
1226,2025SIR0011069,ICE Health Service Corps (IHSC)
1226,2025SIR0011069,Northwest ICE Processing Center (NWPIC)
1227,2025SIR0011146,ERO Washington
1227,2025SIR0011146,Farmville Detention Center (FDC)
1228,2025SIR0011043,ERO Atlanta
1228,2025SIR0011043,ERO Charleston (SC)
1228,2025SIR0011043,FBI
1229,2025SIR0011214,ERO Washington D.C.
1229,2025SIR0011214,ERO Richmond
1229,2025SIR0011214,Farmville Detention Center (FDC)
1230,2025SIR0011348,ERO Phoenix
1230,2025SIR0011348,Eloy Detention Center (EDC)
1230,2025SIR0011348,Eloy Police Department (EPD)
1231,2025SIR0011355,ERO Philadelphia
1231,2025SIR0011355,Moshannon Valley Processing Center (MVPC)
1232,2025SIR0011346,ERO Washington D.C.
1232,2025SIR0011346,ERO Richmond
1232,2025SIR0011346,ICE Health Service Corps (IHSC)
1232,2025SIR0011346,Farmville Detention Center (FDC)
1233,2025SIR0011404,ERO Dallas
1233,2025SIR0011404,ERO Lubbock
1233,2025SIR0011404,Bluebonnet Detention Center (BBDC)
1234,2025SIR0011384,ERO Harlingen
1234,2025SIR0011384,El Valle Detention Facility (EVDF)
1235,2025SIR0011393,ERO San Antonio
1235,2025SIR0011393,T. Don Hutto Detention Center (TDHDC)
1236,2025SIR0011478,ERO Harlingen
1236,2025SIR0011478,Port Isabel Detention Center (PIDC)
1237,2025SIR0011473,ERO Harlingen
1237,2025SIR0011473,Webb County Detention (WCDC)
1238,2025SIR0011480,ERO Phoenix
1238,2025SIR0011480,Central Arizona Florence Correctional Complex (CAFCC)
1238,2025SIR0011480,Florence Police Department (FPD)
1239,2025SIR0011476,ERO Philadelphia
1239,2025SIR0011476,Moshannon Valley Processing Center (MVPC)
1240,2025SIR0011494,ERO San Antonio
1240,2025SIR0011494,South Texas ICE Processing Center (STIPC)
1241,2025SIR0011539,ERO Harlingen
1241,2025SIR0011539,ICE Health Service Corps (IHSC)
1241,2025SIR0011539,El Valle Detention Facility (EVDF)
1242,2025SIR0011633,ERO Boston
1242,2025SIR0011633,Federal Correctional Institute Berlin (FCIB)
1243,2025SIR0011664,ERO San Antonio
1243,2025SIR0011664,South Texas ICE Processing Center (STIPC)
1244,2025SIR0011607,ERO Seattle
1244,2025SIR0011607,ICE Health Service Corps (IHSC)
1244,2025SIR0011607,Northwest ICE Processing Center (NWPIC)
1245,2025SIR0015733,ERO Houston
1245,2025SIR0015733,Joe Corley Processing Center (JCPC)
1246,2025SIR0015824,ERO Harlingen
1246,2025SIR0015824,Port Isabel Detention Center (PIDC)
1247,2025SIR0015739,ERO Houston
1247,2025SIR0015739,Joe Corley Processing Center (JCPC)
1248,2025SIR0015829,ERO Miami
1248,2025SIR0015829,Glades County Detention Center (GCDC)
1249,2025SIR0016042,ERO Los Angeles
1249,2025SIR0016042,Adelanto ICE Processing Center (APC)
1250,2025SIR0016043,ERO Los Angeles
1250,2025SIR0016043,Adelanto ICE Processing Center (APC)
1251,2025SIR0016056,ERO Philadelphia
1251,2025SIR0016056,Moshannon Valley Processing Center (MVPC)
1252,2025SIR0016095,ERO Houston
1252,2025SIR0016095,ICE Health Service Corps (IHSC)
1252,2025SIR0016095,Montgomery Processing Center (MPC)
1253,2025SIR0015678,ERO Miami
1253,2025SIR0015678,ICE Health Service Corps (IHSC)
1253,2025SIR0015678,Krome Service Processing Center (KSPC)
1254,2025SIR0016106,ERO Phoenix
1254,2025SIR0016106,ICE Health Service Corps (IHSC)
1254,2025SIR0016106,Eloy Detention Center (EDC)
1255,2025SIR0016168,ERO Detroit
1255,2025SIR0016168,North Lake Correctional Center (NLCC)
1256,2025SIR0016119,ERO Miami
1256,2025SIR0016119,Broward Transitional Center (BTC)
1257,2025SIR0016223,ERO Harlingen
1257,2025SIR0016223,Port Isabel Detention Center (PIDC)
1258,2025SIR0016266,ERO Harlingen
1258,2025SIR0016266,Port Isabel Detention Center (PIDC)
1259,2025SIR0016192,ERO Houston
1259,2025SIR0016192,IAH Secure Adult Detention Center (IAH)
1260,2025SIR0016232,ERO Philadelphia
1261,2025SIR0016392,ERO Harlingen
1261,2025SIR0016392,ICE Health Service Corps (IHSC)
1261,2025SIR0016392,Port Isabel Detention Center (PIDC)
1262,2025SIR0016463,ERO Harlingen
1262,2025SIR0016463,ICE Health Service Corps (IHSC)
1262,2025SIR0016463,Port Isabel Detention Center (PIDC)
1263,2025SIR0016458,ERO San Diego
1263,2025SIR0016458,Otay Mesa Detention Center (OMDC)
1264,2025SIR0016531,ERO Dallas
1264,2025SIR0016531,Prairieland Detention Center (PDC)
1265,2025SIR0016545,ERO New Orleans
1265,2025SIR0016545,Winn Correctional Center (WCC)
1266,2025SIR0016582,ERO Salt Lake
1266,2025SIR0016582,Nevada Southern Detention Center (NSDC)
1266,2025SIR0016582,Pahrump Valley Fire Department
1267,2025SIR0016600,ERO Chicago
1267,2025SIR0016600,ICE Health Service Corps (IHSC)
1267,2025SIR0016600,Finney County Jail (FCJ)
1268,2025SIR0016612,ERO El Paso
1268,2025SIR0016612,ERO Dallas
1268,2025SIR0016612,ICE Health Service Corps (IHSC)
1268,2025SIR0016612,Enhanced Soft Sided Facility (EHF)
1269,2025SIR0016617,ERO Houston
1269,2025SIR0016617,ICE Health Service Corps (IHSC)
1269,2025SIR0016617,Montgomery Processing Center (MPC)
1270,2025SIR0011670,ERO Los Angeles
1270,2025SIR0011670,Adelanto ICE Processing Center (APC)
1271,2025SIR0011663,ERO Miami
1271,2025SIR0011663,Krome Service Processing Center (KSPC)
1272,2025SIR0016597,ERO San Antonio
1272,2025SIR0016597,T. Don Hutto Detention Center (TDHDC)
1273,2025SIR0015873,ERO San Antonio
1273,2025SIR0015873,T. Don Hutto Detention Center (TDHDC)
1273,2025SIR0015873,ICE Health Service Corps (IHSC)
1274,2025SIR0016637,ERO San Antonio
1274,2025SIR0016637,ICE Health Service Corps (IHSC)
1274,2025SIR0016637,South Texas ICE Processing Center (STIPC)
1275,2025SIR0011696,ERO San Antonio
1275,2025SIR0011696,ICE Health Service Corps (IHSC)
1275,2025SIR0011696,T. Don Hutto Detention Center (TDHDC)
1276,2025SIR0016720,ERO Chicago
1276,2025SIR0016720,ICE Health Service Corps (IHSC)
1276,2025SIR0016720,Oldham County Detention Center (OCDC)
1277,2025SIR0016667,ERO Harlingen
1277,2025SIR0016667,ICE Health Service Corps (IHSC)
1277,2025SIR0016667,Port Isabel Detention Center (PIDC)
1278,2025SIR0011749,ERO San Antonio
1278,2025SIR0011749,South Texas ICE Processing Center (STIPC)
1279,2025SIR0016734/2025SIR0016772,ERO Harlingen
1279,2025SIR0016734/2025SIR0016772,ICE Health Service Corps (IHSC)
1279,2025SIR0016734/2025SIR0016772,Port Isabel Detention Center (PIDC)
1280,2025SIR0011785,ERO Miami
1280,2025SIR0011785,ICE Health Service Corps (IHSC)
1280,2025SIR0011785,Krome Service Processing Center (KSPC)
1281,2025SIR0016768,ERO Harlingen
1281,2025SIR0016768,Webb County Detention (WCDC)
1282,2025SIR0016792,ERO New Orleans
1282,2025SIR0016792,Pine Prairie ICE Processing Center (PPC)
1283,2025SIR0016767,ERO Philadelphia
1283,2025SIR0016767,Moshannon Valley Processing Center (MVPC)
1284,2025SIR0016793,ERO San Antonio
1284,2025SIR0016793,ICE Health Service Corps (IHSC)
1284,2025SIR0016793,South Texas ICE Processing Center (STIPC)
1285,2025SIR0011867,ERO Harlingen
1285,2025SIR0011867,Port Isabel Detention Center (PIDC)
1286,2025SIR0016817,ERO Atlanta
1286,2025SIR0016817,Folkston ICE Processing Center (FDRIPC)
1287,2025SIR0016824,ERO Harlingen
1287,2025SIR0016824,El Valle Detention Facility (EVDF)
1288,2025SIR0011913,ERO Dallas
1288,2025SIR0011913,Eden Detention Center (EDC)
1289,2025SIR0016818,ERO New Orleans
1289,2025SIR0016818,Central Louisiana ICE Correctional Center (CLIPC)
1290,2025SIR0016834,ERO New Orleans
1290,2025SIR0016834,Washington County Detention Center (WCDC)
1291,2025SIR0016858,ERO Los Angeles
1291,2025SIR0016858,ERO Adelanto
1291,2025SIR0016858,Adelanto ICE Processing Center (APC)
1292,2025SIR0012002,ERO Seattle
1292,2025SIR0012002,ICE Health Service Corps (IHSC)
1292,2025SIR0012002,Northwest ICE Processing Center (NWPIC)
1293,2025SIR0016846,ERO Phoenix
1293,2025SIR0016846,Central Arizona Florence Correctional Complex (CAFCC)
1294,2025SIR0011955,ERO Seattle
1294,2025SIR0011955,ICE Health Service Corps (IHSC)
1294,2025SIR0011955,Northwest ICE Processing Center (NWPIC)
1295,2025SIR0016898,ERO Dallas
1295,2025SIR0016898,Bluebonnet Detention Center (BBDC)
1296,2025SIR0012058,ERO Houston
1296,2025SIR0012058,ICE Health Service Corps (IHSC)
1296,2025SIR0012058,Northwest ICE Processing Center (NWPIC)
1297,2025SIRO012056,ERO Los Angeles
1297,2025SIRO012056,ICE Health Service Corps (IHSC)
1297,2025SIRO012056,Desert View Facility (DVF)
1298,2025SIR0016912,ERO El Paso
1298,2025SIR0016912,ICE Health Service Corps (IHSC)
1298,2025SIR0016912,El Paso Processing Center (EPC)
1299,2025SIR0016882,ERO Harlingen
1299,2025SIR0016882,Webb County Detention (WCDC)
1300,2025SIR0016915,ERO Los Angeles
1300,2025SIR0016915,Adelanto ICE Processing Center (APC)
1301,2025SIR0016875,ERO New Orleans
1301,2025SIR0016875,Pine Prairie ICE Processing Center (PPC)
1302,2026SIR0005991,ERO Harlingen
1302,2026SIR0005991,El Valle Detention Facility (EVDF)
1303,2026SIR0006055,ERO Phoenix
1303,2026SIR0006055,Eloy Detention Center (EDC)
1304,2026SIR0006101,ERO Harlingen
1304,2026SIR0006101,ERO Laredo
1304,2026SIR0006101,Laredo Processing Center (LPC)
1305,2026SIR0006164,ERO Los Angeles
1305,2026SIR0006164,Adelanto ICE Processing Center (APC)
1306,2026SIR0006286,ERO Houston
1306,2026SIR0006286,ICE Health Service Corps (IHSC)
1307,2026SIR0006533,ERO Philadelphia
1307,2026SIR0006533,Moshannon Valley Processing Center (MVPC)
1308,2026SIR0006634,ERO San Francisco
1308,2026SIR0006634,California City ICE Processing Center (CCIPC)
1309,2026SIR0006660,ERO Philadelphia
1309,2026SIR0006660,Moshannon Valley Processing Center (MVPC)
1310,2026SIR0006675,ERO Phoenix
1310,2026SIR0006675,Florence Detention Center (FDC)
1311,2026SIR0006665,ERO San Antonio
1311,2026SIR0006665,ICE Health Service Corps (IHSC)
1311,2026SIR0006665,South Texas ICE Processing Center (STIPC)
1312,2026SIR0006733,ERO Chicago
1312,2026SIR0006733,ICE Health Service Corps (IHSC)
1312,2026SIR0006733,Miami Correctional Center (MCC)
1313,2026SIR0006760,ERO Chicago
1313,2026SIR0006760,ICE Health Service Corps (IHSC)
1313,2026SIR0006760,Miami Correctional Center (MCC)
1314,2026SIR0006770,ERO San Antonio
1314,2026SIR0006770,ICE Health Service Corps (IHSC)
1314,2026SIR0006770,South Texas ICE Processing Center (STIPC)
1315,2026SIR0006789,ERO Phoenix
1315,2026SIR0006789,ICE Health Service Corps (IHSC)
1315,2026SIR0006789,Eloy Detention Center (EDC)
1316,2026SIR0006817,ERO Atlanta
1316,2026SIR0006817,Stewart Detention Center (SDC)
1317,2026SIR0006818,ERO Dallas
1317,2026SIR0006818,Prairieland Detention Center (PDC)
1318,2026SIR0006754,ERO Los Angeles
1318,2026SIR0006754,ERO Santa Ana
1318,2026SIR0006754,Santa Ana Detention Center (SADC)
1319,2026SIR0006840,ERO Phoenix
1319,2026SIR0006840,ICE Health Service Corps (IHSC)
1319,2026SIR0006840,Eloy Detention Center (EDC)
1320,2026SIR0006846,ERO El Paso
1320,2026SIR0006846,Otero County Processing Center (OCPC)
1321,2026SIR0006875,ERO New Orleans
1321,2026SIR0006875,Central Louisiana ICE Correctional Center (CLIPC)
1322,2026SIR0006918,ERO Chicago
1322,2026SIR0006918,ICE Health Service Corps (IHSC)
1322,2026SIR0006918,Boone County Jail (BCJ)
1323,2026SIR0006920,ERO Chicago
1323,2026SIR0006920,ICE Health Service Corps (IHSC)
1323,2026SIR0006920,Miami Correctional Center (MCC)
1324,2026SIR0006927,ERO Los Angeles
1324,2026SIR0006927,Adelanto ICE Processing Center (APC)
1325,2026SIR0006891,ERO New Orleans
1325,2026SIR0006891,ICE Health Service Corps (IHSC)
1325,2026SIR0006891,Central Louisiana ICE Correctional Center (CLIPC)
1326,2026SIR0007055,ERO Atlanta
1326,2026SIR0007055,Stewart Detention Center (SDC)
1327,2026SIR0007138,ERO Dallas
1327,2026SIR0007138,Prairieland Detention Center (PDC)
1328,2026SIR0007177,ERO Los Angeles
1328,2026SIR0007177,ERO Adelanto
1328,2026SIR0007177,Adelanto ICE Processing Center (APC)
1329,2026SIR0007313,ERO New York
1329,2026SIR0007313,ICE Health Service Corps (IHSC)
1329,2026SIR0007313,Orange County Jail (OCJ)
1330,2026SIR0007355,ERO Atlanta
1330,2026SIR0007355,Folkston ICE Processing Center (FDRIPC)
1331,2026SIR0007351,ERO Chicago
1331,2026SIR0007351,ICE Health Service Corps (IHSC)
1331,2026SIR0007351,Miami Correctional Center (MCC)
1332,2026SIR0006912,ERO EI Paso
1332,2026SIR0006912,El Paso Processing Center (EPC)
1333,2026SIR0007360,ERO Harlingen
1333,2026SIR0007360,ICE Health Service Corps (IHSC)
1333,2026SIR0007360,Port Isabel Detention Center (PIDC)
1334,2026SIR0007325,ERO Miami
1334,2026SIR0007325,ICE Health Service Corps (IHSC)
1334,2026SIR0007325,Krome Service Processing Center (KSPC)
1335,2026SIR0007366,ERO Phoenix
1335,2026SIR0007366,Florence Detention Center (FDC)
1336,2026SIR0007397,ERO Atlanta
1336,2026SIR0007397,Stewart Detention Center (SDC)
1337,2026SIR0007555,ERO New York
1337,2026SIR0007555,Metropolitan Detention Center (MDC)
1338,2026SIR0007619,ERO Harlingen
1338,2026SIR0007619,Port Isabel Detention Center (PIDC)
1339,2026SIR0007622,ERO Harlingen
1339,2026SIR0007622,Port Isabel Detention Center (PIDC)
1340,2026SIR0007667,ERO Harlingen
1340,2026SIR0007667,ICE Health Service Corps (IHSC)
1340,2026SIR0007667,Port Isabel Detention Center (PIDC)
1341,2026SIR0007670,ERO Chicago
1341,2026SIR0007670,Chase County Jail (CCJ)
1342,2026SIR0007710,ERO Harlingen
1342,2026SIR0007710,ICE Health Service Corps (IHSC)
1342,2026SIR0007710,Port Isabel Detention Center (PIDC)
1343,2026SIR0007737,ERO Los Angeles
1343,2026SIR0007737,Adelanto ICE Processing Center (APC)
1344,2026SIR0007693,ERO Phoenix
1344,2026SIR0007693,Eloy Detention Center (EDC)
1345,2026SIR0007712,ERO Washington D.C.
1345,2026SIR0007712,Farmville Detention Center (FDC)
1346,2026SIR0007668,ERO Miami
1346,2026SIR0007668,Krome Service Processing Center (KSPC)
1347,2026SIR0007838,ERO San Antonio
1347,2026SIR0007838,South Texas ICE Processing Center (STIPC)
1348,2026SIR0007795,ERO Seattle
1348,2026SIR0007795,Northwest ICE Processing Center (NWPIC)
1349,2026SIR0007896,ERO Philadelphia
1349,2026SIR0007896,Moshannon Valley Processing Center (MVPC)
1350,2026SIR0007923,ERO San Antonio
1350,2026SIR0007923,South Texas ICE Processing Center (STIPC)
1351,2026SIR0007976,ERO San Antonio
1351,2026SIR0007976,South Texas ICE Processing Center (STIPC)
1352,2026SIR0007985,ERO Seattle
1352,2026SIR0007985,Northwest ICE Processing Center (NWPIC)
1353,2026SIR0008120,ERO EI Paso
1353,2026SIR0008120,El Paso Processing Center (EPC)
1354,2026SIR0008217,ERO Atlanta
1354,2026SIR0008217,Folkston ICE Processing Center (FDRIPC)
1355,2026SIR0008226,ERO Harlingen
1355,2026SIR0008226,Port Isabel Detention Center (PIDC)
1356,2026SIR0008222,ERO Phoenix
1356,2026SIR0008222,Central Arizona Florence Correctional Complex (CAFCC)
1357,2026SIR0008234,ERO Phoenix
1357,2026SIR0008234,Central Arizona Florence Correctional Complex (CAFCC)
1358,2026SIR0008257,ERO Salt Lake
1358,2026SIR0008257,Nevada Southern Detention Center (NSDC)
1359,2026SIR0008178,ERO Seattle
1359,2026SIR0008178,Northwest ICE Processing Center (NWPIC)
1360,2026SIR0008317,ERO El Paso
1360,2026SIR0008317,El Paso Processing Center (EPC)
1361,2026SIR0008262,ERO Los Angeles
1361,2026SIR0008262,Adelanto ICE Processing Center (APC)
1362,2026SIR0008243,ERO Miami
1362,2026SIR0008243,ICE Health Service Corps (IHSC)
1362,2026SIR0008243,Krome Service Processing Center (KSPC)
1363,2026SIR0008319,ERO Newark
1363,2026SIR0008319,Elizabeth Contract Detention Center (ECDF)
1364,2026SIR0008316,ERO San Diego
1364,2026SIR0008316,Otay Mesa Detention Center (OMDC)
1365,2026SIR0008369,ERO Phoenix
1365,2026SIR0008369,Central Arizona Florence Correctional Complex (CAFCC)
1366,2026SIR0008423,ERO Harlingen
1366,2026SIR0008423,ICE Health Service Corps (IHSC)
1366,2026SIR0008423,Port Isabel Detention Center (PIDC)
1367,2026SIR0008406,ERO New Orleans
1367,2026SIR0008406,Jackson Parish Correctional Center (JPCC)
1368,2026SIR0008409,ERO Phoenix
1368,2026SIR0008409,Central Arizona Florence Correctional Complex (CAFCC)
1369,2026SIR0008425,ERO Phoenix
1369,2026SIR0008425,Central Arizona Florence Correctional Complex (CAFCC)
1370,2026SIR0008441,ERO Chicago
1370,2026SIR0008441,Miami Correctional Center (MCC)
1371,2026SIR0008510,ERO Atlanta
1371,2026SIR0008510,Folkston ICE Processing Center (FDRIPC)
1372,2026SIR0008468,ERO Philadelphia
1372,2026SIR0008468,Moshannon Valley Processing Center (MVPC)
1373,2026SIR0008495,ERO San Francisco
1373,2026SIR0008495,Golden State Annex (GSA)
1374,2026SIR0008550,ERO Harlingen
1374,2026SIR0008550,Port Isabel Detention Center (PIDC)
1375,2026SIR0008471,ERO New Orleans
1375,2026SIR0008471,River Correctional Center (RCC)
1376,2026SIR0008557,ERO New Orleans
1376,2026SIR0008557,South Louisiana ICE Processing Center (SLIPC)
1377,2026SIR0008555,ERO Phoenix
1377,2026SIR0008555,Florence Detention Center (FDC)
1378,2026SIR0008595,ERO San Antonio
1378,2026SIR0008595,South Texas ICE Processing Center (STIPC)
1379,2026SIR0008581,ERO Atlanta
1379,2026SIR0008581,Folkston ICE Processing Center (FDRIPC)
1380,2026SIR0008605,ERO Chicago
1380,2026SIR0008605,ICE Health Service Corps (IHSC)
1380,2026SIR0008605,Miami Correctional Center (MCC)
1381,2026SIR0008604,ERO Chicago
1381,2026SIR0008604,ICE Health Service Corps (IHSC)
1381,2026SIR0008604,Miami Correctional Center (MCC)
1382,2026SIR0008621,ERO Miami
1382,2026SIR0008621,Krome Service Processing Center (KSPC)
1383,2026SIR0008559,ERO Seattle
1383,2026SIR0008559,Northwest ICE Processing Center (NWPIC)
1384,2026SIR0008714,ERO Phoenix
1384,2026SIR0008714,Florence Detention Center (FDC)
1384,2026SIR0008714,Arizona Removal Operations Coordination Center (AROCC)
1384,2026SIR0008714,Mesa Fire Department (MFD)
1385,2026SIR0008802,ERO Miami
1385,2026SIR0008802,Broward Transitional Center (BTC)
1385,2026SIR0008802,Krome Service Processing Center (KSPC)
1386,2026SIR0004254,ERO Atlanta
1386,2026SIR0004254,Folkston ICE Processing Center (FDRIPC)
1387,2026SIR0004312,ERO Harlingen
1387,2026SIR0004312,ICE Health Service Corps (IHSC)
1387,2026SIR0004312,Port Isabel Detention Center (PIDC)
1388,2026SIR0004364,ERO Harlingen
1388,2026SIR0004364,El Valle Detention Facility (EVDF)
1389,2026SIR0004372,ERO Atlanta
1389,2026SIR0004372,Stewart Detention Center (SDC)
1390,2026SIR0004386,ERO Atlanta
1390,2026SIR0004386,Folkston ICE Processing Center (FDRIPC)
1391,2026SIR0004397,ERO Atlanta
1391,2026SIR0004397,Folkston ICE Processing Center (FDRIPC)
1392,2026SIR0004385,ERO Dallas
1392,2026SIR0004385,Prairieland Detention Center (PDC)
1393,2026SIR0004373,ERO Harlingen
1393,2026SIR0004373,ICE Health Service Corps (IHSC)
1393,2026SIR0004373,Port Isabel Detention Center (PIDC)
1394,2026SIR0004412,ERO Harlingen
1394,2026SIR0004412,El Valle Detention Facility (EVDF)
1395,2026SIR0004089,ERO Seattle
1395,2026SIR0004089,ICE Health Service Corps (IHSC)
1395,2026SIR0004089,Northwest ICE Processing Center (NWPIC)
1396,2026SIR0004485,ERO Los Angeles
1396,2026SIR0004485,Adelanto ICE Processing Center (APC)
1397,2026SIR0004459,ERO Los Angeles
1397,2026SIR0004459,ICE Health Service Corps (IHSC)
1397,2026SIR0004459,Adelanto ICE Processing Center (APC)
1398,2026SIR0004458,ERO Boston
1398,2026SIR0004458,Strafford County Department of Corrections (SCDOC)
1399,2026SIR0004567,ERO Chicago
1399,2026SIR0004567,ICE Health Service Corps (IHSC)
1399,2026SIR0004567,Miami Correctional Center (MCC)
1400,2026SIR0004489,ERO Miami
1400,2026SIR0004489,ICE Health Service Corps (IHSC)
1400,2026SIR0004489,Krome Service Processing Center (KSPC)
1401,2026SIR0004576,ERO Philadelphia
1401,2026SIR0004576,Pike County Correctional Facility (PCCF)
1402,2026SIR0004593,ERO San Francisco
1402,2026SIR0004593,ICE Health Service Corps (IHSC)
1402,2026SIR0004593,ICE Office of the Principal Legal Advisor (OPLA)
1402,2026SIR0004593,California City ICE Processing Center (CCIPC)
1403,2026SIR0004607,ERO Atlanta
1403,2026SIR0004607,Folkston ICE Processing Center (FDRIPC)
1404,2026SIR0004650,ERO Philadelphia
1404,2026SIR0004650,Moshannon Valley Processing Center (MVPC)
1405,2026SIR0004807,ERO Harlingen
1405,2026SIR0004807,El Valle Detention Facility (EVDF)
1406,2026SIR0004836,ERO Philadelphia
1406,2026SIR0004836,Moshannon Valley Processing Center (MVPC)
1407,2026SIR0004984,ERO Atlanta
1407,2026SIR0004984,Stewart Detention Center (SDC)
1408,2026SIR0004947,ERO Atlanta
1408,2026SIR0004947,Folkston ICE Processing Center (FDRIPC)
1409,2026SIR0004972,ERO Washington D.C.
1409,2026SIR0004972,Farmville Detention Center (FDC)
1410,2026SIR0005059,ERO Harlingen
1410,2026SIR0005059,ICE Health Service Corps (IHSC)
1410,2026SIR0005059,Port Isabel Detention Center (PIDC)
1411,2026SIR0005080,ERO Miami
1411,2026SIR0005080,ICE Health Service Corps (IHSC)
1411,2026SIR0005080,Krome Service Processing Center (KSPC)
1412,2026SIR0005082,ERO Miami
1412,2026SIR0005082,ICE Health Service Corps (IHSC)
1412,2026SIR0005082,Krome Service Processing Center (KSPC)
1413,2026SIR0005090,ERO Chicago
1413,2026SIR0005090,Miami Correctional Center (MCC)
1414,2026SIR0005103,ERO Detroit
1414,2026SIR0005103,Calhoun County Jail (CCJ)
1415,2026SIR0005091,ERO Miami
1415,2026SIR0005091,ICE Health Service Corps (IHSC)
1415,2026SIR0005091,Krome Service Processing Center (KSPC)
1416,2026SIR0005092,ERO Miami
1416,2026SIR0005092,ICE Health Service Corps (IHSC)
1416,2026SIR0005092,Krome Service Processing Center (KSPC)
1417,2026SIR0005151,ERO Chicago
1417,2026SIR0005151,Miami Correctional Center (MCC)
1418,2025SIR0005170,ERO Dallas
1418,2025SIR0005170,Bluebonnet Detention Center (BBDC)
1419,2026SIR0005138,ERO Philadelphia
1419,2026SIR0005138,Moshannon Valley Processing Center (MVPC)
1420,2026SIR0005191,ERO Atlanta
1420,2026SIR0005191,Stewart Detention Center (SDC)
1421,2026SIR0005208,ERO Philadelphia
1421,2026SIR0005208,Moshannon Valley Processing Center (MVPC)
1422,2026SIR0005229,ERO Phoenix
1422,2026SIR0005229,Florence Detention Center (FDC)
1423,2026SIR0005250,ERO Philadelphia
1423,2026SIR0005250,Moshannon Valley Processing Center (MVPC)
1424,2026SIR0005254,ERO Washington D.C.
1424,2026SIR0005254,Farmville Detention Center (FDC)
1425,2026SIR0005290,ERO San Antonio
1425,2026SIR0005290,ICE Health Service Corps (IHSC)
1425,2026SIR0005290,South Texas ICE Processing Center (STIPC)
1426,2026SIR0005315,ERO Philadelphia
1426,2026SIR0005315,Moshannon Valley Processing Center (MVPC)
1427,2026SIR0005314,ERO Philadelphia
1427,2026SIR0005314,Moshannon Valley Processing Center (MVPC)
1428,2026SIR0005348,ERO Dallas
1428,2026SIR0005348,Cimarron Correctional Facility (CCF)
1429,2026SIR0005369,ERO Atlanta
1429,2026SIR0005369,Folkston ICE Processing Center (FDRIPC)
1430,2026SIR0005421,ERO Atlanta
1430,2026SIR0005421,Folkston ICE Processing Center (FDRIPC)
1431,2026SIR0005418,ERO Saint Paul
1431,2026SIR0005418,Nebraska Department of Corrections McCook Work Ethic Camp (WEC)
1432,2026SIR0005501,ERO Harlingen
1432,2026SIR0005501,ICE Health Service Corps (IHSC)
1432,2026SIR0005501,Port Isabel Detention Center (PIDC)
1433,2026SIR0005506,ERO San Francisco
1433,2026SIR0005506,California City ICE Processing Center (CCIPC)
1434,2026SIR0005467,ERO Dallas
1434,2026SIR0005467,Bluebonnet Detention Center (BBDC)
1435,2026SIR0005544,ERO Atlanta
1435,2026SIR0005544,Stewart Detention Center (SDC)
1436,2026SIR0005559,ERO Chicago
1436,2026SIR0005559,Miami Correctional Center (MCC)
1437,2026SIR0005557,ERO Harlingen
1437,2026SIR0005557,ICE Health Service Corps (IHSC)
1437,2026SIR0005557,Port Isabel Detention Center (PIDC)
1438,2026SIR0005529,ERO New Orleans
1438,2026SIR0005529,Western Tennessee Detention Facility (WTDF)
1439,2026SIR0005552,ERO Philadelphia
1439,2026SIR0005552,Moshannon Valley Processing Center (MVPC)
1440,2026SIR0005565,ERO Harlingen
1440,2026SIR0005565,Port Isabel Detention Center (PIDC)
1441,2026SIR0005591,ERO Philadelphia
1441,2026SIR0005591,Moshannon Valley Processing Center (MVPC)
1442,2026SIR0005585,ERO San Antonio
1442,2026SIR0005585,ICE Health Service Corps (IHSC)
1442,2026SIR0005585,South Texas ICE Processing Center (STIPC)
1443,2026SIR0005619,ERO Harlingen
1443,2026SIR0005619,Port Isabel Detention Center (PIDC)
1444,2026SIR0005620,ERO Harlingen
1444,2026SIR0005620,Port Isabel Detention Center (PIDC)
1445,2026SIR0005621,ERO Harlingen
1445,2026SIR0005621,Port Isabel Detention Center (PIDC)
1446,2026SIR0005610,ERO Philadelphia
1446,2026SIR0005610,Federal Detention Center (FDC)
1447,2026SIR0005653,ERO Chicago
1447,2026SIR0005653,Miami Correctional Center (MCC)
1448,2026SIR0005607,ERO Chicago
1448,2026SIR0005607,Miami Correctional Center (MCC)
1449,2026SIR0005642,ERO Houston
1449,2026SIR0005642,Montgomery Processing Center (MPC)
1450,2026SIR0005658,ERO Los Angeles
1450,2026SIR0005658,Adelanto ICE Processing Center (APC)
1451,2026SIR0005639,ERO New Orleans
1451,2026SIR0005639,Central Louisiana ICE Correctional Center (CLIPC)
1452,2026SIR0005751,ERO Washington D.C.
1452,2026SIR0005751,Farmville Detention Center (FDC)
1453,2026SIR0005792,ERO Harlingen
1453,2026SIR0005792,El Valle Detention Facility (EVDF)
1454,2026SIR0005795,ERO Miami
1454,2026SIR0005795,ICE Health Service Corps (IHSC)
1454,2026SIR0005795,Glades County Detention Center (GCDC)
1455,2026SIR0005841,ERO Phoenix
1455,2026SIR0005841,ICE Health Service Corps (IHSC)
1455,2026SIR0005841,Eloy Detention Center (EDC)
1456,2026SIR0005914,ERO Los Angeles
1456,2026SIR0005914,Adelanto ICE Processing Center (APC)
1457,2026SIR0005863,ERO San Antonio
1457,2026SIR0005863,T. Don Hutto Detention Center (TDHDC)
1458,2026SIR0005887,ERO San Antonio
1458,2026SIR0005887,South Texas ICE Processing Center (STIPC)
1459,2026SIR0005967,ERO San Antonio
1459,2026SIR0005967,South Texas ICE Processing Center (STIPC)
1460,2026SIR0005930,ERO San Antonio
1460,2026SIR0005930,ICE Health Service Corps (IHSC)
1460,2026SIR0005930,T. Don Hutto Detention Center (TDHDC)
